PitchNo,Date,Time,PAofInning,PitchofPA,Pitcher,PitcherId,PitcherThrows,PitcherTeam,Batter,BatterId,BatterSide,BatterTeam,PitcherSet,Inning,Top/Bottom,Outs,Balls,Strikes,TaggedPitchType,AutoPitchType,PitchCall,KorBB,TaggedHitType,PlayResult,OutsOnPlay,RunsScored,Notes,RelSpeed,VertRelAngle,HorzRelAngle,SpinRate,SpinAxis,Tilt,RelHeight,RelSide,Extension,VertBreak,InducedVertBreak,HorzBreak,PlateLocHeight,PlateLocSide,ZoneSpeed,VertApprAngle,HorzApprAngle,ZoneTime,ExitSpeed,Angle,Direction,HitSpinRate,PositionAt110X,PositionAt110Y,PositionAt110Z,Distance,LastTrackedDistance,Bearing,HangTime,pfxx,pfxz,x0,y0,z0,vx0,vy0,vz0,ax0,ay0,az0,HomeTeam,AwayTeam,Stadium,Level,League,GameID,PitchUID,EffectiveVelo,MaxHeight,MeasuredDuration,SpeedDrop,PitchLastMeasuredX,PitchLastMeasuredY,PitchLastMeasuredZ,ContactPositionX,ContactPositionY,ContactPositionZ,GameUID,UTCDate,UTCTime,LocalDateTime,UTCDateTime,AutoHitType,System,HomeTeamForeignID,AwayTeamForeignID,GameForeignID,Catcher,CatcherId,CatcherThrows,CatcherTeam,PlayID,PitchTrajectoryXc0,PitchTrajectoryXc1,PitchTrajectoryXc2,PitchTrajectoryYc0,PitchTrajectoryYc1,PitchTrajectoryYc2,PitchTrajectoryZc0,PitchTrajectoryZc1,PitchTrajectoryZc2,HitSpinAxis,HitTrajectoryXc0,HitTrajectoryXc1,HitTrajectoryXc2,HitTrajectoryXc3,HitTrajectoryXc4,HitTrajectoryXc5,HitTrajectoryXc6,HitTrajectoryXc7,HitTrajectoryXc8,HitTrajectoryYc0,HitTrajectoryYc1,HitTrajectoryYc2,HitTrajectoryYc3,HitTrajectoryYc4,HitTrajectoryYc5,HitTrajectoryYc6,HitTrajectoryYc7,HitTrajectoryYc8,HitTrajectoryZc0,HitTrajectoryZc1,HitTrajectoryZc2,HitTrajectoryZc3,HitTrajectoryZc4,HitTrajectoryZc5,HitTrajectoryZc6,HitTrajectoryZc7,HitTrajectoryZc8,ThrowSpeed,PopTime,ExchangeTime,TimeToBase,CatchPositionX,CatchPositionY,CatchPositionZ,ThrowPositionX,ThrowPositionY,ThrowPositionZ,BasePositionX,BasePositionY,BasePositionZ,ThrowTrajectoryXc0,ThrowTrajectoryXc1,ThrowTrajectoryXc2,ThrowTrajectoryYc0,ThrowTrajectoryYc1,ThrowTrajectoryYc2,ThrowTrajectoryZc0,ThrowTrajectoryZc1,ThrowTrajectoryZc2,PitchReleaseConfidence,PitchLocationConfidence,PitchMovementConfidence,HitLaunchConfidence,HitLandingConfidence,CatcherThrowCatchConfidence,CatcherThrowReleaseConfidence,CatcherThrowLocationConfidence
1,2026-05-16,12:00:04.97,1,1,"Lebel, Colin",10121637,Right,GEO_COL,"MacDougall, Danny",1000119540,Right,DAY_FLY,Undefined,1,Top,0,0,0,Fastball,Four-Seam,BallCalled,Undefined,Undefined,Undefined,0,0,,87.06319,-0.438619,-2.019962,1995.096563,188.481052,12:15,6.03467,2.15368,5.36287,-23.32722,14.55965,1.97945,3.67918,0.42372,78.99669,-4.793406,-1.668486,0.443012,,,,,,,,,,,,-1.58673,7.80855,-1.9737,50,5.97909,4.36125,-126.18141,-1.7548,-2.54108,27.2823,-19.66919,GEO_COL,DAY_FLY,TuckerFieldatBarcroftPark,D1,A10,20260516-TuckerFieldatBarcroftPark-1,4df20720-5140-11f1-bfad-198183369b75,85.08214,,,8.0665,,,,,,,c0dadee9-703e-4f0a-a29d-6ad25cc75f47,2026-05-16,16:00:04.97,2026-05-16T12:00:04.9794560-04:00,2026-05-16T16:00:04.9794560Z,,v3,471301,471281,d133f518dc004df295395547d13e9707,"Lavey, Robbie",835215,Right,GEO_COL,32e639de-fbd2-4acd-86dd-53b9bacbab95,55.13195,-127.28618,13.64115,6.03403,-0.95832,-9.83459,-2.15239,4.46415,-1.27054,,,,,,,,,,,,,,,,,,,,,,,,,,,,,,,,,,,,,,,,,,,,,,,,,,,High,High,High,,,,,
2,2026-05-16,12:00:18.75,1,2,"Lebel, Colin",10121637,Right,GEO_COL,"MacDougall, Danny",1000119540,Right,DAY_FLY,Undefined,1,Top,0,1,0,Slider,Slider,FoulBallNotFieldable,Undefined,Undefined,Undefined,0,0,,81.10267,-0.203008,-2.048482,2553.955738,131.076843,10:15,5.79039,2.44485,4.91366,-35.19266,9.73524,-9.25634,2.66559,-0.26427,73.06498,-6.656183,-3.678149,0.482425,,,,,,,,,,,,3.91181,5.32866,-2.23654,50,5.74183,4.59388,-117.34185,-1.66252,5.34721,26.261,-24.89007,GEO_COL,DAY_FLY,TuckerFieldatBarcroftPark,D1,A10,20260516-TuckerFieldatBarcroftPark-1,56210f40-5140-11f1-bfad-198183369b75,78.13126,,,8.03768,,,,,,,c0dadee9-703e-4f0a-a29d-6ad25cc75f47,2026-05-16,16:00:18.75,2026-05-16T12:00:18.7557376-04:00,2026-05-16T16:00:18.7557376Z,,v3,471301,471281,d133f518dc004df295395547d13e9707,"Lavey, Robbie",835215,Right,GEO_COL,dd3b5e42-c38c-4cf5-8e24-62191d84cc0e,55.58251,-118.58463,13.1305,5.79263,-0.48462,-12.44504,-2.44796,4.34083,2.67361,,,,,,,,,,,,,,,,,,,,,,,,,,,,,,,,,,,,,,,,,,,,,,,,,,,High,High,High,,,,,
3,2026-05-16,12:00:35.75,1,3,"Lebel, Colin",10121637,Right,GEO_COL,"MacDougall, Danny",1000119540,Right,DAY_FLY,Undefined,1,Top,0,1,1,Fastball,Four-Seam,InPlay,Undefined,FlyBall,Out,1,0,,88.75522,-1.644561,-1.940169,2003.088098,199.651912,12:45,6.05901,1.8551,5.48905,-20.33332,15.72147,5.20079,2.82476,0.47277,81.1206,-5.446609,-1.014141,0.432168,98.77662,22.126668,-27.144396,1247.442519,95.13598,38.76048,-55.21818,314.80733,301.87995,-34.742341,3.697325,-3.18555,8.75107,-1.68885,50,5.9014,4.13629,-128.75996,-4.37574,-5.34411,26.91233,-17.49313,GEO_COL,DAY_FLY,TuckerFieldatBarcroftPark,D1,A10,20260516-TuckerFieldatBarcroftPark-1,60416010-5140-11f1-bfad-198183369b75,87.21703,47.08013,,7.63461,,,,1.52792,2.8928,-0.5079,c0dadee9-703e-4f0a-a29d-6ad25cc75f47,2026-05-16,16:00:35.75,2026-05-16T12:00:35.7512192-04:00,2026-05-16T16:00:35.7512192Z,LineDrive,v3,471301,471281,d133f518dc004df295395547d13e9707,"Lavey, Robbie",835215,Right,GEO_COL,22420a29-83af-4755-b4ab-4cd38785fa36,55.0095,-129.80278,13.45617,6.05782,-3.69791,-8.74657,-1.85314,4.34337,-2.67205,131.809643,1.52762,119.43078,-26.82374,7.1482,-1.80218,0.4252,-0.08767,0.01172,-0.00065,2.89323,54.55387,-18.35489,0.72609,0.3027,-0.18809,0.05757,-0.00865,0.00051,-0.50758,-61.23841,2.73095,1.11339,-0.48623,0.08946,-0.00301,-0.00167,0.00018,,,,,,,,,,,,,,,,,,,,,,,High,High,High,High,Medium,,,
4,2026-05-16,12:01:10.93,2,1,"Lebel, Colin",10121637,Right,GEO_COL,"Smith, Michael",822066,Right,DAY_FLY,Undefined,1,Top,1,0,0,Slider,Slider,StrikeCalled,Undefined,Undefined,Undefined,0,0,,80.13681,0.641168,-0.870396,2397.460917,116.731537,10:00,5.82855,2.34008,4.98327,-36.92411,8.57083,-13.8993,3.35711,0.3598,72.67518,-6.121515,-3.322748,0.48546,,,,,,,,,,,,6.56193,4.52382,-2.24443,50,5.86086,2.36383,-116.10013,-0.00489,8.86011,23.91932,-26.06587,GEO_COL,DAY_FLY,TuckerFieldatBarcroftPark,D1,A10,20260516-TuckerFieldatBarcroftPark-1,75410bf0-5140-11f1-bfad-198183369b75,77.6428,,,7.46163,,,,,,,c0dadee9-703e-4f0a-a29d-6ad25cc75f47,2026-05-16,16:01:10.93,2026-05-16T12:01:10.9365248-04:00,2026-05-16T16:01:10.9365248Z,,v3,471301,471281,d133f518dc004df295395547d13e9707,"Lavey, Robbie",835215,Right,GEO_COL,4f292abb-51c4-4a9e-977a-214d2778c906,55.5121,-117.23024,11.95966,5.832,1.22665,-13.03293,-2.34623,1.94522,4.43006,,,,,,,,,,,,,,,,,,,,,,,,,,,,,,,,,,,,,,,,,,,,,,,,,,,High,High,High,,,,,
5,2026-05-16,12:01:26.15,2,2,"Lebel, Colin",10121637,Right,GEO_COL,"Smith, Michael",822066,Right,DAY_FLY,Undefined,1,Top,1,0,1,Slider,Slider,FoulBallNotFieldable,Undefined,Undefined,Undefined,0,0,,80.10726,0.591388,-1.386336,2563.670148,119.056996,10:00,5.84275,2.07706,5.03672,-37.56589,6.9987,-10.32012,3.27036,-0.09107,74.07643,-6.233361,-3.208464,0.48047,91.28451,58.698205,41.640746,4508.965016,,,,,73.82878,,,4.80764,3.69134,-1.93593,50,5.86908,3.23853,-116.34088,-0.12805,6.64868,19.98349,-27.06913,GEO_COL,DAY_FLY,TuckerFieldatBarcroftPark,D1,A10,20260516-TuckerFieldatBarcroftPark-1,7e585130-5140-11f1-bfad-198183369b75,78.44912,118.09981,,6.03083,,,,0.73135,3.64644,0.13915,c0dadee9-703e-4f0a-a29d-6ad25cc75f47,2026-05-16,16:01:26.15,2026-05-16T12:01:26.1583872-04:00,2026-05-16T16:01:26.1583872Z,,v3,471301,471281,d133f518dc004df295395547d13e9707,"Lavey, Robbie",835215,Right,GEO_COL,ab1ea550-75ed-4956-a6c0-65af423416f8,55.46328,-117.27554,9.99174,5.84546,1.13801,-13.53457,-2.08012,2.92756,3.32434,201.726615,0.73135,51.98302,-22.86586,7.66378,-2.09806,0.53277,-0.12392,0.02216,-0.00214,3.64644,114.39596,-28.4445,2.89933,-0.26363,-0.03991,0.02596,-0.0067,0.00079,0.13915,46.21886,-5.20227,0.5729,0.05332,-0.05298,0.01887,-0.0042,0.00045,,,,,,,,,,,,,,,,,,,,,,,High,High,High,Medium,Undefined,,,
6,2026-05-16,12:01:51.99,2,3,"Lebel, Colin",10121637,Right,GEO_COL,"Smith, Michael",822066,Right,DAY_FLY,Undefined,1,Top,1,0,2,Fastball,Four-Seam,InPlay,Undefined,GroundBall,Out,1,0,,89.9322,-1.582222,-2.523343,2025.54732,185.839095,12:15,6.08837,1.68331,5.24685,-21.92922,13.34422,1.25547,2.77225,-0.58487,82.67514,-5.630281,-2.300987,0.42746,91.87886,10.795868,-8.838565,1468.113198,,,,133.99802,133.99802,-11.173634,1.169918,-1.29583,7.42115,-1.45252,50,5.92694,5.69246,-130.45155,-4.40152,-2.24487,26.07293,-19.31769,GEO_COL,DAY_FLY,TuckerFieldatBarcroftPark,D1,A10,20260516-TuckerFieldatBarcroftPark-1,8daa6fb0-5140-11f1-bfad-198183369b75,88.17772,9.00645,,7.25706,,,,1.40518,2.76176,0.60483,c0dadee9-703e-4f0a-a29d-6ad25cc75f47,2026-05-16,16:01:51.99,2026-05-16T12:01:51.9955968-04:00,2026-05-16T16:01:51.9955968Z,LineDrive,v3,471301,471281,d133f518dc004df295395547d13e9707,"Lavey, Robbie",835215,Right,GEO_COL,7f8a7d18-fd25-4627-93f7-e5db5c652144,55.25229,-131.49712,13.03646,6.08791,-3.62685,-9.65884,-1.6826,5.78249,-1.12243,41.181893,1.40518,130.79849,-19.33093,2.69594,-0.52344,0.08321,-0.01456,0.00232,-0.00018,2.76176,25.24111,-27.30824,4.02768,-0.93752,0.22506,-0.04901,0.00938,-0.00104,0.60483,-20.33884,-3.58792,1.77356,-0.49926,0.13445,-0.03182,0.00634,-0.00071,,,,,,,,,,,,,,,,,,,,,,,High,High,High,High,High,,,
7,2026-05-16,12:02:29.28,3,1,"Lebel, Colin",10121637,Right,GEO_COL,"Wouters, Dyrenson",821727,Right,DAY_FLY,Undefined,1,Top,2,0,0,Fastball,Sinker,StrikeCalled,Undefined,Undefined,Undefined,0,0,,88.30529,-1.589222,-2.963685,2156.085389,223.524432,1:30,5.57228,2.43874,5.33008,-22.33237,14.84686,12.81233,2.21773,0.72319,79.63413,-5.769132,-0.690848,0.438856,,,,,,,,,,,,-7.28453,8.31985,-2.18004,50,5.41291,6.01928,-127.75804,-4.30716,-11.88223,29.53441,-18.60301,GEO_COL,DAY_FLY,TuckerFieldatBarcroftPark,D1,A10,20260516-TuckerFieldatBarcroftPark-1,a3f18fb0-5140-11f1-bfad-198183369b75,85.88802,,,8.67116,,,,,,,c0dadee9-703e-4f0a-a29d-6ad25cc75f47,2026-05-16,16:02:29.28,2026-05-16T12:02:29.2896768-04:00,2026-05-16T16:02:29.2896768Z,,v3,471301,471281,d133f518dc004df295395547d13e9707,"Lavey, Robbie",835215,Right,GEO_COL,f445a9a6-f06a-4ac8-ba08-8bc4f40c4498,55.16399,-128.94629,14.76721,5.57115,-3.55871,-9.30151,-2.43183,6.49734,-5.94111,,,,,,,,,,,,,,,,,,,,,,,,,,,,,,,,,,,,,,,,,,,,,,,,,,,High,High,High,,,,,
8,2026-05-16,12:02:43.27,3,2,"Lebel, Colin",10121637,Right,GEO_COL,"Wouters, Dyrenson",821727,Right,DAY_FLY,Undefined,1,Top,2,0,1,Slider,Slider,FoulBallNotFieldable,Undefined,Undefined,Undefined,0,0,,80.67278,-1.149344,-1.32306,2482.777108,115.707951,9:45,5.94901,2.04501,4.88763,-37.2551,7.54426,-12.62324,1.75671,-0.25876,73.88213,-7.905076,-3.547984,0.481734,91.82684,0.96554,-57.514391,4645.722791,,,,55.80784,55.80784,-55.85367,0.431303,5.91949,4.45059,-1.90382,50,5.80506,3.22809,-116.95558,-3.68701,8.15371,23.19777,-26.04364,GEO_COL,DAY_FLY,TuckerFieldatBarcroftPark,D1,A10,20260516-TuckerFieldatBarcroftPark-1,ac4e3780-5140-11f1-bfad-198183369b75,78.24329,2.53085,,6.79064,,,,3.336,2.46507,-0.08404,c0dadee9-703e-4f0a-a29d-6ad25cc75f47,2026-05-16,16:02:43.27,2026-05-16T12:02:43.2759808-04:00,2026-05-16T16:02:43.2759808Z,GroundBall,v3,471301,471281,d133f518dc004df295395547d13e9707,"Lavey, Robbie",835215,Right,GEO_COL,066958ab-1d78-4f0e-bac2-0f0863194576,55.61176,-118.06341,11.59888,5.95143,-2.44327,-13.02182,-2.04868,2.8387,4.07686,,3.35076,71.86309,-16.30973,,,,,,,2.4745,1.97512,-17.9294,,,,,,,-0.09344,-113.29681,14.94812,,,,,,,,,,,,,,,,,,,,,,,,,,,,,High,High,High,Medium,High,,,
9,2026-05-16,12:03:02.35,3,3,"Lebel, Colin",10121637,Right,GEO_COL,"Wouters, Dyrenson",821727,Right,DAY_FLY,Undefined,1,Top,2,0,2,Sinker,Sinker,BallCalled,Undefined,Undefined,Undefined,0,0,,88.64915,-3.213378,-4.791502,2197.220295,242.358336,2:00,5.62395,2.40197,5.2676,-27.47214,9.55386,15.73812,0.30228,-0.79804,80.54714,-8.256243,-2.008864,0.43795,,,,,,,,,,,,-9.33485,6.13496,-1.97499,50,5.30886,10.01316,-127.94409,-8.21703,-15.34021,28.52273,-22.09225,GEO_COL,DAY_FLY,TuckerFieldatBarcroftPark,D1,A10,20260516-TuckerFieldatBarcroftPark-1,b79ef200-5140-11f1-bfad-198183369b75,86.06552,,,8.102,,,,,,,c0dadee9-703e-4f0a-a29d-6ad25cc75f47,2026-05-16,16:03:02.35,2026-05-16T12:03:02.3517184-04:00,2026-05-16T16:03:02.3517184Z,,v3,471301,471281,d133f518dc004df295395547d13e9707,"Lavey, Robbie",835215,Right,GEO_COL,c11e303c-8491-4562-8b72-9810e163c228,55.23022,-129.1048,14.26136,5.62496,-7.318,-11.04613,-2.39518,10.63742,-7.67011,,,,,,,,,,,,,,,,,,,,,,,,,,,,,,,,,,,,,,,,,,,,,,,,,,,High,High,High,,,,,
10,2026-05-16,12:03:18.48,3,4,"Lebel, Colin",10121637,Right,GEO_COL,"Wouters, Dyrenson",821727,Right,DAY_FLY,Undefined,1,Top,2,1,2,Cutter,Cutter,FoulBallNotFieldable,Undefined,Undefined,Undefined,0,0,,87.08034,-0.616451,-3.313934,2429.12137,159.806121,11:15,6.02179,1.96945,5.25934,-27.26068,10.18603,-3.35795,3.16991,-1.42735,80.52873,-5.603981,-3.907734,0.440431,69.64559,42.477863,163.339212,4107.900412,,,,,31.58447,,,0.87646,5.56748,-1.66298,50,5.9451,7.45968,-126.35256,-2.35057,1.4314,23.28019,-23.08152,GEO_COL,DAY_FLY,TuckerFieldatBarcroftPark,D1,A10,20260516-TuckerFieldatBarcroftPark-1,c13db6c0-5140-11f1-bfad-198183369b75,85.58074,28.19907,,6.55161,,,,1.47774,3.1523,1.38186,c0dadee9-703e-4f0a-a29d-6ad25cc75f47,2026-05-16,16:03:18.48,2026-05-16T12:03:18.4836096-04:00,2026-05-16T16:03:18.4836096Z,,v3,471301,471281,d133f518dc004df295395547d13e9707,"Lavey, Robbie",835215,Right,GEO_COL,4613db5d-00af-4d30-95b6-2f4519ce300f,55.24118,-127.31457,11.6401,6.02252,-1.39677,-11.54076,-1.97002,7.40053,0.7157,328.882476,1.48221,-72.31211,2.49986,,,,,,,3.16691,68.53838,-27.35401,,,,,,,1.38946,21.36922,-6.56337,,,,,,,,,,,,,,,,,,,,,,,,,,,,,High,High,High,High,Undefined,,,
11,2026-05-16,12:03:35.38,3,5,"Lebel, Colin",10121637,Right,GEO_COL,"Wouters, Dyrenson",821727,Right,DAY_FLY,Undefined,1,Top,2,1,2,Slider,Slider,InPlay,Undefined,GroundBall,Out,1,0,,80.11483,-1.663762,-2.277828,2654.309571,97.233975,9:15,6.09689,1.96041,4.89938,-42.46679,3.56504,-15.02961,0.98272,-1.44756,72.81409,-9.33434,-4.926305,0.488316,77.62228,-11.462259,-29.287179,,,,,6.95954,5.8113,-7.419685,0.044155,6.71394,2.75693,-1.72398,50,5.89858,5.2434,-115.9024,-4.9059,8.96708,25.32726,-28.49188,GEO_COL,DAY_FLY,TuckerFieldatBarcroftPark,D1,A10,20260516-TuckerFieldatBarcroftPark-1,cb5f4010-5140-11f1-bfad-198183369b75,77.18869,1.00002,,7.30075,,,,2.59977,1.00002,1.51389,c0dadee9-703e-4f0a-a29d-6ad25cc75f47,2026-05-16,16:03:35.38,2026-05-16T12:03:35.3867264-04:00,2026-05-16T16:03:35.3867264Z,GroundBall,v3,471301,471281,d133f518dc004df295395547d13e9707,"Lavey, Robbie",835215,Right,GEO_COL,1ef045a6-e81e-4c8c-8944-be40a42ac3fa,55.5983,-117.11936,12.66363,6.10141,-3.53688,-14.24594,-1.96557,4.81254,4.48354,180,2.59903,97.41874,,,,,,,,1.0002,-22.64817,,,,,,,,1.51431,-54.64019,,,,,,,,,,,,,,,,,,,,,,,,,,,,,,High,High,High,Low,Low,,,
12,2026-05-16,12:05:58.67,1,1,"Heller, James",1000281326,Right,DAY_FLY,"Kent, Jack",10959762,Right,GEO_COL,Undefined,1,Bottom,0,0,0,Fastball,Sinker,FoulBallNotFieldable,Undefined,Undefined,Undefined,0,0,,88.19918,-0.436744,-3.676442,2212.430677,241.855009,2:00,5.35972,2.43303,4.55241,-25.28702,13.07048,21.82147,2.83589,0.74724,79.42802,-5.088828,0.136419,0.445755,,,,,,,,,,,,-11.78103,6.89146,-2.07251,50,5.29142,7.12092,-127.467,-1.96043,-19.1438,29.22032,-20.97565,GEO_COL,DAY_FLY,TuckerFieldatBarcroftPark,D1,A10,20260516-TuckerFieldatBarcroftPark-1,20e68b60-5141-11f1-bfad-198183369b75,84.55858,,,8.77115,,,,,,,c0dadee9-703e-4f0a-a29d-6ad25cc75f47,2026-05-16,16:05:58.67,2026-05-16T12:05:58.6769408-04:00,2026-05-16T16:05:58.6769408Z,,v3,471301,471281,d133f518dc004df295395547d13e9707,"MacDougall, Ryan",836327,Right,DAY_FLY,5e5fb7df-64a7-41e1-861f-dd7e4f7dc9ad,55.94489,-128.82259,14.61016,5.35979,-0.98733,-10.48783,-2.42346,8.00903,-9.5719,,,,,,,,,,,,,,,,,,,,,,,,,,,,,,,,,,,,,,,,,,,,,,,,,,,High,High,High,,,,,
13,2026-05-16,12:06:20.04,1,2,"Heller, James",1000281326,Right,DAY_FLY,"Kent, Jack",10959762,Right,GEO_COL,Undefined,1,Bottom,0,0,1,Fastball,Sinker,FoulBallNotFieldable,Undefined,Undefined,Undefined,0,0,,87.84311,-0.571815,-3.486677,2082.69015,238.551222,2:00,5.33167,2.48894,4.8222,-26.16076,12.32997,17.76824,2.60899,0.66315,78.74215,-5.41009,-0.366164,0.446529,,,,,,,,,,,,-9.92615,6.65744,-2.15905,50,5.25314,6.89326,-126.93877,-2.25266,-15.89378,30.50745,-21.51413,GEO_COL,DAY_FLY,TuckerFieldatBarcroftPark,D1,A10,20260516-TuckerFieldatBarcroftPark-1,2db81980-5141-11f1-bfad-198183369b75,84.41211,,,9.10096,,,,,,,c0dadee9-703e-4f0a-a29d-6ad25cc75f47,2026-05-16,16:06:20.04,2026-05-16T12:06:20.0473600-04:00,2026-05-16T16:06:20.0473600Z,,v3,471301,471281,d133f518dc004df295395547d13e9707,"MacDougall, Ryan",836327,Right,DAY_FLY,b571fd70-7506-4b4b-8be4-97f50c93e20c,55.67436,-128.29525,15.25373,5.33203,-1.29606,-10.75707,-2.48126,7.59996,-7.94689,,,,,,,,,,,,,,,,,,,,,,,,,,,,,,,,,,,,,,,,,,,,,,,,,,,High,High,High,,,,,
14,2026-05-16,12:06:45.24,1,3,"Heller, James",1000281326,Right,DAY_FLY,"Kent, Jack",10959762,Right,GEO_COL,Undefined,1,Bottom,0,0,2,ChangeUp,Changeup,HitByPitch,Undefined,Undefined,Undefined,0,0,,84.28757,0.630161,-2.801371,2020.811516,251.029983,2:15,5.35204,2.562,4.49454,-33.37848,8.48953,20.46355,3.1717,1.59584,76.28643,-5.440954,0.774572,0.465707,,,,,,,,,,,,-10.92949,4.30945,-2.28917,50,5.38679,5.03124,-121.98499,0.03871,-16.31476,26.08627,-25.7412,GEO_COL,DAY_FLY,TuckerFieldatBarcroftPark,D1,A10,20260516-TuckerFieldatBarcroftPark-1,3ca7a5a0-5141-11f1-bfad-198183369b75,80.936,,,8.00114,,,,,,,c0dadee9-703e-4f0a-a29d-6ad25cc75f47,2026-05-16,16:06:45.24,2026-05-16T12:06:45.2405248-04:00,2026-05-16T16:06:45.2405248Z,,v3,471301,471281,d133f518dc004df295395547d13e9707,"MacDougall, Ryan",836327,Right,DAY_FLY,526351c6-72fe-4ee3-bba7-c9b53df56e6f,56.00508,-123.26248,13.04313,5.35403,1.2993,-12.8706,-2.55512,5.8302,-8.15738,,,,,,,,,,,,,,,,,,,,,,,,,,,,,,,,,,,,,,,,,,,,,,,,,,,High,High,High,,,,,
15,2026-05-16,12:07:26.54,2,1,"Heller, James",1000281326,Right,DAY_FLY,"Marmo, Greg",813688,Right,GEO_COL,Undefined,1,Bottom,0,0,0,Fastball,Sinker,HitByPitch,Undefined,Undefined,Undefined,0,0,,87.651,1.014604,-2.698484,2165.696702,235.26644,1:45,5.46125,2.39944,4.88698,-23.49706,15.46702,20.00359,4.46415,1.51172,77.53289,-3.401831,0.820653,0.449266,,,,,,,,,,,,-10.77693,7.67056,-2.15241,50,5.54228,4.99867,-126.55539,1.41397,-16.95737,32.99502,-20.10449,GEO_COL,DAY_FLY,TuckerFieldatBarcroftPark,D1,A10,20260516-TuckerFieldatBarcroftPark-1,5563bd40-5141-11f1-bfad-198183369b75,83.89781,,,10.11811,,,,,,,c0dadee9-703e-4f0a-a29d-6ad25cc75f47,2026-05-16,16:07:26.54,2026-05-16T12:07:26.5405440-04:00,2026-05-16T16:07:26.5405440Z,,v3,471301,471281,d133f518dc004df295395547d13e9707,"MacDougall, Ryan",836327,Right,DAY_FLY,313c6ce2-d56d-4080-90e1-81acd4ec9c81,55.60616,-128.00866,16.49751,5.4605,2.29948,-10.05225,-2.38903,5.74556,-8.47868,,,,,,,,,,,,,,,,,,,,,,,,,,,,,,,,,,,,,,,,,,,,,,,,,,,High,High,High,,,,,
16,2026-05-16,12:08:58.56,3,1,"Heller, James",1000281326,Right,DAY_FLY,"Lavey, Robbie",835215,Left,GEO_COL,Undefined,1,Bottom,0,0,0,ChangeUp,Changeup,StrikeCalled,Undefined,Undefined,Undefined,0,0,,83.83731,0.202041,-5.118096,2038.395456,258.263108,2:30,5.13586,2.53128,4.66191,-36.3153,5.78638,20.92836,2.30228,-0.59956,76.14272,-6.380294,-1.463613,0.467005,,,,,,,,,,,,-11.66327,3.20276,-2.02796,50,5.12392,9.87339,-121.07405,-0.98857,-17.24232,24.53516,-27.43929,GEO_COL,DAY_FLY,TuckerFieldatBarcroftPark,D1,A10,20260516-TuckerFieldatBarcroftPark-1,8c33b8c0-5141-11f1-bfad-198183369b75,80.71106,,,7.69458,,,,,,,c0dadee9-703e-4f0a-a29d-6ad25cc75f47,2026-05-16,16:08:58.56,2026-05-16T12:08:58.5608704-04:00,2026-05-16T16:08:58.5608704Z,,v3,471301,471281,d133f518dc004df295395547d13e9707,"MacDougall, Ryan",836327,Right,DAY_FLY,98343925-5865-48e6-82e5-d54eeaa9cb02,55.8363,-122.25103,12.26758,5.13977,0.32773,-13.71965,-2.52144,10.70053,-8.62116,,,,,,,,,,,,,,,,,,,,,,,,,,,,,,,,,,,,,,,,,,,,,,,,,,,High,High,High,,,,,
17,2026-05-16,12:09:16.87,3,2,"Heller, James",1000281326,Right,DAY_FLY,"Lavey, Robbie",835215,Left,GEO_COL,Undefined,1,Bottom,0,0,1,ChangeUp,Changeup,StrikeSwinging,Undefined,Undefined,Undefined,0,0,,83.00391,-1.023421,-3.863182,2017.266094,259.905892,2:45,5.16584,2.64919,4.64172,-37.87411,5.39851,21.3584,1.03479,0.75232,74.98966,-7.890176,-0.121016,0.473454,,,,,,,,,,,,-11.6519,3.42555,-2.27397,50,5.0267,7.11841,-119.91957,-3.61138,-16.72304,26.3072,-27.25763,GEO_COL,DAY_FLY,TuckerFieldatBarcroftPark,D1,A10,20260516-TuckerFieldatBarcroftPark-1,97203330-5141-11f1-bfad-198183369b75,79.61161,,,8.01425,,,,,,,c0dadee9-703e-4f0a-a29d-6ad25cc75f47,2026-05-16,16:09:16.87,2026-05-16T12:09:16.8799232-04:00,2026-05-16T16:09:16.8799232Z,,v3,471301,471281,d133f518dc004df295395547d13e9707,"MacDougall, Ryan",836327,Right,DAY_FLY,63a6c82c-b9b8-4ee4-93f0-0f625570aba6,55.85566,-121.19734,13.1536,5.16995,-2.28744,-13.62881,-2.63945,7.93067,-8.36152,,,,,,,,,,,,,,,,,,,,,,,,,,,,,,,,,,,,,,,,,,,,,,,,,,,High,High,High,,,,,
18,2026-05-16,12:09:38.56,3,3,"Heller, James",1000281326,Right,DAY_FLY,"Lavey, Robbie",835215,Left,GEO_COL,Undefined,1,Bottom,0,0,2,ChangeUp,Changeup,BallCalled,Undefined,Undefined,Undefined,0,0,,82.9131,-0.457569,-5.001465,1841.754566,263.849255,2:45,5.17883,2.75783,4.54664,-39.62364,3.24882,17.63595,1.4396,-0.5458,76.12016,-7.572199,-1.926198,0.47126,,,,,,,,,,,,-9.90611,2.11528,-2.25392,50,5.09376,9.68225,-119.85875,-2.53337,-14.47238,22.23678,-29.08371,GEO_COL,DAY_FLY,TuckerFieldatBarcroftPark,D1,A10,20260516-TuckerFieldatBarcroftPark-1,a4115740-5141-11f1-bfad-198183369b75,79.98226,,,6.79294,,,,,,,c0dadee9-703e-4f0a-a29d-6ad25cc75f47,2026-05-16,16:09:38.56,2026-05-16T12:09:38.5637888-04:00,2026-05-16T16:09:38.5637888Z,,v3,471301,471281,d133f518dc004df295395547d13e9707,"MacDougall, Ryan",836327,Right,DAY_FLY,43695842-d569-461d-bce5-b06b68685966,55.95293,-120.95813,11.11839,5.18346,-1.09548,-14.54185,-2.7503,10.39776,-7.23619,,,,,,,,,,,,,,,,,,,,,,,,,,,,,,,,,,,,,,,,,,,,,,,,,,,High,High,High,,,,,
19,2026-05-16,12:10:02.17,3,4,"Heller, James",1000281326,Right,DAY_FLY,"Lavey, Robbie",835215,Left,GEO_COL,Undefined,1,Bottom,0,1,2,Fastball,Sinker,BallCalled,Undefined,Undefined,Undefined,0,0,,87.774,-0.640703,-1.694345,2193.319075,236.175266,1:45,5.41942,2.44193,4.49897,-25.6621,13.16847,17.51068,2.67017,2.28633,78.94971,-5.359293,1.368724,0.448496,,,,,,,,,,,,-8.99103,7.01,-2.28196,50,5.32875,2.88173,-126.94627,-2.42357,-14.44818,29.68627,-20.90932,GEO_COL,DAY_FLY,TuckerFieldatBarcroftPark,D1,A10,20260516-TuckerFieldatBarcroftPark-1,b21ac920-5141-11f1-bfad-198183369b75,84.04194,,,8.82428,,,,,,,c0dadee9-703e-4f0a-a29d-6ad25cc75f47,2026-05-16,16:10:02.17,2026-05-16T12:10:02.1701632-04:00,2026-05-16T16:10:02.1701632Z,,v3,471301,471281,d133f518dc004df295395547d13e9707,"MacDougall, Ryan",836327,Right,DAY_FLY,19ae2102-d981-4122-9d02-4aa1152fd22e,55.99561,-128.34068,14.84314,5.41952,-1.44143,-10.45466,-2.43325,3.56038,-7.22409,,,,,,,,,,,,,,,,,,,,,,,,,,,,,,,,,,,,,,,,,,,,,,,,,,,High,High,High,,,,,
20,2026-05-16,12:10:24.01,3,5,"Heller, James",1000281326,Right,DAY_FLY,"Lavey, Robbie",835215,Left,GEO_COL,Undefined,1,Bottom,0,2,2,ChangeUp,Changeup,FoulBallNotFieldable,Undefined,Undefined,Undefined,0,0,,83.4356,-0.080001,-4.695828,1985.89853,263.193299,2:45,5.22298,2.53039,4.60131,-38.82506,3.93768,20.26722,1.91122,-0.25644,75.54867,-7.103266,-1.155773,0.470657,98.83802,26.435346,34.415593,2945.124637,86.45207,46.57403,68.01493,340.75583,258.59638,47.305549,4.175145,-11.39843,2.3378,-2.06565,50,5.1789,8.97958,-120.51156,-1.68675,-16.59638,25.58783,-28.77015,GEO_COL,DAY_FLY,TuckerFieldatBarcroftPark,D1,A10,20260516-TuckerFieldatBarcroftPark-1,bf0f96b0-5141-11f1-bfad-198183369b75,80.08477,60.42198,,7.88693,,,,2.5178,2.05577,0.17668,c0dadee9-703e-4f0a-a29d-6ad25cc75f47,2026-05-16,16:10:24.01,2026-05-16T12:10:24.0117248-04:00,2026-05-16T16:10:24.0117248Z,FlyBall,v3,471301,471281,d133f518dc004df295395547d13e9707,"MacDougall, Ryan",836327,Right,DAY_FLY,c4f6985f-52fb-4f96-8dd2-8a084f89618f,55.898,-121.75742,12.79392,5.22693,-0.28594,-14.38508,-2.52253,9.78765,-8.29819,234.272988,2.52118,107.00133,-25.22278,5.83861,-0.83086,-0.06022,0.05198,-0.0093,0.0006,2.05345,64.59247,-20.52477,2.00594,-0.59926,0.25392,-0.07288,0.01184,-0.00082,0.17228,73.47946,-2.46157,-0.29605,-0.55021,0.50774,-0.18361,0.03184,-0.00217,,,,,,,,,,,,,,,,,,,,,,,High,High,High,High,Low,,,
21,2026-05-16,12:11:05.43,3,6,"Heller, James",1000281326,Right,DAY_FLY,"Lavey, Robbie",835215,Left,GEO_COL,Undefined,1,Bottom,0,2,2,ChangeUp,Changeup,FoulBallNotFieldable,Undefined,Undefined,Undefined,0,0,,83.88206,-0.506261,-3.207822,1926.252563,258.492053,2:30,5.21453,2.59996,4.54275,-37.06774,5.25559,18.41418,1.64281,1.07736,75.97345,-7.21602,0.014194,0.468232,,,,,,,,,,,,-10.02347,3.11484,-2.28448,50,5.12711,5.95398,-121.3223,-2.53405,-14.76983,26.25374,-27.58424,GEO_COL,DAY_FLY,TuckerFieldatBarcroftPark,D1,A10,20260516-TuckerFieldatBarcroftPark-1,d7d39d90-5141-11f1-bfad-198183369b75,80.49947,,,7.90861,,,,,,,c0dadee9-703e-4f0a-a29d-6ad25cc75f47,2026-05-16,16:11:05.43,2026-05-16T12:11:05.4361600-04:00,2026-05-16T16:11:05.4361600Z,,v3,471301,471281,d133f518dc004df295395547d13e9707,"MacDougall, Ryan",836327,Right,DAY_FLY,59b579b3-e772-488f-b7b6-1c26e07ae2b4,55.95584,-122.60435,13.12687,5.21797,-1.18703,-13.79212,-2.59284,6.67524,-7.38491,,,,,,,,,,,,,,,,,,,,,,,,,,,,,,,,,,,,,,,,,,,,,,,,,,,High,High,High,,,,,
22,2026-05-16,12:11:30.88,3,7,"Heller, James",1000281326,Right,DAY_FLY,"Lavey, Robbie",835215,Left,GEO_COL,Undefined,1,Bottom,0,2,2,Fastball,Sinker,StrikeCalled,Strikeout,Undefined,Undefined,0,0,,87.55639,-0.661981,-2.780057,2075.249763,235.479498,1:45,5.32996,2.57517,4.66096,-25.3356,13.87831,17.88784,2.58904,1.42281,77.96007,-5.362525,0.355238,0.450704,,,,,,,,,,,,-9.67119,7.4441,-2.30861,50,5.24053,5.26206,-126.43016,-2.41425,-15.25925,31.83111,-20.4287,GEO_COL,DAY_FLY,TuckerFieldatBarcroftPark,D1,A10,20260516-TuckerFieldatBarcroftPark-1,e6f73200-5141-11f1-bfad-198183369b75,83.6301,,,9.59632,,,,,,,c0dadee9-703e-4f0a-a29d-6ad25cc75f47,2026-05-16,16:11:30.88,2026-05-16T12:11:30.8835328-04:00,2026-05-16T16:11:30.8835328Z,,v3,471301,471281,d133f518dc004df295395547d13e9707,"MacDougall, Ryan",836327,Right,DAY_FLY,bbf1f04c-9b8c-415b-91c0-a40eda80522d,55.83268,-127.89021,15.91556,5.32977,-1.4772,-10.21435,-2.56603,5.96199,-7.62962,,,,,,,,,,,,,,,,,,,,,,,,,,,,,,,,,,,,,,,,,,,,,,,,,,,High,High,High,,,,,
23,2026-05-16,12:12:45.01,4,1,"Heller, James",1000281326,Right,DAY_FLY,"Tufano, Cristino",811770,Right,GEO_COL,Undefined,1,Bottom,1,0,0,Fastball,Sinker,BallCalled,Undefined,Undefined,Undefined,0,0,,88.21709,0.133208,-2.033248,2023.421227,255.044201,2:30,5.37405,2.56405,4.47842,-31.33269,7.43721,22.16438,2.89004,2.47229,78.76752,-5.591326,1.842616,0.448145,,,,,,,,,,,,-11.54131,3.96232,-2.3732,50,5.35869,3.43963,-127.508,-0.98403,-18.53816,32.16619,-25.80959,GEO_COL,DAY_FLY,TuckerFieldatBarcroftPark,D1,A10,20260516-TuckerFieldatBarcroftPark-1,1327c1a0-5142-11f1-bfad-198183369b75,84.10765,,,9.44957,,,,,,,c0dadee9-703e-4f0a-a29d-6ad25cc75f47,2026-05-16,16:12:45.01,2026-05-16T12:12:45.0156032-04:00,2026-05-16T16:12:45.0156032Z,,v3,471301,471281,d133f518dc004df295395547d13e9707,"MacDougall, Ryan",836327,Right,DAY_FLY,345a9735-339f-430b-9a5e-16224575303d,56.01862,-129.01737,16.08309,5.37645,0.22706,-12.90479,-2.55501,4.30952,-9.26908,,,,,,,,,,,,,,,,,,,,,,,,,,,,,,,,,,,,,,,,,,,,,,,,,,,High,High,High,,,,,
24,2026-05-16,12:13:05.90,4,2,"Heller, James",1000281326,Right,DAY_FLY,"Tufano, Cristino",811770,Right,GEO_COL,Undefined,1,Bottom,1,1,0,ChangeUp,Changeup,BallCalled,Undefined,Undefined,Undefined,0,0,,82.69488,-0.85227,-5.223106,1777.147004,264.624625,2:45,5.24301,2.47621,4.40734,-39.90927,3.31713,21.10903,1.10039,-0.76342,76.15761,-7.988765,-1.551179,0.473201,,,,,,,,,,,,-11.58875,2.21969,-1.94089,50,5.11257,9.9579,-119.5315,-3.39027,-16.88809,21.47453,-28.93935,GEO_COL,DAY_FLY,TuckerFieldatBarcroftPark,D1,A10,20260516-TuckerFieldatBarcroftPark-1,1f955dd0-5142-11f1-bfad-198183369b75,79.65414,,,6.53727,,,,,,,c0dadee9-703e-4f0a-a29d-6ad25cc75f47,2026-05-16,16:13:05.90,2026-05-16T12:13:05.9069440-04:00,2026-05-16T16:13:05.9069440Z,,v3,471301,471281,d133f518dc004df295395547d13e9707,"MacDougall, Ryan",836327,Right,DAY_FLY,36e948e4-7eb0-4f2c-9270-f84e155981d4,56.09352,-120.62127,10.73726,5.24735,-1.92168,-14.46968,-2.46797,10.81492,-8.44404,,,,,,,,,,,,,,,,,,,,,,,,,,,,,,,,,,,,,,,,,,,,,,,,,,,High,High,High,,,,,
25,2026-05-16,12:13:25.98,4,3,"Heller, James",1000281326,Right,DAY_FLY,"Tufano, Cristino",811770,Right,GEO_COL,Undefined,1,Bottom,1,2,0,Fastball,Sinker,InPlay,Undefined,GroundBall,Out,1,1,,87.34584,-0.746206,-3.582943,2108.383751,243.395423,2:00,5.35892,2.5409,4.62934,-27.6419,11.18138,19.61277,2.34472,0.76522,79.10957,-5.80347,-0.150038,0.448453,69.6697,-0.417026,-18.742095,1474.250463,,,,32.27498,31.18,-19.28615,0.311253,-10.70363,6.06807,-2.19228,50,5.25753,6.97741,-126.32898,-2.72962,-17.15772,27.67341,-22.44701,GEO_COL,DAY_FLY,TuckerFieldatBarcroftPark,D1,A10,20260516-TuckerFieldatBarcroftPark-1,2b920fc0-5142-11f1-bfad-198183369b75,84.04984,2.33514,,8.23628,,,,1.47489,2.33514,-0.75612,c0dadee9-703e-4f0a-a29d-6ad25cc75f47,2026-05-16,16:13:25.98,2026-05-16T12:13:25.9808256-04:00,2026-05-16T16:13:25.9808256Z,GroundBall,v3,471301,471281,d133f518dc004df295395547d13e9707,"MacDougall, Ryan",836327,Right,DAY_FLY,090988fa-6b35-4989-88c3-caafcae8939d,55.86904,-127.60817,13.83671,5.35972,-1.69202,-11.22351,-2.53313,7.77051,-8.57886,6.543284,1.47609,96.70961,-11.50627,,,,,,,2.3386,-0.89149,-21.30984,,,,,,,-0.75631,-32.82271,3.22774,,,,,,,,,,,,,,,,,,,,,,,,,,,,,High,High,High,Medium,High,,,
26,2026-05-16,12:14:03.33,5,1,"Heller, James",1000281326,Right,DAY_FLY,"Walsh, Charlie",10154270,Left,GEO_COL,Undefined,1,Bottom,2,0,0,ChangeUp,Changeup,FoulBallNotFieldable,Undefined,Undefined,Undefined,0,0,,84.22981,0.899401,-4.410399,1784.09811,270.429999,3:00,5.21464,2.50671,4.54678,-40.51364,1.2261,21.84478,2.6973,0.1203,76.6536,-6.400268,-0.597276,0.464993,,,,,,,,,,,,-11.97024,0.69618,-2.06931,50,5.27015,8.38942,-121.79532,0.28735,-17.92546,24.60584,-31.13149,GEO_COL,DAY_FLY,TuckerFieldatBarcroftPark,D1,A10,20260516-TuckerFieldatBarcroftPark-1,41ce8160-5142-11f1-bfad-198183369b75,81.06025,,,7.57621,,,,,,,c0dadee9-703e-4f0a-a29d-6ad25cc75f47,2026-05-16,16:14:03.33,2026-05-16T12:14:03.3339392-04:00,2026-05-16T16:14:03.3339392Z,,v3,471301,471281,d133f518dc004df295395547d13e9707,"MacDougall, Ryan",836327,Right,DAY_FLY,2b404751-b384-43db-9f87-393f91adb1e0,55.95391,-122.99228,12.30292,5.21934,1.80176,-15.56575,-2.49863,9.26141,-8.96273,,,,,,,,,,,,,,,,,,,,,,,,,,,,,,,,,,,,,,,,,,,,,,,,,,,High,High,High,,,,,
27,2026-05-16,12:14:29.16,5,2,"Heller, James",1000281326,Right,DAY_FLY,"Walsh, Charlie",10154270,Left,GEO_COL,Undefined,1,Bottom,2,0,1,ChangeUp,Changeup,BallCalled,Undefined,Undefined,Undefined,0,0,,83.36098,1.637395,-2.923506,1834.05229,260.385999,2:45,5.14091,2.63652,4.49407,-37.75026,4.39437,18.60092,3.55775,1.39845,76.60017,-5.162192,0.324972,0.467243,,,,,,,,,,,,-9.76835,2.10024,-2.34843,50,5.27691,5.30875,-120.81276,1.94742,-14.56135,21.64303,-29.04327,GEO_COL,DAY_FLY,TuckerFieldatBarcroftPark,D1,A10,20260516-TuckerFieldatBarcroftPark-1,513b05b0-5142-11f1-bfad-198183369b75,80.66991,,,6.76081,,,,,,,c0dadee9-703e-4f0a-a29d-6ad25cc75f47,2026-05-16,16:14:29.16,2026-05-16T12:14:29.1687936-04:00,2026-05-16T16:14:29.1687936Z,,v3,471301,471281,d133f518dc004df295395547d13e9707,"MacDougall, Ryan",836327,Right,DAY_FLY,af5e59ee-452f-4a79-be0a-d2d80039efaa,56.00594,-121.88395,10.82152,5.14495,3.38487,-14.52163,-2.62901,6.02944,-7.28068,,,,,,,,,,,,,,,,,,,,,,,,,,,,,,,,,,,,,,,,,,,,,,,,,,,High,High,High,,,,,
28,2026-05-16,12:14:50.46,5,3,"Heller, James",1000281326,Right,DAY_FLY,"Walsh, Charlie",10154270,Left,GEO_COL,Undefined,1,Bottom,2,1,1,Fastball,Sinker,BallCalled,Undefined,Undefined,Undefined,0,0,,86.49785,-1.992523,-5.689517,2177.513039,236.037082,1:45,5.2735,2.54662,4.63015,-25.24749,14.85977,19.80348,1.26551,-1.22881,77.79698,-6.64342,-2.239493,0.455809,,,,,,,,,,,,-11.41367,8.308,-1.98049,50,5.04593,11.45144,-124.54187,-5.29655,-17.68488,28.15843,-19.30123,GEO_COL,DAY_FLY,TuckerFieldatBarcroftPark,D1,A10,20260516-TuckerFieldatBarcroftPark-1,5ded7310-5142-11f1-bfad-198183369b75,82.69349,,,8.70087,,,,,,,c0dadee9-703e-4f0a-a29d-6ad25cc75f47,2026-05-16,16:14:50.46,2026-05-16T12:14:50.4622080-04:00,2026-05-16T16:14:50.4622080Z,,v3,471301,471281,d133f518dc004df295395547d13e9707,"MacDougall, Ryan",836327,Right,DAY_FLY,2f8a4382-656f-4af4-865d-9c4d66c3276d,55.86541,-125.86103,14.07922,5.27288,-4.39233,-9.65062,-2.53637,12.27994,-8.84244,,,,,,,,,,,,,,,,,,,,,,,,,,,,,,,,,,,,,,,,,,,,,,,,,,,High,High,High,,,,,
29,2026-05-16,12:15:10.63,5,4,"Heller, James",1000281326,Right,DAY_FLY,"Walsh, Charlie",10154270,Left,GEO_COL,Undefined,1,Bottom,2,2,1,Fastball,Changeup,FoulBallNotFieldable,Undefined,Undefined,Undefined,0,0,,87.17906,-0.702006,-4.125204,2049.709095,243.146303,2:00,5.30895,2.46591,4.79278,-26.26104,12.51107,22.01895,2.45351,0.38477,78.89423,-5.534264,-0.263169,0.448158,79.20035,56.575429,-60.556143,4325.57825,,,,,70.89896,,,-12.07201,6.74433,-2.0743,50,5.21659,8.05506,-126.04666,-2.54,-19.26841,27.50771,-21.40926,GEO_COL,DAY_FLY,TuckerFieldatBarcroftPark,D1,A10,20260516-TuckerFieldatBarcroftPark-1,69f4d360-5142-11f1-bfad-198183369b75,84.10524,91.90934,,8.28483,,,,1.05183,2.41803,-0.38318,c0dadee9-703e-4f0a-a29d-6ad25cc75f47,2026-05-16,16:15:10.63,2026-05-16T12:15:10.6389504-04:00,2026-05-16T16:15:10.6389504Z,,v3,471301,471281,d133f518dc004df295395547d13e9707,"MacDougall, Ryan",836327,Right,DAY_FLY,00840a87-50d5-4108-aadc-28c652f0e108,55.70551,-127.28571,13.75386,5.30928,-1.57564,-10.70463,-2.45668,8.92298,-9.6342,,1.05182,31.45641,-13.42624,4.36519,-2.67534,3.30224,-2.86728,1.31834,-0.2456,2.41803,96.94814,-25.46613,2.65544,-0.10296,-0.63725,0.65139,-0.30909,0.05817,-0.38318,-55.72098,6.2301,-1.08065,0.08622,0.11946,-0.13145,0.0634,-0.01197,,,,,,,,,,,,,,,,,,,,,,,High,High,High,Medium,Undefined,,,
30,2026-05-16,12:15:35.60,5,5,"Heller, James",1000281326,Right,DAY_FLY,"Walsh, Charlie",10154270,Left,GEO_COL,Undefined,1,Bottom,2,2,2,Fastball,Sinker,InPlay,Undefined,FlyBall,Out,1,0,,86.51088,-1.008293,-4.732444,2142.90552,240.220971,2:00,5.173,2.61863,4.70708,-27.7273,11.92623,18.35351,1.90199,-0.35397,78.17664,-6.092205,-1.522986,0.453223,103.4646,22.737659,2.338632,2433.706477,109.98167,44.89344,1.97779,354.30393,349.79982,-2.492637,4.600738,-10.47371,6.54918,-2.1562,50,5.04648,9.48081,-124.91063,-3.26242,-16.38459,27.47614,-21.92881,GEO_COL,DAY_FLY,TuckerFieldatBarcroftPark,D1,A10,20260516-TuckerFieldatBarcroftPark-1,78d9b120-5142-11f1-bfad-198183369b75,83.16528,66.73262,,8.33425,,,,1.76059,2.01153,0.35221,c0dadee9-703e-4f0a-a29d-6ad25cc75f47,2026-05-16,16:15:35.60,2026-05-16T12:15:35.6009984-04:00,2026-05-16T16:15:35.6009984Z,LineDrive,v3,471301,471281,d133f518dc004df295395547d13e9707,"MacDougall, Ryan",836327,Right,DAY_FLY,6cc3f27c-d0f3-4c5b-9efe-7393828ac129,55.79071,-126.17796,13.73807,5.17363,-2.25096,-10.96441,-2.61094,10.23654,-8.1923,164.603596,1.76086,139.8289,-30.47647,7.35521,-1.60905,0.33401,-0.05698,0.00616,-0.00029,2.01154,58.65566,-13.12541,-0.48695,0.38232,-0.14287,0.03154,-0.00347,0.00014,0.3525,5.70299,-5.55601,1.73351,-0.44548,0.10328,-0.01877,0.00212,-0.0001,,,,,,,,,,,,,,,,,,,,,,,High,High,High,High,High,,,
31,2026-05-16,12:17:31.67,1,1,"Lebel, Colin",10121637,Right,GEO_COL,"MacDougall, Ryan",836327,Left,DAY_FLY,Undefined,2,Top,0,0,0,Sinker,Sinker,BallCalled,Undefined,Undefined,Undefined,0,0,,87.78732,-1.979733,-1.832282,2161.016717,232.233339,1:45,5.68177,2.50781,5.17052,-27.68458,9.5993,10.85631,1.50997,1.68762,80.47572,-7.049697,0.091491,0.439473,,,,,,,,,,,,-5.89957,5.6974,-2.34568,50,5.47638,3.57679,-127.27888,-5.43308,-9.68574,25.92002,-22.82023,GEO_COL,DAY_FLY,TuckerFieldatBarcroftPark,D1,A10,20260516-TuckerFieldatBarcroftPark-1,be011770-5142-11f1-bfad-198183369b75,85.76742,,,7.3116,,,,,,,c0dadee9-703e-4f0a-a29d-6ad25cc75f47,2026-05-16,16:17:31.67,2026-05-16T12:17:31.6793856-04:00,2026-05-16T16:17:31.6793856Z,,v3,471301,471281,d133f518dc004df295395547d13e9707,"Lavey, Robbie",835215,Right,GEO_COL,4e8dd00a-1af1-454f-807f-740fefbf5505,55.32693,-128.35911,12.96001,5.68299,-4.48203,-11.41012,-2.50315,3.98045,-4.84287,,,,,,,,,,,,,,,,,,,,,,,,,,,,,,,,,,,,,,,,,,,,,,,,,,,High,High,High,,,,,
32,2026-05-16,12:17:45.93,1,2,"Lebel, Colin",10121637,Right,GEO_COL,"MacDougall, Ryan",836327,Left,DAY_FLY,Undefined,2,Top,0,1,0,Slider,Slider,BallCalled,Undefined,Undefined,Undefined,0,0,,80.06216,-0.230733,-2.205369,2563.913912,100.868453,9:15,5.78955,2.4174,4.85747,-41.0999,4.55642,-15.93312,2.146,-0.99883,73.22617,-7.666104,-5.007515,0.48632,,,,,,,,,,,,7.32339,2.66862,-2.18521,50,5.73181,5.12478,-116.02789,-1.95045,9.9013,23.37509,-28.56605,GEO_COL,DAY_FLY,TuckerFieldatBarcroftPark,D1,A10,20260516-TuckerFieldatBarcroftPark-1,c69c27d0-5142-11f1-bfad-198183369b75,77.50549,,,6.836,,,,,,,c0dadee9-703e-4f0a-a29d-6ad25cc75f47,2026-05-16,16:17:45.93,2026-05-16T12:17:45.9314176-04:00,2026-05-16T16:17:45.9314176Z,,v3,471301,471281,d133f518dc004df295395547d13e9707,"Lavey, Robbie",835215,Right,GEO_COL,a19f3d91-8a8d-4de9-88ee-e0d7a3dcfd57,55.64287,-117.15919,11.68754,5.79275,-0.56792,-14.28303,-2.42165,4.64558,4.95065,,,,,,,,,,,,,,,,,,,,,,,,,,,,,,,,,,,,,,,,,,,,,,,,,,,High,High,High,,,,,
33,2026-05-16,12:18:00.61,1,3,"Lebel, Colin",10121637,Right,GEO_COL,"MacDougall, Ryan",836327,Left,DAY_FLY,Undefined,2,Top,0,2,0,ChangeUp,Changeup,StrikeSwinging,Undefined,Undefined,Undefined,0,0,,82.59643,-0.369957,-2.382489,1660.994944,237.39928,2:00,5.65475,2.47428,5.16289,-33.72797,8.7417,11.38453,2.49558,1.1793,75.03016,-6.565007,-0.367178,0.469041,,,,,,,,,,,,-6.35008,4.91146,-2.26093,50,5.59486,4.48219,-119.6531,-1.96845,-9.13395,24.77225,-25.10942,GEO_COL,DAY_FLY,TuckerFieldatBarcroftPark,D1,A10,20260516-TuckerFieldatBarcroftPark-1,cf4b0e50-5142-11f1-bfad-198183369b75,80.36063,,,7.56628,,,,,,,c0dadee9-703e-4f0a-a29d-6ad25cc75f47,2026-05-16,16:18:00.61,2026-05-16T12:18:00.6164480-04:00,2026-05-16T16:18:00.6164480Z,,v3,471301,471281,d133f518dc004df295395547d13e9707,"Lavey, Robbie",835215,Right,GEO_COL,4d8822b0-229f-4368-a4c2-6ba7f40f7c0a,55.33289,-120.75215,12.38613,5.65747,-0.85446,-12.55471,-2.46877,4.88742,-4.56698,,,,,,,,,,,,,,,,,,,,,,,,,,,,,,,,,,,,,,,,,,,,,,,,,,,High,High,High,,,,,
34,2026-05-16,12:18:15.92,1,4,"Lebel, Colin",10121637,Right,GEO_COL,"MacDougall, Ryan",836327,Left,DAY_FLY,Undefined,2,Top,0,2,1,Slider,Slider,FoulBallNotFieldable,Undefined,Undefined,Undefined,0,0,,81.22563,-0.700284,-0.530881,2697.976319,108.746428,9:30,5.83491,2.23777,4.89314,-38.28435,5.81248,-12.91812,1.98208,0.65908,74.39912,-7.642959,-2.80934,0.477942,65.0091,37.638398,-120.860446,5513.33815,,,,,28.90316,,,6.27079,3.46382,-2.17417,50,5.73423,1.64032,-117.81172,-2.84015,8.77802,23.21895,-27.32532,GEO_COL,DAY_FLY,TuckerFieldatBarcroftPark,D1,A10,20260516-TuckerFieldatBarcroftPark-1,d86efdc0-5142-11f1-bfad-198183369b75,78.86406,21.53696,,6.8265,,,,1.22371,2.02977,-0.37864,c0dadee9-703e-4f0a-a29d-6ad25cc75f47,2026-05-16,16:18:15.92,2026-05-16T12:18:15.9274496-04:00,2026-05-16T16:18:15.9274496Z,,v3,471301,471281,d133f518dc004df295395547d13e9707,"Lavey, Robbie",835215,Right,GEO_COL,2cb7d3df-cbac-48da-9ec1-8e148b20bf4c,55.60592,-118.91143,11.60947,5.8381,-1.54595,-13.66266,-2.24201,1.22456,4.38901,,1.23032,-38.94924,-1.658,,,,,,,2.04155,57.83846,-24.87596,,,,,,,-0.38892,-64.47563,12.09827,,,,,,,,,,,,,,,,,,,,,,,,,,,,,High,High,High,Low,Undefined,,,
35,2026-05-16,12:18:32.38,1,5,"Lebel, Colin",10121637,Right,GEO_COL,"MacDougall, Ryan",836327,Left,DAY_FLY,Undefined,2,Top,0,2,2,ChangeUp,Changeup,InPlay,Undefined,GroundBall,Out,1,0,,84.94849,-0.860193,-2.361629,1818.585319,251.057703,2:15,5.65418,2.44915,4.9742,-34.72825,5.68733,12.5478,1.94697,1.263,77.28625,-7.189627,-0.146817,0.457558,80.47489,-0.241568,27.152871,3306.407816,,,,33.85779,33.48198,24.53785,0.28634,-6.96197,3.44914,-2.23196,50,5.54282,4.51942,-123.06639,-3.15907,-10.59118,26.25734,-26.92695,GEO_COL,DAY_FLY,TuckerFieldatBarcroftPark,D1,A10,20260516-TuckerFieldatBarcroftPark-1,e2343640-5142-11f1-bfad-198183369b75,82.37745,2.10199,,7.66224,,,,2.40212,2.10199,-1.2707,c0dadee9-703e-4f0a-a29d-6ad25cc75f47,2026-05-16,16:18:32.38,2026-05-16T12:18:32.3856384-04:00,2026-05-16T16:18:32.3856384Z,GroundBall,v3,471301,471281,d133f518dc004df295395547d13e9707,"Lavey, Robbie",835215,Right,GEO_COL,c90f335d-d494-4d36-9034-c52739554ef0,55.52431,-124.23946,13.12867,5.65708,-1.95609,-13.46347,-2.44444,4.99259,-5.29559,311.909571,2.40542,104.86746,-19.9575,,,,,,,2.10636,-0.70063,-23.29456,,,,,,,-1.27204,53.92684,-1.30672,,,,,,,,,,,,,,,,,,,,,,,,,,,,,High,High,High,High,High,,,
36,2026-05-16,12:19:08.73,2,1,"Lebel, Colin",10121637,Right,GEO_COL,"Bello, Jason",10074817,Right,DAY_FLY,Undefined,2,Top,1,0,0,Slider,Slider,FoulBallNotFieldable,Undefined,Undefined,Undefined,0,0,,79.55113,-0.658468,-1.632759,2454.115935,118.033387,10:00,5.91062,2.14681,4.9283,-37.76943,8.6415,-13.14513,2.14045,-0.49247,72.19907,-7.546611,-3.949729,0.490322,,,,,,,,,,,,6.03496,4.92197,-1.9761,50,5.81555,3.82943,-115.20888,-2.64703,7.99286,24.3178,-25.65524,GEO_COL,DAY_FLY,TuckerFieldatBarcroftPark,D1,A10,20260516-TuckerFieldatBarcroftPark-1,f7de04d0-5142-11f1-bfad-198183369b75,76.87277,,,7.35206,,,,,,,c0dadee9-703e-4f0a-a29d-6ad25cc75f47,2026-05-16,16:19:08.73,2026-05-16T12:19:08.7323136-04:00,2026-05-16T16:19:08.7323136Z,,v3,471301,471281,d133f518dc004df295395547d13e9707,"Lavey, Robbie",835215,Right,GEO_COL,f38d70b7-8c32-4d7b-8083-9915966b34d7,55.5695,-116.37853,12.1589,5.91319,-1.41305,-12.82762,-2.15104,3.44499,3.99643,,,,,,,,,,,,,,,,,,,,,,,,,,,,,,,,,,,,,,,,,,,,,,,,,,,High,High,High,,,,,
37,2026-05-16,12:19:31.51,2,2,"Lebel, Colin",10121637,Right,GEO_COL,"Bello, Jason",10074817,Right,DAY_FLY,Undefined,2,Top,1,0,1,Cutter,Slider,BallCalled,Undefined,Undefined,Undefined,0,0,,87.02082,-0.136699,-2.2852,2231.942826,182.477131,12:00,5.98313,1.99549,5.08807,-29.48576,8.62686,0.32047,3.39704,-0.13277,79.48386,-5.540244,-2.228596,0.44433,,,,,,,,,,,,-0.79965,4.6991,-1.77953,50,5.94733,5.0193,-126.14769,-1.40937,-1.28744,25.86491,-24.60845,GEO_COL,DAY_FLY,TuckerFieldatBarcroftPark,D1,A10,20260516-TuckerFieldatBarcroftPark-1,057c0ab0-5143-11f1-bfad-198183369b75,84.8298,,,7.53696,,,,,,,c0dadee9-703e-4f0a-a29d-6ad25cc75f47,2026-05-16,16:19:31.51,2026-05-16T12:19:31.5127296-04:00,2026-05-16T16:19:31.5127296Z,,v3,471301,471281,d133f518dc004df295395547d13e9707,"Lavey, Robbie",835215,Right,GEO_COL,3666d82f-50fe-499c-a151-5486238972ab,55.40844,-127.25179,12.93245,5.98508,-0.35891,-12.30423,-1.99496,5.07426,-0.64372,,,,,,,,,,,,,,,,,,,,,,,,,,,,,,,,,,,,,,,,,,,,,,,,,,,High,High,High,,,,,
38,2026-05-16,12:19:46.13,2,3,"Lebel, Colin",10121637,Right,GEO_COL,"Bello, Jason",10074817,Right,DAY_FLY,Undefined,2,Top,1,1,1,Slider,Slider,BallCalled,Undefined,Undefined,Undefined,0,0,,79.89167,0.344701,-1.877379,2557.468336,126.86928,10:15,5.96132,2.04101,4.916,-34.56616,11.21993,-12.91438,3.40691,-0.8109,72.70024,-5.982036,-4.150272,0.48701,,,,,,,,,,,,5.78626,5.8978,-1.84654,50,5.96677,4.348,-115.72622,-0.51259,7.78793,23.11296,-24.23598,GEO_COL,DAY_FLY,TuckerFieldatBarcroftPark,D1,A10,20260516-TuckerFieldatBarcroftPark-1,0e352a60-5143-11f1-bfad-198183369b75,77.39557,,,7.19143,,,,,,,c0dadee9-703e-4f0a-a29d-6ad25cc75f47,2026-05-16,16:19:46.13,2026-05-16T12:19:46.1380096-04:00,2026-05-16T16:19:46.1380096Z,,v3,471301,471281,d133f518dc004df295395547d13e9707,"Lavey, Robbie",835215,Right,GEO_COL,3e5dab63-f241-44c8-a5e2-91e63578ff05,55.57976,-116.8353,11.55648,5.96346,0.65038,-12.11799,-2.04621,3.9743,3.89396,,,,,,,,,,,,,,,,,,,,,,,,,,,,,,,,,,,,,,,,,,,,,,,,,,,High,High,High,,,,,
39,2026-05-16,12:20:03.44,2,4,"Lebel, Colin",10121637,Right,GEO_COL,"Bello, Jason",10074817,Right,DAY_FLY,Undefined,2,Top,1,2,1,Fastball,Four-Seam,StrikeCalled,Undefined,Undefined,Undefined,0,0,,88.71654,-1.7682,-3.109583,2145.877596,221.124891,1:15,5.58665,2.30417,5.20772,-21.4134,15.55745,12.41587,2.13637,0.41165,80.09795,-5.771652,-0.912701,0.437624,,,,,,,,,,,,-7.11122,8.68469,-2.02589,50,5.4073,6.38895,-128.32434,-4.70383,-11.71948,29.44531,-17.86149,GEO_COL,DAY_FLY,TuckerFieldatBarcroftPark,D1,A10,20260516-TuckerFieldatBarcroftPark-1,18762290-5143-11f1-bfad-198183369b75,86.12973,,,8.6186,,,,,,,c0dadee9-703e-4f0a-a29d-6ad25cc75f47,2026-05-16,16:20:03.44,2026-05-16T12:20:03.4420224-04:00,2026-05-16T16:20:03.4420224Z,,v3,471301,471281,d133f518dc004df295395547d13e9707,"Lavey, Robbie",835215,Right,GEO_COL,5b289edb-4521-4a0e-b32c-0c3a488eb3c7,55.28699,-129.53181,14.72265,5.58517,-3.97138,-8.93075,-2.29774,6.86954,-5.85974,,,,,,,,,,,,,,,,,,,,,,,,,,,,,,,,,,,,,,,,,,,,,,,,,,,High,High,High,,,,,
40,2026-05-16,12:20:17.92,2,5,"Lebel, Colin",10121637,Right,GEO_COL,"Bello, Jason",10074817,Right,DAY_FLY,Undefined,2,Top,1,2,2,Slider,Slider,InPlay,Undefined,FlyBall,HomeRun,0,1,,81.60263,-0.363274,-1.493461,2545.693404,131.06623,10:15,5.99112,2.04753,5.0491,-32.29266,11.4602,-11.42123,2.95731,-0.31317,74.0972,-6.29668,-3.51029,0.476074,97.45643,29.504128,-23.783621,2302.119101,99.32154,58.8183,-47.277,371.65255,359.69342,-30.38401,5.090906,5.24386,6.2276,-1.89555,50,5.93128,3.56532,-118.24661,-1.87182,7.34326,24.85038,-23.45315,GEO_COL,DAY_FLY,TuckerFieldatBarcroftPark,D1,A10,20260516-TuckerFieldatBarcroftPark-1,21211170-5143-11f1-bfad-198183369b75,79.17346,84.58966,,7.50543,,,,2.57141,3.17473,0.21917,c0dadee9-703e-4f0a-a29d-6ad25cc75f47,2026-05-16,16:20:17.92,2026-05-16T12:20:17.9268096-04:00,2026-05-16T16:20:17.9268096Z,FlyBall,v3,471301,471281,d133f518dc004df295395547d13e9707,"Lavey, Robbie",835215,Right,GEO_COL,d786279a-1bc2-45c4-8f22-c9665b11f1b5,55.44832,-119.38612,12.42519,5.99246,-0.79637,-11.72658,-2.05132,3.22859,3.67163,156.861068,2.57404,113.77955,-24.00229,5.44829,-0.88967,0.0957,-0.00757,0.00078,-6E-05,3.17513,70.38181,-16.40893,0.46633,0.14031,-0.11034,0.03529,-0.00512,0.00028,0.21928,-50.17266,4.46809,-0.60857,0.09593,-0.02357,0.00544,-0.00073,4E-05,,,,,,,,,,,,,,,,,,,,,,,High,High,High,High,Medium,,,
41,2026-05-16,12:21:05.23,3,1,"Lebel, Colin",10121637,Right,GEO_COL,"Stang, Bobby",1000138110,Right,DAY_FLY,Undefined,2,Top,1,0,0,Fastball,Four-Seam,FoulBallNotFieldable,Undefined,Undefined,Undefined,0,0,,89.48864,-0.798383,-1.98167,1971.572861,195.214884,12:30,6.00628,1.95129,5.52043,-22.16167,13.1365,3.27662,3.41253,0.37082,81.99868,-4.92236,-1.398025,0.42761,,,,,,,,,,,,-2.19516,7.18374,-1.78105,50,5.92209,4.35071,-129.89979,-2.57514,-3.76098,26.51689,-19.86606,GEO_COL,DAY_FLY,TuckerFieldatBarcroftPark,D1,A10,20260516-TuckerFieldatBarcroftPark-1,3d549c90-5143-11f1-bfad-198183369b75,88.14683,,,7.48996,,,,,,,c0dadee9-703e-4f0a-a29d-6ad25cc75f47,2026-05-16,16:21:05.23,2026-05-16T12:21:05.2318208-04:00,2026-05-16T16:21:05.2318208Z,,v3,471301,471281,d133f518dc004df295395547d13e9707,"Lavey, Robbie",835215,Right,GEO_COL,327cfe54-4015-4434-b07d-1fe8d24ebe5d,54.97782,-130.91199,13.25845,6.00592,-1.81682,-9.93303,-1.94986,4.49427,-1.88049,,,,,,,,,,,,,,,,,,,,,,,,,,,,,,,,,,,,,,,,,,,,,,,,,,,High,High,High,,,,,
42,2026-05-16,12:21:22.47,3,2,"Lebel, Colin",10121637,Right,GEO_COL,"Stang, Bobby",1000138110,Right,DAY_FLY,Undefined,2,Top,1,0,1,Cutter,Slider,FoulBallNotFieldable,Undefined,Undefined,Undefined,0,0,,85.52786,-0.12755,-1.967135,2477.006055,180.644383,12:00,6.08306,1.94048,5.01478,-28.58765,10.99418,0.10925,3.58031,0.0923,78.03866,-5.377097,-1.947855,0.452813,69.07251,49.211892,154.755503,3737.721453,,,,,39.50994,,,-0.61457,5.85733,-1.75196,50,6.04814,4.25417,-124.00161,-1.32308,-0.95469,25.33219,-23.07519,GEO_COL,DAY_FLY,TuckerFieldatBarcroftPark,D1,A10,20260516-TuckerFieldatBarcroftPark-1,47956db0-5143-11f1-bfad-198183369b75,83.24055,41.43188,,7.4892,,,,1.5685,3.62458,-0.09654,c0dadee9-703e-4f0a-a29d-6ad25cc75f47,2026-05-16,16:21:22.47,2026-05-16T12:21:22.4753152-04:00,2026-05-16T16:21:22.4753152Z,,v3,471301,471281,d133f518dc004df295395547d13e9707,"Lavey, Robbie",835215,Right,GEO_COL,d6ecf0ea-47b3-42ae-8e88-1bef9cb3d40b,55.48311,-125.11673,12.6661,6.08403,-0.30731,-11.5376,-1.94015,4.2962,-0.47734,328.815635,1.5685,-59.85901,0.70611,1.54305,-0.50318,-0.19393,0.57921,-0.53491,0.19486,3.62458,76.70211,-30.52678,4.18233,-0.76727,-0.04814,0.28666,-0.26724,0.09713,-0.09654,28.22462,-8.5773,2.72008,-0.53746,-0.26592,0.64262,-0.58017,0.20999,,,,,,,,,,,,,,,,,,,,,,,High,High,High,High,Undefined,,,
43,2026-05-16,12:21:43.63,3,3,"Lebel, Colin",10121637,Right,GEO_COL,"Stang, Bobby",1000138110,Right,DAY_FLY,Undefined,2,Top,1,0,2,Cutter,Four-Seam,BallCalled,Undefined,Undefined,Undefined,0,0,,89.60386,-0.424453,-4.180412,2278.609632,181.845496,12:00,6.12152,1.66463,5.01593,-21.04281,15.09855,0.44941,3.96629,-2.25026,81.78394,-4.319079,-4.101462,0.432687,,,,,,,,,,,,-1.37894,7.93745,-1.26371,50,6.06429,9.45421,-129.63901,-1.72644,-2.34803,26.95871,-18.65848,GEO_COL,DAY_FLY,TuckerFieldatBarcroftPark,D1,A10,20260516-TuckerFieldatBarcroftPark-1,5437d580-5143-11f1-bfad-198183369b75,87.11253,,,7.81992,,,,,,,c0dadee9-703e-4f0a-a29d-6ad25cc75f47,2026-05-16,16:21:43.63,2026-05-16T12:21:43.6312064-04:00,2026-05-16T16:21:43.6312064Z,,v3,471301,471281,d133f518dc004df295395547d13e9707,"Lavey, Robbie",835215,Right,GEO_COL,427e4acf-8d8e-4f06-a7ec-b012c25751d6,55.48028,-130.77368,13.47936,6.12043,-0.94112,-9.32924,-1.66371,9.55303,-1.17401,,,,,,,,,,,,,,,,,,,,,,,,,,,,,,,,,,,,,,,,,,,,,,,,,,,High,High,High,,,,,
44,2026-05-16,12:21:59.14,3,4,"Lebel, Colin",10121637,Right,GEO_COL,"Stang, Bobby",1000138110,Right,DAY_FLY,Undefined,2,Top,1,1,2,Slider,Slider,BallCalled,Undefined,Undefined,Undefined,0,0,,80.39477,-3.11608,-1.552887,2751.031837,108.634571,9:30,6.09821,1.80289,5.04685,-38.44329,6.41567,-14.77402,-0.04854,-0.89336,74.17434,-10.035138,-4.167345,0.482054,,,,,,,,,,,,6.97363,4.4752,-1.64236,50,5.77028,3.75844,-116.46026,-7.70065,9.54605,22.54327,-26.04805,GEO_COL,DAY_FLY,TuckerFieldatBarcroftPark,D1,A10,20260516-TuckerFieldatBarcroftPark-1,5d7148c0-5143-11f1-bfad-198183369b75,78.19125,,,6.22044,,,,,,,c0dadee9-703e-4f0a-a29d-6ad25cc75f47,2026-05-16,16:21:59.14,2026-05-16T12:21:59.1483392-04:00,2026-05-16T16:21:59.1483392Z,,v3,471301,471281,d133f518dc004df295395547d13e9707,"Lavey, Robbie",835215,Right,GEO_COL,473660be-a849-45ae-9a5e-674cfd536ff8,55.453,-117.51106,11.27164,6.10093,-6.48648,-13.02403,-1.80718,3.31347,4.77302,,,,,,,,,,,,,,,,,,,,,,,,,,,,,,,,,,,,,,,,,,,,,,,,,,,High,High,High,,,,,
45,2026-05-16,12:22:16.22,3,5,"Lebel, Colin",10121637,Right,GEO_COL,"Stang, Bobby",1000138110,Right,DAY_FLY,Undefined,2,Top,1,2,2,Fastball,Four-Seam,InPlay,Undefined,FlyBall,Out,1,0,,88.24081,-2.093565,-2.01736,2335.561929,189.973593,12:15,6.1545,1.7649,5.23911,-19.90489,16.43485,2.71158,2.52598,0.09403,81.78463,-5.770104,-1.536883,0.433873,93.97172,22.380486,-26.695491,2148.460163,95.98922,40.31395,-53.72172,326.97117,264.82093,-35.330133,3.973526,-1.85047,9.06008,-1.58152,50,5.94728,4.39514,-128.12726,-5.38227,-3.11963,22.96789,-16.90016,GEO_COL,DAY_FLY,TuckerFieldatBarcroftPark,D1,A10,20260516-TuckerFieldatBarcroftPark-1,67919990-5143-11f1-bfad-198183369b75,86.87439,51.04959,,6.45618,,,,2.52928,2.69857,-0.14559,c0dadee9-703e-4f0a-a29d-6ad25cc75f47,2026-05-16,16:22:16.22,2026-05-16T12:22:16.2299904-04:00,2026-05-16T16:22:16.2299904Z,LineDrive,v3,471301,471281,d133f518dc004df295395547d13e9707,"Lavey, Robbie",835215,Right,GEO_COL,bcaa509f-d3de-4253-ab5a-c5342f7b9292,55.26126,-129.06694,11.48394,6.15334,-4.69084,-8.45008,-1.76395,4.52278,-1.55981,143.681657,2.52933,113.85221,-23.80459,5.49536,-1.05682,0.17452,-0.02784,0.00363,-0.00022,2.69864,52.4817,-14.77983,0.2514,0.01048,0.00847,-0.003,0.00085,-0.0001,-0.14527,-57.26574,2.99497,-0.05893,0.01529,-0.03764,0.01409,-0.00229,0.00014,,,,,,,,,,,,,,,,,,,,,,,High,High,High,High,Medium,,,
46,2026-05-16,12:22:55.31,4,1,"Lebel, Colin",10121637,Right,GEO_COL,"Lynch, Colin",1000285952,Right,DAY_FLY,Undefined,2,Top,2,0,0,Cutter,Four-Seam,StrikeCalled,Undefined,Undefined,Undefined,0,0,,89.17764,-2.398883,-2.737665,2243.650507,183.900172,12:15,5.97063,1.93917,5.5743,-19.39611,15.91465,1.01516,2.10982,-0.53522,82.39967,-6.00536,-2.556845,0.427686,,,,,,,,,,,,-1.19323,8.97792,-1.70401,50,5.75115,6.1426,-129.37908,-6.0677,-2.04391,24.31724,-16.79551,GEO_COL,DAY_FLY,TuckerFieldatBarcroftPark,D1,A10,20260516-TuckerFieldatBarcroftPark-1,7ee21340-5143-11f1-bfad-198183369b75,88.13112,,,6.77798,,,,,,,c0dadee9-703e-4f0a-a29d-6ad25cc75f47,2026-05-16,16:22:55.31,2026-05-16T12:22:55.3110528-04:00,2026-05-16T16:22:55.3110528Z,,v3,471301,471281,d133f518dc004df295395547d13e9707,"Lavey, Robbie",835215,Right,GEO_COL,dfb5ddc0-81fe-4abf-b4ee-1fa45153940b,54.9243,-130.30133,12.15862,5.96919,-5.43072,-8.39775,-1.93844,6.22012,-1.02196,,,,,,,,,,,,,,,,,,,,,,,,,,,,,,,,,,,,,,,,,,,,,,,,,,,High,High,High,,,,,
47,2026-05-16,12:23:08.30,4,2,"Lebel, Colin",10121637,Right,GEO_COL,"Lynch, Colin",1000285952,Right,DAY_FLY,Undefined,2,Top,2,0,1,Cutter,Slider,InPlay,Undefined,GroundBall,Single,0,0,,86.31046,-0.517025,-2.67784,2378.55468,170.448487,11:45,6.02929,2.037,5.18324,-28.56691,9.71863,-1.44732,3.16174,-0.60488,79.58618,-5.7427,-2.933781,0.445337,108.30234,8.616603,-17.161096,4978.402105,104.52611,11.37735,-34.26739,204.88773,204.88773,-19.825099,1.612228,0.04217,5.31481,-1.78687,50,5.95957,5.92073,-125.24848,-2.17511,0.06748,23.4709,-23.66643,GEO_COL,DAY_FLY,TuckerFieldatBarcroftPark,D1,A10,20260516-TuckerFieldatBarcroftPark-1,86a36570-5143-11f1-bfad-198183369b75,84.63803,11.42304,,6.72427,,,,1.88187,3.21545,0.55884,c0dadee9-703e-4f0a-a29d-6ad25cc75f47,2026-05-16,16:23:08.30,2026-05-16T12:23:08.3088384-04:00,2026-05-16T16:23:08.3088384Z,LineDrive,v3,471301,471281,d133f518dc004df295395547d13e9707,"Lavey, Robbie",835215,Right,GEO_COL,8429ada2-0272-4431-8f63-366c06524f26,55.31629,-126.24079,11.73545,6.03038,-1.17453,-11.83322,-2.03713,5.91787,0.03374,103.152694,1.88187,150.05826,-24.79754,4.38219,-0.99122,0.21306,-0.04424,0.00738,-0.00065,3.21545,23.79817,-18.50699,2.06623,-0.44697,0.10885,-0.02232,0.00367,-0.00033,0.55884,-46.33917,1.09246,0.67936,-0.23375,0.07176,-0.01709,0.00307,-0.00029,,,,,,,,,,,,,,,,,,,,,,,High,High,High,High,High,,,
48,2026-05-16,12:23:43.56,5,1,"Lebel, Colin",10121637,Right,GEO_COL,"Sardinas, Alejandro",1000180208,Right,DAY_FLY,Undefined,2,Top,2,0,0,Fastball,Four-Seam,FoulBallNotFieldable,Undefined,Undefined,Undefined,0,0,,89.10409,-1.430028,-3.234386,2205.394184,193.079927,12:30,5.90431,1.96461,5.49925,-19.04084,16.24131,3.54949,2.97761,-0.76803,82.61039,-4.968128,-2.603653,0.427513,,,,,,,,,,,,-2.55843,8.85611,-1.68416,50,5.76636,7.15745,-129.35698,-3.87353,-4.40334,23.00224,-16.9317,GEO_COL,DAY_FLY,TuckerFieldatBarcroftPark,D1,A10,20260516-TuckerFieldatBarcroftPark-1,9ba5a960-5143-11f1-bfad-198183369b75,88.16681,,,6.4937,,,,,,,c0dadee9-703e-4f0a-a29d-6ad25cc75f47,2026-05-16,16:23:43.56,2026-05-16T12:23:43.5660288-04:00,2026-05-16T16:23:43.5660288Z,,v3,471301,471281,d133f518dc004df295395547d13e9707,"Lavey, Robbie",835215,Right,GEO_COL,101ed8cb-2516-4111-9d62-80f0206fc907,55.00074,-130.24317,11.50112,5.90303,-3.22121,-8.46585,-1.96318,7.3271,-2.20167,,,,,,,,,,,,,,,,,,,,,,,,,,,,,,,,,,,,,,,,,,,,,,,,,,,High,High,High,,,,,
49,2026-05-16,12:23:58.91,5,2,"Lebel, Colin",10121637,Right,GEO_COL,"Sardinas, Alejandro",1000180208,Right,DAY_FLY,Undefined,2,Top,2,0,1,Sinker,Sinker,BallCalled,Undefined,Undefined,Undefined,0,0,,89.21589,-2.722142,-3.268826,2260.553073,240.323765,2:00,5.64915,2.23195,5.3392,-28.44942,8.10107,11.84658,0.71858,0.14927,80.59919,-7.959907,-1.165568,0.435129,,,,,,,,,,,,-6.99414,5.33733,-1.94565,50,5.38304,6.82471,-128.95851,-7.19096,-11.59145,30.7818,-23.32841,GEO_COL,DAY_FLY,TuckerFieldatBarcroftPark,D1,A10,20260516-TuckerFieldatBarcroftPark-1,a4c998d0-5143-11f1-bfad-198183369b75,86.62362,,,8.61669,,,,,,,c0dadee9-703e-4f0a-a29d-6ad25cc75f47,2026-05-16,16:23:58.91,2026-05-16T12:23:58.9116416-04:00,2026-05-16T16:23:58.9116416Z,,v3,471301,471281,d133f518dc004df295395547d13e9707,"Lavey, Robbie",835215,Right,GEO_COL,4b88bfdb-18b5-4546-9498-681b78b3495c,55.15697,-130.18364,15.3909,5.65076,-6.26249,-11.66421,-2.22646,7.28605,-5.79573,,,,,,,,,,,,,,,,,,,,,,,,,,,,,,,,,,,,,,,,,,,,,,,,,,,High,High,High,,,,,
50,2026-05-16,12:24:14.02,5,3,"Lebel, Colin",10121637,Right,GEO_COL,"Sardinas, Alejandro",1000180208,Right,DAY_FLY,Undefined,2,Top,2,1,1,Fastball,Cutter,BallCalled,Undefined,Undefined,Undefined,0,0,,89.0853,-2.796293,-2.454926,2491.847699,198.651897,12:30,5.87044,2.03302,5.04108,-27.29714,8.73922,2.60677,0.95335,-0.06696,82.70182,-7.740286,-1.994425,0.432058,,,,,,,,,,,,-1.89221,5.33229,-1.8009,50,5.58149,5.41965,-129.1859,-7.37599,-3.23895,23.65746,-23.04649,GEO_COL,DAY_FLY,TuckerFieldatBarcroftPark,D1,A10,20260516-TuckerFieldatBarcroftPark-1,add2fb60-5143-11f1-bfad-198183369b75,87.23935,,,6.38348,,,,,,,c0dadee9-703e-4f0a-a29d-6ad25cc75f47,2026-05-16,16:24:14.02,2026-05-16T12:24:14.0264960-04:00,2026-05-16T16:24:14.0264960Z,,v3,471301,471281,d133f518dc004df295395547d13e9707,"Lavey, Robbie",835215,Right,GEO_COL,f95eaaba-4bf3-4b79-81a7-824aebeee763,55.45846,-130.18165,11.82873,5.87153,-6.40595,-11.52325,-2.03189,5.55598,-1.61948,,,,,,,,,,,,,,,,,,,,,,,,,,,,,,,,,,,,,,,,,,,,,,,,,,,High,High,High,,,,,
51,2026-05-16,12:24:30.55,5,4,"Lebel, Colin",10121637,Right,GEO_COL,"Sardinas, Alejandro",1000180208,Right,DAY_FLY,Undefined,2,Top,2,2,1,Cutter,Cutter,BallCalled,Undefined,Undefined,Undefined,0,0,,90.0431,-4.204839,-2.800945,2286.647185,163.870701,11:30,5.93287,1.86441,5.49928,-16.27713,18.80068,-5.11957,0.63175,-1.18411,82.83439,-7.241852,-3.711018,0.426273,,,,,,,,,,,,1.83662,10.9491,-1.61592,50,5.55355,6.60205,-130.28994,-10.10449,3.17027,26.30016,-13.27429,GEO_COL,DAY_FLY,TuckerFieldatBarcroftPark,D1,A10,20260516-TuckerFieldatBarcroftPark-1,b7b49580-5143-11f1-bfad-198183369b75,88.42324,,,7.20871,,,,,,,c0dadee9-703e-4f0a-a29d-6ad25cc75f47,2026-05-16,16:24:30.55,2026-05-16T12:24:30.5532928-04:00,2026-05-16T16:24:30.5532928Z,,v3,471301,471281,d133f518dc004df295395547d13e9707,"Lavey, Robbie",835215,Right,GEO_COL,1ec93f74-a265-4e2a-acca-13d524eb0bfb,54.99843,-131.29504,13.15008,5.93002,-9.59719,-6.63715,-1.86591,6.48089,1.58513,,,,,,,,,,,,,,,,,,,,,,,,,,,,,,,,,,,,,,,,,,,,,,,,,,,High,High,High,,,,,
52,2026-05-16,12:24:49.19,5,5,"Lebel, Colin",10121637,Right,GEO_COL,"Sardinas, Alejandro",1000180208,Right,DAY_FLY,Undefined,2,Top,2,3,1,Cutter,Four-Seam,FoulBallNotFieldable,Undefined,Undefined,Undefined,0,0,,90.06014,-2.047876,-2.633335,2129.634929,172.67533,11:45,5.88397,1.89855,5.54691,-17.23714,17.9156,-2.15158,2.53097,-0.74333,81.96681,-5.302181,-3.016249,0.426728,72.28746,60.654757,77.138662,5565.189425,,,,,43.89938,,,0.31949,10.028,-1.66896,50,5.69544,6.09659,-130.5043,-5.21671,0.54787,28.90714,-14.97703,GEO_COL,DAY_FLY,TuckerFieldatBarcroftPark,D1,A10,20260516-TuckerFieldatBarcroftPark-1,c2c009a0-5143-11f1-bfad-198183369b75,88.329,69.69258,,8.09333,,,,0.83195,2.69782,0.77577,c0dadee9-703e-4f0a-a29d-6ad25cc75f47,2026-05-16,16:24:49.19,2026-05-16T12:24:49.1910144-04:00,2026-05-16T16:24:49.1910144Z,,v3,471301,471281,d133f518dc004df295395547d13e9707,"Lavey, Robbie",835215,Right,GEO_COL,bd50f113-3c7f-4fba-aa7e-da399d5e0e2b,54.95098,-131.59639,14.45357,5.88183,-4.65089,-7.48851,-1.89889,6.0759,0.27393,207.534651,0.83195,11.56546,-13.47498,5.1691,-1.46449,0.37044,-0.08956,0.0179,-0.00215,2.69782,92.41704,-28.06039,3.24856,-0.46273,0.03383,0.00462,-0.0027,0.00046,0.77577,50.65448,-9.12382,1.94401,-0.33857,0.04785,-0.00565,0.00017,-0,,,,,,,,,,,,,,,,,,,,,,,High,High,High,High,Undefined,,,
53,2026-05-16,12:25:11.25,5,6,"Lebel, Colin",10121637,Right,GEO_COL,"Sardinas, Alejandro",1000180208,Right,DAY_FLY,Undefined,2,Top,2,3,2,Fastball,Slider,InPlay,Undefined,FlyBall,Out,1,0,,86.96895,0.142223,-2.702952,2432.200746,210.047893,1:00,5.75119,2.02472,4.99159,-28.96998,9.21398,4.64437,3.47147,-0.14224,79.62126,-5.157756,-1.884467,0.444746,94.67832,21.839264,7.938972,3292.99145,107.70186,40.31722,22.36501,296.40696,292.3848,19.020166,3.853655,-3.04697,4.86886,-1.76839,50,5.74157,5.74326,-126.0913,-0.78226,-4.91676,25.08602,-24.31746,GEO_COL,DAY_FLY,TuckerFieldatBarcroftPark,D1,A10,20260516-TuckerFieldatBarcroftPark-1,cff00b70-5143-11f1-bfad-198183369b75,84.75054,48.90908,,7.34769,,,,0.80306,3.46843,0.16108,c0dadee9-703e-4f0a-a29d-6ad25cc75f47,2026-05-16,16:25:11.25,2026-05-16T12:25:11.2596480-04:00,2026-05-16T16:25:11.2596480Z,LineDrive,v3,471301,471281,d133f518dc004df295395547d13e9707,"Lavey, Robbie",835215,Right,GEO_COL,cc974222-7d6e-4294-b6d9-40f0331f8c6d,55.50706,-127.18222,12.54301,5.75259,0.27523,-12.15873,-2.02279,5.95708,-2.45838,220.342806,0.80309,127.65611,-26.68473,5.83271,-1.17576,0.21036,-0.03079,0.00286,-0.0001,3.46842,51.66109,-15.65053,0.62684,-0.08803,0.03991,-0.0147,0.00329,-0.00029,0.16118,17.80397,5.83946,-2.22591,0.58882,-0.1285,0.02206,-0.00234,0.0001,,,,,,,,,,,,,,,,,,,,,,,High,High,High,High,High,,,
54,2026-05-16,12:27:44.63,1,1,"Pavia, Niklas",1000145631,Right,DAY_FLY,"Walker, Conlon",1000115634,Left,GEO_COL,Undefined,2,Bottom,0,0,0,Fastball,Sinker,BallCalled,Undefined,Undefined,Undefined,0,0,,94.46791,-0.033239,-1.379439,2372.639052,228.763597,1:45,5.38146,2.29719,5.70907,-14.68753,17.34284,18.44855,4.12653,2.54914,84.76093,-2.866449,1.919622,0.407336,,,,,,,,,,,,-9.56977,9.06875,-2.19182,50,5.36943,2.37619,-136.89166,-0.49904,-17.86637,34.76407,-15.24308,GEO_COL,DAY_FLY,TuckerFieldatBarcroftPark,D1,A10,20260516-TuckerFieldatBarcroftPark-1,2b5f5510-5144-11f1-bfad-198183369b75,92.53412,,,9.70698,,,,,,,c0dadee9-703e-4f0a-a29d-6ad25cc75f47,2026-05-16,16:27:44.63,2026-05-16T12:27:44.6381056-04:00,2026-05-16T16:27:44.6381056Z,,v3,471301,471281,d133f518dc004df295395547d13e9707,"MacDougall, Ryan",836327,Right,DAY_FLY,3cb09fe3-82ac-4bee-9bac-754dc34cffad,54.7826,-138.10088,17.38203,5.37757,0.03117,-7.62154,-2.28528,2.99764,-8.93319,,,,,,,,,,,,,,,,,,,,,,,,,,,,,,,,,,,,,,,,,,,,,,,,,,,High,High,High,,,,,
55,2026-05-16,12:28:03.14,1,2,"Pavia, Niklas",1000145631,Right,DAY_FLY,"Walker, Conlon",1000115634,Left,GEO_COL,Undefined,2,Bottom,0,1,0,Curveball,Curveball,BallCalled,Undefined,Undefined,Undefined,0,0,,81.15587,3.757896,-2.60166,2347.885417,9.281546,6:15,5.3275,2.3304,5.15598,-47.69928,-3.38933,-0.80402,4.89867,-0.18728,73.216,-4.934757,-2.743543,0.479095,,,,,,,,,,,,-0.40878,-2.31768,-2.08666,50,5.64303,5.36433,-117.28682,5.94974,-0.56332,24.39589,-35.36796,GEO_COL,DAY_FLY,TuckerFieldatBarcroftPark,D1,A10,20260516-TuckerFieldatBarcroftPark-1,368a8630-5144-11f1-bfad-198183369b75,78.67419,,,7.93987,,,,,,,c0dadee9-703e-4f0a-a29d-6ad25cc75f47,2026-05-16,16:28:03.14,2026-05-16T12:28:03.1436288-04:00,2026-05-16T16:28:03.1436288Z,,v3,471301,471281,d133f518dc004df295395547d13e9707,"MacDougall, Ryan",836327,Right,DAY_FLY,3a359328-c254-44f8-8a82-92269e7a98bb,55.34042,-118.39243,12.19795,5.33707,7.5526,-17.68398,-2.33034,5.38986,-0.28166,,,,,,,,,,,,,,,,,,,,,,,,,,,,,,,,,,,,,,,,,,,,,,,,,,,High,High,High,,,,,
56,2026-05-16,12:28:18.47,1,3,"Pavia, Niklas",1000145631,Right,DAY_FLY,"Walker, Conlon",1000115634,Left,GEO_COL,Undefined,2,Bottom,0,2,0,Fastball,Sinker,BallCalled,Undefined,Undefined,Undefined,0,0,,94.29594,-1.085727,-2.251055,2355.040862,227.57011,1:30,5.37461,2.22454,5.77693,-15.22568,16.95851,17.21895,3.09466,1.56381,84.4242,-4.020958,0.830901,0.408312,,,,,,,,,,,,-9.44245,9.31815,-2.04877,50,5.27593,4.55577,-136.58197,-3.04032,-17.48194,35.65937,-14.92222,GEO_COL,DAY_FLY,TuckerFieldatBarcroftPark,D1,A10,20260516-TuckerFieldatBarcroftPark-1,3f831fe0-5144-11f1-bfad-198183369b75,92.31275,,,9.87175,,,,,,,c0dadee9-703e-4f0a-a29d-6ad25cc75f47,2026-05-16,16:28:18.47,2026-05-16T12:28:18.4798208-04:00,2026-05-16T16:28:18.4798208Z,,v3,471301,471281,d133f518dc004df295395547d13e9707,"MacDougall, Ryan",836327,Right,DAY_FLY,f81bbb0b-3771-4a63-b43d-db0fde080a9d,54.71773,-137.80819,17.82969,5.37165,-2.52719,-7.46111,-2.21577,5.15693,-8.74097,,,,,,,,,,,,,,,,,,,,,,,,,,,,,,,,,,,,,,,,,,,,,,,,,,,High,High,High,,,,,
57,2026-05-16,12:28:33.83,1,4,"Pavia, Niklas",1000145631,Right,DAY_FLY,"Walker, Conlon",1000115634,Left,GEO_COL,Undefined,2,Bottom,0,3,0,Fastball,Four-Seam,StrikeCalled,Undefined,Undefined,Undefined,0,0,,93.41567,-1.416256,-3.551063,2361.472128,218.445757,1:15,5.40799,2.1597,5.89788,-12.5915,20.09005,14.96587,3.04109,0.10593,83.64656,-3.888818,-0.871596,0.411455,,,,,,,,,,,,-8.75426,11.04989,-1.88194,50,5.28663,7.69709,-135.17259,-3.65679,-15.89833,34.53274,-12.10671,GEO_COL,DAY_FLY,TuckerFieldatBarcroftPark,D1,A10,20260516-TuckerFieldatBarcroftPark-1,48ba9750-5144-11f1-bfad-198183369b75,91.6076,,,9.76911,,,,,,,c0dadee9-703e-4f0a-a29d-6ad25cc75f47,2026-05-16,16:28:33.83,2026-05-16T12:28:33.8302976-04:00,2026-05-16T16:28:33.8302976Z,,v3,471301,471281,d133f518dc004df295395547d13e9707,"MacDougall, Ryan",836327,Right,DAY_FLY,92b3691e-7b39-496f-85b6-0e325652f8a8,54.59658,-136.34183,17.26637,5.40351,-3.24688,-6.05335,-2.15167,8.23538,-7.94916,,,,,,,,,,,,,,,,,,,,,,,,,,,,,,,,,,,,,,,,,,,,,,,,,,,High,High,High,,,,,
58,2026-05-16,12:28:48.61,1,5,"Pavia, Niklas",1000145631,Right,DAY_FLY,"Walker, Conlon",1000115634,Left,GEO_COL,Undefined,2,Bottom,0,3,1,Fastball,Four-Seam,StrikeCalled,Undefined,Undefined,Undefined,0,0,,94.17434,-2.148037,-3.031463,2360.014291,226.04969,1:30,5.41233,2.27407,5.82402,-15.80867,16.71194,15.96639,2.09426,0.78374,83.75472,-5.2008,-0.173377,0.410441,,,,,,,,,,,,-9.12859,9.62603,-2.03517,50,5.22734,6.452,-136.13882,-5.57564,-16.66635,37.45472,-14.59945,GEO_COL,DAY_FLY,TuckerFieldatBarcroftPark,D1,A10,20260516-TuckerFieldatBarcroftPark-1,5184a6f0-5144-11f1-bfad-198183369b75,91.83404,,,10.41961,,,,,,,c0dadee9-703e-4f0a-a29d-6ad25cc75f47,2026-05-16,16:28:48.61,2026-05-16T12:28:48.6108160-04:00,2026-05-16T16:28:48.6108160Z,,v3,471301,471281,d133f518dc004df295395547d13e9707,"MacDougall, Ryan",836327,Right,DAY_FLY,aae860de-d646-48b0-8df0-ddbda3574aaa,54.66884,-137.41732,18.72736,5.40915,-5.07729,-7.29972,-2.26511,7.0209,-8.33317,,,,,,,,,,,,,,,,,,,,,,,,,,,,,,,,,,,,,,,,,,,,,,,,,,,High,High,High,,,,,
59,2026-05-16,12:29:03.93,1,6,"Pavia, Niklas",1000145631,Right,DAY_FLY,"Walker, Conlon",1000115634,Left,GEO_COL,Undefined,2,Bottom,0,3,2,Fastball,Four-Seam,StrikeSwinging,Strikeout,Undefined,Undefined,0,0,,94.54366,-0.240518,-3.046252,2302.006885,213.050553,1:00,5.44622,2.27785,5.87232,-12.69623,19.5032,11.84552,4.16449,0.4329,83.83001,-2.747737,-0.925313,0.408409,,,,,,,,,,,,-7.05784,10.34312,-2.03769,50,5.41943,6.71043,-136.73763,-0.88292,-12.98951,37.99094,-13.13817,GEO_COL,DAY_FLY,TuckerFieldatBarcroftPark,D1,A10,20260516-TuckerFieldatBarcroftPark-1,5a9d99e0-5144-11f1-bfad-198183369b75,92.29083,,,10.71365,,,,,,,c0dadee9-703e-4f0a-a29d-6ad25cc75f47,2026-05-16,16:29:03.93,2026-05-16T12:29:03.9310000-04:00,2026-05-16T16:29:03.9310000Z,,v3,471301,471281,d133f518dc004df295395547d13e9707,"MacDougall, Ryan",836327,Right,DAY_FLY,876055b3-3f75-471d-bda1-cab763c36c11,54.61925,-138.01507,18.99547,5.44169,-0.44115,-6.56909,-2.27068,7.1472,-6.49476,,,,,,,,,,,,,,,,,,,,,,,,,,,,,66.93603,2.685546,1.66743,1.018115,-1.91088,3.99885,-0.383,-2.44423,6.25916,4.6062,68.49243,9.82949,56.29603,-2.41793,76.16546,-6.59505,6.26312,15.78712,-12.10555,4.64324,58.64361,-8.03824,High,High,High,,,High,Medium,Low
60,2026-05-16,12:29:31.92,2,1,"Pavia, Niklas",1000145631,Right,DAY_FLY,"Peitz, Travis",10035065,Right,GEO_COL,Undefined,2,Bottom,1,0,0,Curveball,Curveball,StrikeCalled,Undefined,Undefined,Undefined,0,0,,80.04594,2.763118,-2.367732,2355.777961,34.226424,7:15,5.43002,2.16701,5.49665,-52.63983,-7.69615,-6.29642,3.63213,-0.57367,72.44118,-6.858495,-3.487485,0.48251,,,,,,,,,,,,2.39587,-4.225,-1.95558,50,5.63682,5.05014,-115.89954,3.74612,3.21365,24.46597,-37.84119,GEO_COL,DAY_FLY,TuckerFieldatBarcroftPark,D1,A10,20260516-TuckerFieldatBarcroftPark-1,6b569b60-5144-11f1-bfad-198183369b75,78.11751,,,7.60476,,,,,,,c0dadee9-703e-4f0a-a29d-6ad25cc75f47,2026-05-16,16:29:31.92,2026-05-16T12:29:31.9247360-04:00,2026-05-16T16:29:31.9247360Z,,v3,471301,471281,d133f518dc004df295395547d13e9707,"MacDougall, Ryan",836327,Right,DAY_FLY,2339313f-ed70-4053-b742-fa689aab6d49,55.00154,-116.95058,12.23299,5.44097,5.37175,-18.92059,-2.16957,4.91209,1.60682,,,,,,,,,,,,,,,,,,,,,,,,,,,,,,,,,,,,,,,,,,,,,,,,,,,High,High,High,,,,,
61,2026-05-16,12:29:48.93,2,2,"Pavia, Niklas",1000145631,Right,DAY_FLY,"Peitz, Travis",10035065,Right,GEO_COL,Undefined,2,Bottom,1,0,1,Curveball,Curveball,BallCalled,Undefined,Undefined,Undefined,0,0,,80.98923,1.141411,-4.218357,2401.694194,30.306074,7:00,5.42171,2.21258,5.40772,-49.4468,-5.4024,-4.03236,2.37361,-2.08289,73.6831,-7.853506,-4.932541,0.477658,,,,,,,,,,,,0.69854,-2.56433,-1.83367,50,5.48935,8.80836,-117.15429,0.57386,0.95971,24.50311,-35.69712,GEO_COL,DAY_FLY,TuckerFieldatBarcroftPark,D1,A10,20260516-TuckerFieldatBarcroftPark-1,75751770-5144-11f1-bfad-198183369b75,78.91101,,,7.30613,,,,,,,c0dadee9-703e-4f0a-a29d-6ad25cc75f47,2026-05-16,16:29:48.93,2026-05-16T12:29:48.9301504-04:00,2026-05-16T16:29:48.9301504Z,,v3,471301,471281,d133f518dc004df295395547d13e9707,"MacDougall, Ryan",836327,Right,DAY_FLY,75d994ba-d86f-4d2c-846b-c5e91c6bfa66,55.09006,-118.21409,12.25156,5.43114,2.11783,-17.84856,-2.21375,8.76685,0.47985,,,,,,,,,,,,,,,,,,,,,,,,,,,,,,,,,,,,,,,,,,,,,,,,,,,High,High,High,,,,,
62,2026-05-16,12:30:05.45,2,3,"Pavia, Niklas",1000145631,Right,DAY_FLY,"Peitz, Travis",10035065,Right,GEO_COL,Undefined,2,Bottom,1,1,1,Fastball,Four-Seam,StrikeCalled,Undefined,Undefined,Undefined,0,0,,93.92797,-1.924266,-4.472272,2368.826183,213.196839,1:00,5.43926,2.17644,5.91236,-11.96449,20.33745,12.51934,2.65014,-0.93953,84.33752,-4.275014,-2.234924,0.409059,,,,,,,,,,,,-7.79004,11.32851,-1.82397,50,5.27759,10.04152,-135.76737,-4.86237,-14.31739,33.97445,-11.35331,GEO_COL,DAY_FLY,TuckerFieldatBarcroftPark,D1,A10,20260516-TuckerFieldatBarcroftPark-1,7f4bb510-5144-11f1-bfad-198183369b75,92.1443,,,9.59045,,,,,,,c0dadee9-703e-4f0a-a29d-6ad25cc75f47,2026-05-16,16:30:05.45,2026-05-16T12:30:05.4530048-04:00,2026-05-16T16:30:05.4530048Z,,v3,471301,471281,d133f518dc004df295395547d13e9707,"MacDougall, Ryan",836327,Right,DAY_FLY,cbb47318-f58a-41db-be13-e4785ca6a19d,54.58243,-136.90928,16.98722,5.43461,-4.48078,-5.67665,-2.16956,10.52274,-7.15869,,,,,,,,,,,,,,,,,,,,,,,,,,,,,,,,,,,,,,,,,,,,,,,,,,,High,High,High,,,,,
63,2026-05-16,12:30:23.46,2,4,"Pavia, Niklas",1000145631,Right,DAY_FLY,"Peitz, Travis",10035065,Right,GEO_COL,Undefined,2,Bottom,1,1,2,Fastball,Sinker,FoulBallNotFieldable,Undefined,Undefined,Undefined,0,0,,94.02329,-1.166798,-3.78765,2330.518295,229.286308,1:45,5.48279,2.17403,5.99798,-17.77296,14.19477,15.15678,2.91801,-0.07776,84.72183,-4.555346,-1.069147,0.406937,,,,,,,,,,,,-8.76524,7.94524,-1.88256,50,5.38088,8.28552,-136.08898,-3.32253,-16.24636,33.11574,-17.44759,GEO_COL,DAY_FLY,TuckerFieldatBarcroftPark,D1,A10,20260516-TuckerFieldatBarcroftPark-1,8a0a8fd0-5144-11f1-bfad-198183369b75,92.62474,,,9.30145,,,,,,,c0dadee9-703e-4f0a-a29d-6ad25cc75f47,2026-05-16,16:30:23.46,2026-05-16T12:30:23.4630000-04:00,2026-05-16T16:30:23.4630000Z,,v3,471301,471281,d133f518dc004df295395547d13e9707,"MacDougall, Ryan",836327,Right,DAY_FLY,f0e07a2e-b655-4224-8d95-39917b670234,54.49438,-137.17828,16.55787,5.48073,-2.74862,-8.7238,-2.16388,8.81991,-8.12318,,,,,,,,,,,,,,,,,,,,,,,,,,,,,,,,,,,,,,,,,,,,,,,,,,,High,High,High,,,,,
64,2026-05-16,12:30:45.76,2,5,"Pavia, Niklas",1000145631,Right,DAY_FLY,"Peitz, Travis",10035065,Right,GEO_COL,Undefined,2,Bottom,1,1,2,Curveball,Curveball,BallCalled,Undefined,Undefined,Undefined,0,0,,80.08627,0.31932,-3.065463,2358.489331,9.865842,6:15,5.38933,2.20326,5.22354,-49.40038,-5.07658,-1.0978,1.57328,-0.77294,74.40985,-8.588033,-3.25993,0.47917,,,,,,,,,,,,-0.22008,-2.24063,-1.91949,50,5.38145,6.27061,-116.2603,-1.13036,-0.3041,19.85893,-35.26988,GEO_COL,DAY_FLY,TuckerFieldatBarcroftPark,D1,A10,20260516-TuckerFieldatBarcroftPark-1,9754f770-5144-11f1-bfad-198183369b75,78.66187,,,5.67642,,,,,,,c0dadee9-703e-4f0a-a29d-6ad25cc75f47,2026-05-16,16:30:45.76,2026-05-16T12:30:45.7669120-04:00,2026-05-16T16:30:45.7669120Z,,v3,471301,471281,d133f518dc004df295395547d13e9707,"MacDougall, Ryan",836327,Right,DAY_FLY,4c642722-dc56-4d1b-824e-44cd503cbdb9,55.27781,-117.15836,9.92947,5.39651,0.46461,-17.63494,-2.20338,6.28436,-0.15205,,,,,,,,,,,,,,,,,,,,,,,,,,,,,,,,,,,,,,,,,,,,,,,,,,,High,High,High,,,,,
65,2026-05-16,12:31:07.12,2,6,"Pavia, Niklas",1000145631,Right,DAY_FLY,"Peitz, Travis",10035065,Right,GEO_COL,Undefined,2,Bottom,1,2,2,Fastball,Four-Seam,FoulBallNotFieldable,Undefined,Undefined,Undefined,0,0,,93.72762,-1.911023,-4.096298,2276.013028,221.013339,1:15,5.41014,2.03528,6.1046,-15.26044,16.87682,13.64942,2.36601,-0.62184,84.3285,-4.856686,-1.645262,0.408015,74.80652,22.280218,152.778928,4071.007141,,,,,30.68821,,,-8.38221,9.66875,-1.72719,50,5.25498,9.12196,-135.64508,-4.96821,-15.37543,33.95897,-14.43879,GEO_COL,DAY_FLY,TuckerFieldatBarcroftPark,D1,A10,20260516-TuckerFieldatBarcroftPark-1,a40ac030-5144-11f1-bfad-198183369b75,92.3801,13.30607,,9.39912,,,,0.9933,2.30739,0.53124,c0dadee9-703e-4f0a-a29d-6ad25cc75f47,2026-05-16,16:31:07.12,2026-05-16T12:31:07.1264768-04:00,2026-05-16T16:31:07.1264768Z,,v3,471301,471281,d133f518dc004df295395547d13e9707,"MacDougall, Ryan",836327,Right,DAY_FLY,c432ed24-1829-438d-90d8-3d75bbc0d620,54.39268,-136.74037,16.97949,5.40771,-4.50251,-7.2194,-2.02941,9.61786,-7.68771,286.707062,0.99451,-90.33253,6.74622,,,,,,,2.31205,41.40578,-23.15734,,,,,,,0.54035,46.06394,-19.27377,,,,,,,,,,,,,,,,,,,,,,,,,,,,,High,High,High,High,Undefined,,,
66,2026-05-16,12:31:27.81,2,7,"Pavia, Niklas",1000145631,Right,DAY_FLY,"Peitz, Travis",10035065,Right,GEO_COL,Undefined,2,Bottom,1,2,2,Curveball,Curveball,BallCalled,Undefined,Undefined,Undefined,0,0,,82.12202,2.20155,-2.852104,2368.288644,15.873671,6:30,5.33483,2.29438,5.22143,-47.49148,-5.04768,-1.79543,3.45064,-0.53894,75.45306,-6.407351,-3.169645,0.468898,,,,,,,,,,,,0.13142,-2.70784,-2.02969,50,5.50245,6.00765,-119.06523,2.82316,0.18932,22.07757,-36.07544,GEO_COL,DAY_FLY,TuckerFieldatBarcroftPark,D1,A10,20260516-TuckerFieldatBarcroftPark-1,b0822060-5144-11f1-bfad-198183369b75,80.38515,,,6.66896,,,,,,,c0dadee9-703e-4f0a-a29d-6ad25cc75f47,2026-05-16,16:31:27.81,2026-05-16T12:31:27.8161920-04:00,2026-05-16T16:31:27.8161920Z,,v3,471301,471281,d133f518dc004df295395547d13e9707,"MacDougall, Ryan",836327,Right,DAY_FLY,9ee60aad-0a5e-4672-9cb5-da451217f2d0,55.27869,-120.04004,11.03878,5.34263,4.41602,-18.03772,-2.29477,5.99929,0.09466,,,,,,,,,,,,,,,,,,,,,,,,,,,,,,,,,,,,,,,,,,,,,,,,,,,High,High,High,,,,,
67,2026-05-16,12:31:46.81,2,8,"Pavia, Niklas",1000145631,Right,DAY_FLY,"Peitz, Travis",10035065,Right,GEO_COL,Undefined,2,Bottom,1,3,2,Curveball,Curveball,InPlay,Undefined,GroundBall,Single,0,0,,80.34868,1.493125,-3.66852,2339.673925,11.645232,6:30,5.28616,2.24595,5.57158,-48.11388,-4.23315,-1.14724,2.67453,-1.28098,73.84999,-7.27748,-3.872573,0.476769,84.26737,7.301189,-24.45412,2259.781187,,,,113.78481,111.5403,-27.947364,1.033328,-0.42906,-2.23803,-1.92876,50,5.38297,7.51346,-116.49715,1.40926,-0.58997,21.76607,-35.25146,GEO_COL,DAY_FLY,TuckerFieldatBarcroftPark,D1,A10,20260516-TuckerFieldatBarcroftPark-1,bbb9d4a0-5144-11f1-bfad-198183369b75,79.05802,6.087,,6.49869,,,,2.45925,2.79671,1.22059,c0dadee9-703e-4f0a-a29d-6ad25cc75f47,2026-05-16,16:31:46.81,2026-05-16T12:31:46.8170752-04:00,2026-05-16T16:31:46.8170752Z,GroundBall,v3,471301,471281,d133f518dc004df295395547d13e9707,"MacDougall, Ryan",836327,Right,DAY_FLY,64481342-f1bf-44db-9c15-40e1c1a7b9c3,54.92957,-117.41456,10.88304,5.29225,2.89507,-17.62573,-2.24597,7.53833,-0.29499,86.475468,2.45925,111.59267,-18.96777,3.28373,-0.62926,0.08859,-0.01192,0.00135,-7E-05,2.79671,15.70671,-19.50282,1.93147,-0.35811,0.07492,-0.01324,0.00238,-0.00029,1.22059,-50.74783,-3.66951,2.21362,-0.70903,0.18605,-0.0428,0.0083,-0.00094,,,,,,,,,,,,,,,,,,,,,,,High,High,High,High,High,,,
68,2026-05-16,12:32:27.00,3,1,"Pavia, Niklas",1000145631,Right,DAY_FLY,"Dewey, Christian",10179677,Left,GEO_COL,Undefined,2,Bottom,1,0,0,Fastball,Four-Seam,BallCalled,Undefined,Undefined,Undefined,0,0,,92.7485,-1.398038,-0.716822,2257.157174,221.138407,1:15,5.37938,2.27007,5.89594,-16.75312,16.61603,13.34115,2.68498,2.7163,82.48992,-4.631303,1.678266,0.415761,,,,,,,,,,,,-7.01331,9.35469,-2.21971,50,5.25746,1.06485,-134.30258,-3.76304,-12.44151,36.86967,-15.57897,GEO_COL,DAY_FLY,TuckerFieldatBarcroftPark,D1,A10,20260516-TuckerFieldatBarcroftPark-1,d3a64030-5144-11f1-bfad-198183369b75,90.65887,,,10.25858,,,,,,,c0dadee9-703e-4f0a-a29d-6ad25cc75f47,2026-05-16,16:32:27.00,2026-05-16T12:32:27.0099968-04:00,2026-05-16T16:32:27.0099968Z,,v3,471301,471281,d133f518dc004df295395547d13e9707,"MacDougall, Ryan",836327,Right,DAY_FLY,33b287c7-e05b-4c0d-a4de-75f692cabfd6,54.59667,-135.55862,18.43483,5.37661,-3.23231,-7.78949,-2.26321,1.48869,-6.22075,,,,,,,,,,,,,,,,,,,,,,,,,,,,,,,,,,,,,,,,,,,,,,,,,,,High,High,High,,,,,
69,2026-05-16,12:32:46.81,3,2,"Pavia, Niklas",1000145631,Right,DAY_FLY,"Dewey, Christian",10179677,Left,GEO_COL,Undefined,2,Bottom,1,1,0,Fastball,Four-Seam,BallCalled,Undefined,Undefined,Undefined,0,0,,93.91132,-2.100279,-5.221382,2290.907592,224.983434,1:30,5.40248,2.19606,6.07097,-18.36351,14.09607,12.79764,1.91972,-1.5825,83.76861,-5.613925,-2.930661,0.410056,,,,,,,,,,,,-8.54965,8.3904,-1.7979,50,5.22964,11.84445,-135.57655,-5.55668,-15.49847,36.83903,-16.9643,GEO_COL,DAY_FLY,TuckerFieldatBarcroftPark,D1,A10,20260516-TuckerFieldatBarcroftPark-1,df6d3c20-5144-11f1-bfad-198183369b75,91.92026,,,10.14271,,,,,,,c0dadee9-703e-4f0a-a29d-6ad25cc75f47,2026-05-16,16:32:46.81,2026-05-16T12:32:46.8194304-04:00,2026-05-16T16:32:46.8194304Z,,v3,471301,471281,d133f518dc004df295395547d13e9707,"MacDougall, Ryan",836327,Right,DAY_FLY,ffee3e3b-0afc-4369-b972-5b06b5e1c236,54.42705,-136.77418,18.41951,5.40132,-5.00517,-8.48215,-2.19115,12.3483,-7.74924,,,,,,,,,,,,,,,,,,,,,,,,,,,,,,,,,,,,,,,,,,,,,,,,,,,High,High,High,,,,,
70,2026-05-16,12:33:05.12,3,3,"Pavia, Niklas",1000145631,Right,DAY_FLY,"Dewey, Christian",10179677,Left,GEO_COL,Undefined,2,Bottom,1,2,0,Fastball,Four-Seam,FoulBallNotFieldable,Undefined,Undefined,Undefined,0,0,,92.63349,-1.592482,-2.483561,2221.436715,220.338478,1:15,5.30065,2.17844,5.76204,-17.72174,15.65887,12.22402,2.33987,0.8841,83.05629,-4.974294,-0.296788,0.415833,82.47326,34.083858,-55.542749,4250.627026,56.22981,60.38766,-94.54173,222.76731,106.95293,-62.435861,4.041433,-7.04544,8.8617,-1.98015,50,5.15818,5.26151,-134.13064,-4.2868,-12.5818,34.35696,-16.3487,GEO_COL,DAY_FLY,TuckerFieldatBarcroftPark,D1,A10,20260516-TuckerFieldatBarcroftPark-1,ea5b1620-5144-11f1-bfad-198183369b75,90.6433,63.53179,,9.5772,,,,0.58701,2.3047,-0.55307,c0dadee9-703e-4f0a-a29d-6ad25cc75f47,2026-05-16,16:33:05.12,2026-05-16T12:33:05.1272192-04:00,2026-05-16T16:33:05.1272192Z,FlyBall,v3,471301,471281,d133f518dc004df295395547d13e9707,"MacDougall, Ryan",836327,Right,DAY_FLY,ead0beb1-3012-4de4-a049-13ce46775971,54.73342,-135.33765,17.17848,5.29869,-3.71244,-8.17435,-2.17276,5.70353,-6.2909,,0.58698,56.68127,-18.37257,5.19296,-1.1313,0.22309,-0.04396,0.00636,-0.0004,2.3049,67.7841,-20.95859,1.50614,-0.25427,0.07047,-0.02073,0.00419,-0.00035,-0.55275,-82.61295,16.59185,-3.75095,0.80406,-0.19218,0.04444,-0.00664,0.00041,,,,,,,,,,,,,,,,,,,,,,,High,High,High,Medium,Low,,,
71,2026-05-16,12:33:25.65,3,4,"Pavia, Niklas",1000145631,Right,DAY_FLY,"Dewey, Christian",10179677,Left,GEO_COL,Undefined,2,Bottom,1,2,1,Fastball,Four-Seam,BallCalled,Undefined,Undefined,Undefined,1,0,,93.55909,-2.932917,-2.315841,2366.724383,221.359949,1:30,5.40864,2.11555,5.83645,-13.53548,18.62466,15.45249,1.55009,1.24964,85.22607,-5.528225,0.452973,0.40816,,,,,,,,,,,,-8.55256,10.67434,-1.93584,50,5.16131,4.793,-135.62777,-7.34238,-15.87949,30.55207,-12.35506,GEO_COL,DAY_FLY,TuckerFieldatBarcroftPark,D1,A10,20260516-TuckerFieldatBarcroftPark-1,f69c7230-5144-11f1-bfad-198183369b75,92.34729,,,8.33302,,,,,,,c0dadee9-703e-4f0a-a29d-6ad25cc75f47,2026-05-16,16:33:25.65,2026-05-16T12:33:25.6550000-04:00,2026-05-16T16:33:25.6550000Z,,v3,471301,471281,d133f518dc004df295395547d13e9707,"MacDougall, Ryan",836327,Right,DAY_FLY,746c3887-f709-4f83-8d85-315b9f033bda,54.66183,-136.67388,15.27604,5.40547,-6.91934,-6.17753,-2.10927,5.33672,-7.93975,,,,,,,,,,,,,,,,,,,,,,,,,,,,,78.61846,2.056556,0.761805,1.294751,-0.22518,1.38977,-1.26385,0.48541,5.71708,-0.62293,127.28,3.77373,4.87065,0.68146,112.54716,-11.58603,5.6978,11.34231,-9.89662,-0.65708,2.47359,1.41698,High,High,High,,,High,High,Medium
72,2026-05-16,12:35:18.91,3,5,"Pavia, Niklas",1000145631,Right,DAY_FLY,"Dewey, Christian",10179677,Left,GEO_COL,Undefined,2,Bottom,2,3,1,Fastball,Sinker,BallCalled,Walk,Undefined,Undefined,0,0,,94.13042,-3.025853,-3.388727,2329.070515,229.164193,1:45,5.36873,2.29875,6.0497,-16.09713,15.53619,16.72977,1.21869,0.55222,85.59816,-6.090481,-0.382047,0.404803,,,,,,,,,,,,-9.60583,9.20827,-2.04374,50,5.12408,7.34017,-136.34573,-7.70593,-17.9836,31.50918,-14.93473,GEO_COL,DAY_FLY,TuckerFieldatBarcroftPark,D1,A10,20260516-TuckerFieldatBarcroftPark-1,3a217320-5145-11f1-bfad-198183369b75,93.11302,,,8.53226,,,,,,,c0dadee9-703e-4f0a-a29d-6ad25cc75f47,2026-05-16,16:35:18.91,2026-05-16T12:35:18.9153280-04:00,2026-05-16T16:35:18.9153280Z,,v3,471301,471281,d133f518dc004df295395547d13e9707,"MacDougall, Ryan",836327,Right,DAY_FLY,740d235b-9917-4aca-a1a9-0f3fbd433665,54.44871,-137.36997,15.75459,5.36668,-7.22046,-7.46737,-2.29184,7.92474,-8.9918,,,,,,,,,,,,,,,,,,,,,,,,,,,,,,,,,,,,,,,,,,,,,,,,,,,High,High,High,,,,,
73,2026-05-16,12:35:43.52,4,1,"Pavia, Niklas",1000145631,Right,DAY_FLY,"Mullen, Nick",1000298956,Right,GEO_COL,Undefined,2,Bottom,2,0,0,Curveball,Curveball,BallCalled,Undefined,Undefined,Undefined,0,0,,79.09733,-0.959272,-5.22891,2459.658,30.305303,7:00,5.41743,2.26023,5.40618,-51.68416,-5.99835,-4.29087,0.20779,-3.01022,73.42987,-10.250719,-5.98836,0.486477,,,,,,,,,,,,0.74528,-2.39602,-1.79037,50,5.29514,10.64041,-114.45926,-3.70282,0.99059,20.7459,-35.35881,GEO_COL,DAY_FLY,TuckerFieldatBarcroftPark,D1,A10,20260516-TuckerFieldatBarcroftPark-1,48d751a0-5145-11f1-bfad-198183369b75,77.48045,,,5.66747,,,,,,,c0dadee9-703e-4f0a-a29d-6ad25cc75f47,2026-05-16,16:35:43.52,2026-05-16T12:35:43.5213824-04:00,2026-05-16T16:35:43.5213824Z,,v3,471301,471281,d133f518dc004df295395547d13e9707,"MacDougall, Ryan",836327,Right,DAY_FLY,ca8e55a6-3cbe-4a9c-8fe6-6ef65d2e5ac7,55.09528,-115.37909,10.37295,5.42456,-2.13508,-17.67941,-2.26117,10.59649,0.4953,,,,,,,,,,,,,,,,,,,,,,,,,,,,,,,,,,,,,,,,,,,,,,,,,,,High,High,High,,,,,
74,2026-05-16,12:36:00.69,4,2,"Pavia, Niklas",1000145631,Right,DAY_FLY,"Mullen, Nick",1000298956,Right,GEO_COL,Undefined,2,Bottom,2,1,0,Fastball,Four-Seam,InPlay,Undefined,GroundBall,FieldersChoice,1,0,,92.75764,-2.065298,-3.628636,2345.613269,226.184681,1:30,5.41376,2.26457,6.05593,-17.34765,14.90654,14.49166,2.05179,0.109,85.03269,-5.346361,-1.025589,0.408756,80.57972,-4.41329,0.730105,,,,,20.57726,20.09866,0.403123,0.165867,-8.47682,8.54969,-1.99023,50,5.2436,7.9217,-134.5471,-5.3985,-15.59536,28.19931,-16.44456,GEO_COL,DAY_FLY,TuckerFieldatBarcroftPark,D1,A10,20260516-TuckerFieldatBarcroftPark-1,53011850-5145-11f1-bfad-198183369b75,92.21249,2.03149,,7.72495,,,,1.45789,2.03149,-0.13529,c0dadee9-703e-4f0a-a29d-6ad25cc75f47,2026-05-16,16:36:00.69,2026-05-16T12:36:00.6951424-04:00,2026-05-16T16:36:00.6951424Z,GroundBall,v3,471301,471281,d133f518dc004df295395547d13e9707,"MacDougall, Ryan",836327,Right,DAY_FLY,d4572ac3-ae1b-4e21-a543-7e7c25b0cf7d,54.444,-135.4753,14.09966,5.41239,-4.85721,-8.22228,-2.25943,8.43503,-7.79768,343.110096,1.4583,117.79075,-15.25056,,,,,,,2.03194,-9.1305,-18.83367,,,,,,,-0.13534,1.50622,1.10303,,,,,,,,,,,,,,,,,,,,,,,,,,,,,High,High,High,High,High,,,
75,2026-05-16,12:39:00.12,1,1,"Thyen, Liam",1000162739,Left,GEO_COL,"Carpenter, Grayson",1000239420,Right,DAY_FLY,Undefined,3,Top,0,0,0,Sinker,Changeup,BallCalled,Undefined,Undefined,Undefined,0,0,,85.8293,0.973545,3.824969,2119.180566,109.331669,9:45,5.18285,-2.60408,5.77747,-30.35718,7.67583,-18.57623,3.56105,-0.58777,78.61657,-4.651754,0.507039,0.443866,,,,,,,,,,,,10.44351,4.01414,2.29912,50,5.24508,-7.55025,-124.4871,1.09832,16.46517,23.89279,-25.8454,GEO_COL,DAY_FLY,TuckerFieldatBarcroftPark,D1,A10,20260516-TuckerFieldatBarcroftPark-1,bdff3b50-5145-11f1-bfad-198183369b75,84.91852,,,7.21273,,,,,,,c0dadee9-703e-4f0a-a29d-6ad25cc75f47,2026-05-16,16:39:00.12,2026-05-16T12:39:00.1235968-04:00,2026-05-16T16:39:00.1235968Z,,v3,471301,471281,d133f518dc004df295395547d13e9707,"Lavey, Robbie",835215,Right,GEO_COL,7cadf87d-65f3-47c1-9e55-3134aea733fd,54.72198,-125.39011,11.94639,5.18511,2.07513,-12.9227,2.59623,-8.17254,8.23259,,,,,,,,,,,,,,,,,,,,,,,,,,,,,,,,,,,,,,,,,,,,,,,,,,,High,High,High,,,,,
76,2026-05-16,12:39:16.97,1,2,"Thyen, Liam",1000162739,Left,GEO_COL,"Carpenter, Grayson",1000239420,Right,DAY_FLY,Undefined,3,Top,0,1,0,Sinker,Changeup,StrikeCalled,Undefined,Undefined,Undefined,0,0,,85.52189,-0.517741,4.9863,2103.541248,118.826579,10:00,5.15239,-2.5166,5.67396,-27.97238,10.94934,-17.49674,2.33683,0.68573,77.70436,-5.721004,1.873831,0.449022,,,,,,,,,,,,10.26331,6.10343,2.10594,50,5.09115,-10.04685,-123.70041,-2.04814,15.83378,25.67344,-22.75795,GEO_COL,DAY_FLY,TuckerFieldatBarcroftPark,D1,A10,20260516-TuckerFieldatBarcroftPark-1,c8099320-5145-11f1-bfad-198183369b75,83.94346,,,7.81753,,,,,,,c0dadee9-703e-4f0a-a29d-6ad25cc75f47,2026-05-16,16:39:16.97,2026-05-16T12:39:16.9711616-04:00,2026-05-16T16:39:16.9711616Z,,v3,471301,471281,d133f518dc004df295395547d13e9707,"Lavey, Robbie",835215,Right,GEO_COL,9bb1ec1a-1abc-4ecf-9612-3b0dd01e40f0,54.82319,-124.69743,12.83672,5.15353,-1.16435,-11.37898,2.50804,-10.66175,7.91689,,,,,,,,,,,,,,,,,,,,,,,,,,,,,,,,,,,,,,,,,,,,,,,,,,,High,High,High,,,,,
77,2026-05-16,12:39:34.32,1,3,"Thyen, Liam",1000162739,Left,GEO_COL,"Carpenter, Grayson",1000239420,Right,DAY_FLY,Undefined,3,Top,0,1,1,Slider,Curveball,BallCalled,Undefined,Undefined,Undefined,0,0,,70.73007,4.082482,-0.936356,2152.904217,296.014987,3:45,5.08928,-2.47879,4.62361,-65.14527,-6.61961,17.13631,3.54846,-1.94095,65.05004,-7.59922,2.065695,0.550611,,,,,,,,,,,,-8.55319,-3.70914,2.55834,50,5.449,0.99957,-102.44206,5.06074,-9.13141,16.18636,-36.13396,GEO_COL,DAY_FLY,TuckerFieldatBarcroftPark,D1,A10,20260516-TuckerFieldatBarcroftPark-1,d27b1130-5145-11f1-bfad-198183369b75,68.4557,,,5.68004,,,,,,,c0dadee9-703e-4f0a-a29d-6ad25cc75f47,2026-05-16,16:39:34.32,2026-05-16T12:39:34.3298048-04:00,2026-05-16T16:39:34.3298048Z,,v3,471301,471281,d133f518dc004df295395547d13e9707,"Lavey, Robbie",835215,Right,GEO_COL,b45f4ded-86e9-4bbb-b3bc-f42465c3c7ce,55.87853,-103.36672,8.09318,5.10094,7.12493,-18.06698,2.48634,1.52121,-4.56571,,,,,,,,,,,,,,,,,,,,,,,,,,,,,,,,,,,,,,,,,,,,,,,,,,,High,High,High,,,,,
78,2026-05-16,12:39:52.45,1,4,"Thyen, Liam",1000162739,Left,GEO_COL,"Carpenter, Grayson",1000239420,Right,DAY_FLY,Undefined,3,Top,0,2,1,Fastball,Sinker,StrikeSwinging,Undefined,Undefined,Undefined,0,0,,87.08177,-0.054983,3.573717,2243.965375,133.168761,10:30,5.18192,-2.4893,5.7732,-25.94533,10.9356,-10.47977,2.96855,-0.03278,79.97862,-4.877191,1.701882,0.437091,,,,,,,,,,,,6.2291,5.935,2.19989,50,5.16171,-7.44455,-126.32994,-0.98378,10.13402,24.11809,-22.51845,GEO_COL,DAY_FLY,TuckerFieldatBarcroftPark,D1,A10,20260516-TuckerFieldatBarcroftPark-1,dd3b2470-5145-11f1-bfad-198183369b75,86.23469,,,7.10314,,,,,,,c0dadee9-703e-4f0a-a29d-6ad25cc75f47,2026-05-16,16:39:52.45,2026-05-16T12:39:52.4591616-04:00,2026-05-16T16:39:52.4591616Z,,v3,471301,471281,d133f518dc004df295395547d13e9707,"Lavey, Robbie",835215,Right,GEO_COL,e62eb6b7-7923-43ba-b137-27d2a2b76a29,54.7244,-127.2287,12.05905,5.18274,-0.14464,-11.25923,2.48435,-7.8222,5.06701,,,,,,,,,,,,,,,,,,,,,,,,,,,,,,,,,,,,,,,,,,,,,,,,,,,High,High,High,,,,,
79,2026-05-16,12:40:12.37,1,5,"Thyen, Liam",1000162739,Left,GEO_COL,"Carpenter, Grayson",1000239420,Right,DAY_FLY,Undefined,3,Top,0,2,2,Sinker,Changeup,BallCalled,Undefined,Undefined,Undefined,0,0,,86.82936,-1.442641,5.034938,2235.554552,103.636219,9:30,5.2392,-2.40762,5.72497,-31.73891,5.55733,-18.23221,1.24514,0.77462,79.95109,-7.274714,1.785583,0.439546,,,,,,,,,,,,10.55575,3.56284,1.99765,50,5.09873,-10.31164,-125.73583,-4.28662,17.01201,23.88958,-26.43208,GEO_COL,DAY_FLY,TuckerFieldatBarcroftPark,D1,A10,20260516-TuckerFieldatBarcroftPark-1,e90ca7b0-5145-11f1-bfad-198183369b75,85.75319,,,6.87827,,,,,,,c0dadee9-703e-4f0a-a29d-6ad25cc75f47,2026-05-16,16:40:12.37,2026-05-16T12:40:12.3707904-04:00,2026-05-16T16:40:12.3707904Z,,v3,471301,471281,d133f518dc004df295395547d13e9707,"Lavey, Robbie",835215,Right,GEO_COL,14e50e5b-1945-435e-9ec8-3d5f43962779,54.77508,-126.63984,11.94479,5.24202,-3.2864,-13.21604,2.40004,-10.95539,8.506,,,,,,,,,,,,,,,,,,,,,,,,,,,,,,,,,,,,,,,,,,,,,,,,,,,High,High,High,,,,,
80,2026-05-16,12:40:31.92,1,6,"Thyen, Liam",1000162739,Left,GEO_COL,"Carpenter, Grayson",1000239420,Right,DAY_FLY,Undefined,3,Top,0,3,2,Sinker,Sinker,InPlay,Undefined,FlyBall,Out,1,0,,87.83447,-1.407462,4.5103,2284.277905,129.140648,10:15,5.3113,-2.43532,5.94011,-23.94643,11.94296,-13.41894,2.00584,0.63901,81.22641,-5.859437,2.109251,0.431176,91.26638,31.30989,-12.688487,,108.11517,64.67318,-20.27553,299.07201,295.31637,-7.632438,5.25762,8.03674,6.79091,2.08297,50,5.18511,-9.51419,-127.39525,-3.91147,13.37311,23.09995,-20.87396,GEO_COL,DAY_FLY,TuckerFieldatBarcroftPark,D1,A10,20260516-TuckerFieldatBarcroftPark-1,f4b93dd0-5145-11f1-bfad-198183369b75,87.41775,86.58329,,6.60806,,,,1.74365,2.10964,-0.61889,c0dadee9-703e-4f0a-a29d-6ad25cc75f47,2026-05-16,16:40:31.92,2026-05-16T12:40:31.9292928-04:00,2026-05-16T16:40:31.9292928Z,FlyBall,v3,471301,471281,d133f518dc004df295395547d13e9707,"Lavey, Robbie",835215,Right,GEO_COL,54b97a65-df10-46a8-8a56-faaa673d4172,54.56087,-128.21958,11.54998,5.31139,-3.16658,-10.43698,2.431,-9.99142,6.68656,194.724028,1.7458,111.52735,-24.81395,5.47566,-0.91748,0.11054,-0.01011,0.00087,-5E-05,2.10994,69.55071,-14.87815,0.03421,0.19656,-0.09444,0.02707,-0.00379,0.0002,-0.62045,-25.08644,9.88742,-2.60977,0.41078,-0.02153,-0.00465,0.00084,-4E-05,,,,,,,,,,,,,,,,,,,,,,,High,High,High,High,Medium,,,
81,2026-05-16,12:41:04.88,2,1,"Thyen, Liam",1000162739,Left,GEO_COL,"MacDougall, Danny",1000119540,Right,DAY_FLY,Undefined,3,Top,1,0,0,Fastball,Four-Seam,BallCalled,Undefined,Undefined,Undefined,0,0,,87.0744,0.410272,4.313148,2316.923319,139.084796,10:45,5.2604,-2.61673,5.81504,-25.48966,11.26355,-8.84741,3.51884,0.66402,80.20603,-4.3248,2.73475,0.436334,,,,,,,,,,,,5.56551,5.98107,2.2681,50,5.27889,-9.15317,-126.26436,0.06845,9.08114,23.12566,-22.41484,GEO_COL,DAY_FLY,TuckerFieldatBarcroftPark,D1,A10,20260516-TuckerFieldatBarcroftPark-1,08658eb0-5146-11f1-bfad-198183369b75,86.38438,,,6.86837,,,,,,,c0dadee9-703e-4f0a-a29d-6ad25cc75f47,2026-05-16,16:41:04.88,2026-05-16T12:41:04.8878592-04:00,2026-05-16T16:41:04.8878592Z,,v3,471301,471281,d133f518dc004df295395547d13e9707,"Lavey, Robbie",835215,Right,GEO_COL,bb124258-36a5-42e3-9945-7a841e65cf76,54.68331,-127.11923,11.56283,5.26104,0.89704,-11.20742,2.61266,-9.48887,4.54057,,,,,,,,,,,,,,,,,,,,,,,,,,,,,,,,,,,,,,,,,,,,,,,,,,,High,High,High,,,,,
82,2026-05-16,12:41:22.49,2,2,"Thyen, Liam",1000162739,Left,GEO_COL,"MacDougall, Danny",1000119540,Right,DAY_FLY,Undefined,3,Top,1,1,0,ChangeUp,Changeup,BallCalled,Undefined,Undefined,Undefined,0,0,,81.82464,0.212128,5.312748,1694.143289,133.58483,10:30,5.07953,-2.7165,5.83264,-32.16502,9.79705,-8.93575,2.59714,1.49131,75.0579,-5.742058,3.721782,0.46623,,,,,,,,,,,,6.06063,5.30784,2.28748,50,5.07775,-10.68004,-118.44969,-0.56279,8.63709,21.96946,-24.60978,GEO_COL,DAY_FLY,TuckerFieldatBarcroftPark,D1,A10,20260516-TuckerFieldatBarcroftPark-1,12d36340-5146-11f1-bfad-198183369b75,80.84523,,,6.76674,,,,,,,c0dadee9-703e-4f0a-a29d-6ad25cc75f47,2026-05-16,16:41:22.49,2026-05-16T12:41:22.4982016-04:00,2026-05-16T16:41:22.4982016Z,,v3,471301,471281,d133f518dc004df295395547d13e9707,"Lavey, Robbie",835215,Right,GEO_COL,2f9eb8c9-cce7-4e6d-bf2b-0c688d701b42,54.66775,-119.3123,10.98473,5.08088,0.40349,-12.30489,2.71348,-11.01917,4.31854,,,,,,,,,,,,,,,,,,,,,,,,,,,,,,,,,,,,,,,,,,,,,,,,,,,High,High,High,,,,,
83,2026-05-16,12:41:42.31,2,3,"Thyen, Liam",1000162739,Left,GEO_COL,"MacDougall, Danny",1000119540,Right,DAY_FLY,Undefined,3,Top,1,2,0,Sinker,Changeup,FoulBallNotFieldable,Undefined,Undefined,Undefined,0,0,,86.23617,0.020287,3.710569,2123.615337,119.963542,10:00,5.2401,-2.41179,6.00993,-28.65982,8.8428,-13.26501,2.87061,-0.07487,78.76687,-5.325416,1.330323,0.44076,68.2675,15.82102,166.010579,,,,,,30.51501,,,7.89745,4.89016,2.12758,50,5.22596,-7.58669,-125.0928,-0.87214,12.50242,25.4484,-24.43246,GEO_COL,DAY_FLY,TuckerFieldatBarcroftPark,D1,A10,20260516-TuckerFieldatBarcroftPark-1,1ea7a5a0-5146-11f1-bfad-198183369b75,85.51692,8.09714,,7.4693,,,,0.96261,2.67948,0.02574,c0dadee9-703e-4f0a-a29d-6ad25cc75f47,2026-05-16,16:41:42.31,2026-05-16T12:41:42.3101952-04:00,2026-05-16T16:41:42.3101952Z,,v3,471301,471281,d133f518dc004df295395547d13e9707,"Lavey, Robbie",835215,Right,GEO_COL,7388df00-1824-4bc6-95d3-ef88613c7661,54.48944,-126.00281,12.7242,5.24153,0.00154,-12.21623,2.40686,-8.03376,6.25121,5.670114,0.96665,-93.63776,6.30489,,,,,,,2.68611,27.03275,-32.43666,,,,,,,0.02412,23.35287,-0.08006,,,,,,,,,,,,,,,,,,,,,,,,,,,,,High,High,High,Medium,Undefined,,,
84,2026-05-16,12:42:11.59,2,4,"Thyen, Liam",1000162739,Left,GEO_COL,"MacDougall, Danny",1000119540,Right,DAY_FLY,Undefined,3,Top,1,2,1,Slider,Curveball,BallCalled,Undefined,Undefined,Undefined,0,0,,71.17738,4.727312,-0.288558,2162.334988,314.417853,4:30,5.15716,-2.40471,5.33531,-70.88071,-13.60705,15.91052,3.6957,-1.34956,64.45446,-8.16645,2.535127,0.544689,,,,,,,,,,,,-7.94674,-7.53528,2.41926,50,5.53449,-0.0833,-102.96909,6.21053,-8.41443,19.29297,-40.15281,GEO_COL,DAY_FLY,TuckerFieldatBarcroftPark,D1,A10,20260516-TuckerFieldatBarcroftPark-1,302fde00-5146-11f1-bfad-198183369b75,69.19989,,,6.72292,,,,,,,c0dadee9-703e-4f0a-a29d-6ad25cc75f47,2026-05-16,16:42:11.59,2026-05-16T12:42:11.5956736-04:00,2026-05-16T16:42:11.5956736Z,,v3,471301,471281,d133f518dc004df295395547d13e9707,"Lavey, Robbie",835215,Right,GEO_COL,aa0c288b-11ca-49ce-97de-80e9ec3e9004,55.16641,-103.9326,9.64648,5.17426,8.21578,-20.0764,2.41292,0.33692,-4.20721,,,,,,,,,,,,,,,,,,,,,,,,,,,,,,,,,,,,,,,,,,,,,,,,,,,High,High,High,,,,,
85,2026-05-16,12:42:29.10,2,5,"Thyen, Liam",1000162739,Left,GEO_COL,"MacDougall, Danny",1000119540,Right,DAY_FLY,Undefined,3,Top,1,3,1,Sinker,Changeup,BallCalled,Walk,Undefined,Undefined,0,0,,86.26141,-1.071463,4.440302,2179.054348,97.745726,9:15,5.25233,-2.4996,6.10108,-34.54837,3.02878,-13.11359,1.37928,0.52234,78.74324,-7.470051,2.084011,0.441198,,,,,,,,,,,,8.03961,2.27024,2.16414,50,5.15176,-9.17662,-124.96115,-3.48522,12.64994,26.33479,-28.60191,GEO_COL,DAY_FLY,TuckerFieldatBarcroftPark,D1,A10,20260516-TuckerFieldatBarcroftPark-1,3a9c04e0-5146-11f1-bfad-198183369b75,85.43207,,,7.51817,,,,,,,c0dadee9-703e-4f0a-a29d-6ad25cc75f47,2026-05-16,16:42:29.10,2026-05-16T12:42:29.1069440-04:00,2026-05-16T16:42:29.1069440Z,,v3,471301,471281,d133f518dc004df295395547d13e9707,"Lavey, Robbie",835215,Right,GEO_COL,c43a395e-5993-4abd-b016-7f3248e832c1,54.39725,-125.88443,13.16739,5.25637,-2.48245,-14.30096,2.49364,-9.62012,6.32497,,,,,,,,,,,,,,,,,,,,,,,,,,,,,,,,,,,,,,,,,,,,,,,,,,,High,High,High,,,,,
86,2026-05-16,12:43:21.55,3,1,"Thyen, Liam",1000162739,Left,GEO_COL,"Smith, Michael",822066,Right,DAY_FLY,Undefined,3,Top,1,0,0,Sinker,Changeup,BallCalled,Undefined,Undefined,Undefined,0,0,,86.04302,0.186275,2.26209,2116.891942,88.761763,9:00,5.30188,-2.56384,5.73116,-37.981,1.21272,-18.65198,2.31041,-2.01043,76.43083,-6.870276,-1.077715,0.450588,,,,,,,,,,,,10.21288,1.06996,2.38633,50,5.29486,-4.09759,-124.49503,-0.94023,15.50009,32.66397,-30.55017,GEO_COL,DAY_FLY,TuckerFieldatBarcroftPark,D1,A10,20260516-TuckerFieldatBarcroftPark-1,59efe2d0-5146-11f1-bfad-198183369b75,83.65168,,,9.61219,,,,,,,c0dadee9-703e-4f0a-a29d-6ad25cc75f47,2026-05-16,16:43:21.55,2026-05-16T12:43:21.5541760-04:00,2026-05-16T16:43:21.5541760Z,,v3,471301,471281,d133f518dc004df295395547d13e9707,"Lavey, Robbie",835215,Right,GEO_COL,876acb0f-5fcf-4dfc-8ac8-3b0cc5b073ba,54.76245,-125.73835,16.33199,5.30851,0.22263,-15.27508,2.55353,-4.68759,7.75004,,,,,,,,,,,,,,,,,,,,,,,,,,,,,,,,,,,,,,,,,,,,,,,,,,,High,High,High,,,,,
87,2026-05-16,12:44:00.35,3,2,"Thyen, Liam",1000162739,Left,GEO_COL,"Smith, Michael",822066,Right,DAY_FLY,Undefined,3,Top,1,1,0,Sinker,Changeup,BallCalled,Undefined,Undefined,Undefined,0,0,,86.29369,0.613587,2.522313,2060.077967,97.510895,9:15,5.31719,-2.59355,5.66176,-34.79848,3.82343,-17.96308,2.99006,-1.73691,77.39658,-5.844578,-0.687028,0.447289,,,,,,,,,,,,9.86485,2.19303,2.39131,50,5.34763,-4.71597,-124.9685,0.11039,15.28055,29.99648,-28.77707,GEO_COL,DAY_FLY,TuckerFieldatBarcroftPark,D1,A10,20260516-TuckerFieldatBarcroftPark-1,710e01e0-5146-11f1-bfad-198183369b75,84.26864,,,8.89711,,,,,,,c0dadee9-703e-4f0a-a29d-6ad25cc75f47,2026-05-16,16:44:00.35,2026-05-16T12:44:00.3572736-04:00,2026-05-16T16:44:00.3572736Z,,v3,471301,471281,d133f518dc004df295395547d13e9707,"Lavey, Robbie",835215,Right,GEO_COL,b8f01b7a-ed8a-47ff-8f86-622e285d9819,54.83353,-126.12337,14.99824,5.32205,1.21831,-14.38853,2.5842,-5.30428,7.64028,,,,,,,,,,,,,,,,,,,,,,,,,,,,,,,,,,,,,,,,,,,,,,,,,,,High,High,High,,,,,
88,2026-05-16,12:44:20.40,3,3,"Thyen, Liam",1000162739,Left,GEO_COL,"Smith, Michael",822066,Right,DAY_FLY,Undefined,3,Top,1,2,0,Sinker,Changeup,HitByPitch,Undefined,Undefined,Undefined,0,0,,81.60685,1.906473,5.960326,1773.170568,115.348822,9:45,5.17335,-2.57202,5.8768,-35.31026,7.68374,-12.92127,4.01173,1.90684,73.3293,-4.669671,3.662994,0.471928,,,,,,,,,,,,8.53973,3.74355,2.09635,50,5.30799,-11.7874,-117.72254,2.83973,11.80646,25.43763,-26.99847,GEO_COL,DAY_FLY,TuckerFieldatBarcroftPark,D1,A10,20260516-TuckerFieldatBarcroftPark-1,7cf1ad90-5146-11f1-bfad-198183369b75,79.86911,,,8.27755,,,,,,,c0dadee9-703e-4f0a-a29d-6ad25cc75f47,2026-05-16,16:44:20.40,2026-05-16T12:44:20.4047872-04:00,2026-05-16T16:44:20.4047872Z,,v3,471301,471281,d133f518dc004df295395547d13e9707,"Lavey, Robbie",835215,Right,GEO_COL,b9ce13f5-6105-4337-aae0-a0a03c497ea8,54.62047,-118.71674,12.71881,5.17638,3.89493,-13.49924,2.56606,-12.24884,5.90323,,,,,,,,,,,,,,,,,,,,,,,,,,,,,,,,,,,,,,,,,,,,,,,,,,,High,High,High,,,,,
89,2026-05-16,12:46:44.57,4,1,"Thyen, Liam",1000162739,Left,GEO_COL,"Wouters, Dyrenson",821727,Right,DAY_FLY,Undefined,3,Top,1,0,0,Sinker,Changeup,BallCalled,Undefined,Undefined,Undefined,0,0,Throwing Error by Pitcher,86.01839,1.454715,2.802345,2145.329926,102.26026,9:30,5.36669,-2.70611,5.84226,-33.89687,4.77177,-15.22229,3.89579,-1.36822,76.95597,-4.871914,0.07632,0.44756,,,,,,,,,,,,8.60851,2.41441,2.48627,50,5.46598,-5.43469,-124.51573,2.01115,13.23171,29.88808,-28.46301,GEO_COL,DAY_FLY,TuckerFieldatBarcroftPark,D1,A10,20260516-TuckerFieldatBarcroftPark-1,d2e59d60-5146-11f1-bfad-198183369b75,84.2177,,,9.06242,,,,,,,c0dadee9-703e-4f0a-a29d-6ad25cc75f47,2026-05-16,16:46:44.57,2026-05-16T12:46:44.5750000-04:00,2026-05-16T16:46:44.5750000Z,,v3,471301,471281,d133f518dc004df295395547d13e9707,"Lavey, Robbie",835215,Right,GEO_COL,c0515f43-dcc6-4740-a66b-5d24c174649b,54.65176,-125.62735,14.94404,5.3715,3.06977,-14.2315,2.69755,-5.92681,6.61586,,,,,,,,,,,,,,,,,,,,,,,,,,,,,,,,,,,,,,,,,,,,,,,,,,,High,High,High,,,,,
90,2026-05-16,12:47:02.09,4,2,"Thyen, Liam",1000162739,Left,GEO_COL,"Wouters, Dyrenson",821727,Right,DAY_FLY,Undefined,3,Top,1,1,0,Fastball,Four-Seam,FoulBallNotFieldable,Undefined,Undefined,Undefined,0,0,,87.83977,-0.095784,2.863595,2283.478333,135.317537,10:30,5.43122,-2.49451,5.89405,-25.24883,11.14107,-9.83375,3.23811,-0.6531,79.92456,-4.824297,1.101185,0.434172,,,,,,,,,,,,5.89087,6.08441,2.26957,50,5.40904,-5.96881,-127.43768,-1.03069,9.64136,27.35602,-22.21594,GEO_COL,DAY_FLY,TuckerFieldatBarcroftPark,D1,A10,20260516-TuckerFieldatBarcroftPark-1,dd45b650-5146-11f1-bfad-198183369b75,86.8145,,,7.91522,,,,,,,c0dadee9-703e-4f0a-a29d-6ad25cc75f47,2026-05-16,16:47:02.09,2026-05-16T12:47:02.0969984-04:00,2026-05-16T16:47:02.0969984Z,,v3,471301,471281,d133f518dc004df295395547d13e9707,"Lavey, Robbie",835215,Right,GEO_COL,202c1a4f-4fc1-442a-a082-2c41e6b53a2b,54.60423,-128.42223,13.67801,5.43175,-0.23114,-11.10797,2.49064,-6.31581,4.82068,,,,,,,,,,,,,,,,,,,,,,,,,,,,,,,,,,,,,,,,,,,,,,,,,,,High,High,High,,,,,
91,2026-05-16,12:47:25.25,4,3,"Thyen, Liam",1000162739,Left,GEO_COL,"Wouters, Dyrenson",821727,Right,DAY_FLY,Undefined,3,Top,1,1,1,ChangeUp,Cutter,InPlay,Undefined,GroundBall,Out,1,2,,84.2514,0.767346,2.816979,1887.08969,149.348163,11:00,5.26118,-2.5099,5.99549,-30.82273,8.42894,-4.26634,3.40459,-0.25292,77.01575,-4.975688,2.051224,0.450921,67.11517,-34.947727,-16.816588,,,,,5.96791,5.96791,-11.173207,0.059747,2.98886,4.48036,2.29032,50,5.30466,-5.85114,-122.28873,0.66791,4.52344,24.24286,-25.39328,GEO_COL,DAY_FLY,TuckerFieldatBarcroftPark,D1,A10,20260516-TuckerFieldatBarcroftPark-1,eb0f8720-5146-11f1-bfad-198183369b75,83.58989,3.38702,,7.23565,,,,1.21548,3.38702,0.24572,c0dadee9-703e-4f0a-a29d-6ad25cc75f47,2026-05-16,16:47:25.25,2026-05-16T12:47:25.2560384-04:00,2026-05-16T16:47:25.2560384Z,GroundBall,v3,471301,471281,d133f518dc004df295395547d13e9707,"Lavey, Robbie",835215,Right,GEO_COL,ce45be8b-f848-461c-a7bc-0545fcf63024,54.50303,-123.17819,12.12143,5.26307,1.59958,-12.69664,2.50804,-6.0171,2.26172,,1.21148,77.64991,,,,,,,,3.38994,-56.68984,,,,,,,,0.24693,-23.46842,,,,,,,,,,,,,,,,,,,,,,,,,,,,,,High,High,High,Estimated,Estimated,,,
92,2026-05-16,12:47:58.55,5,1,"Thyen, Liam",1000162739,Left,GEO_COL,"MacDougall, Ryan",836327,Left,DAY_FLY,Undefined,3,Top,2,0,0,Slider,Curveball,BallCalled,Undefined,Undefined,Undefined,0,0,,69.52855,5.395897,-1.836121,1979.264954,292.857187,3:45,5.20537,-2.35138,5.20084,-66.50071,-5.7702,18.90096,4.75636,-2.50383,62.44915,-6.733422,1.503561,0.560886,,,,,,,,,,,,-9.86461,-3.84036,2.50688,50,5.65719,2.50321,-100.31575,7.37778,-9.88993,18.67072,-36.02426,GEO_COL,DAY_FLY,TuckerFieldatBarcroftPark,D1,A10,20260516-TuckerFieldatBarcroftPark-1,ff067590-5146-11f1-bfad-198183369b75,67.20155,,,7.07939,,,,,,,c0dadee9-703e-4f0a-a29d-6ad25cc75f47,2026-05-16,16:47:58.55,2026-05-16T12:47:58.5596416-04:00,2026-05-16T16:47:58.5596416Z,,v3,471301,471281,d133f518dc004df295395547d13e9707,"Lavey, Robbie",835215,Right,GEO_COL,5217157f-9561-4a0b-93c2-cf97f8754a93,55.29764,-101.29694,9.33536,5.21972,9.27095,-18.01213,2.36167,3.02295,-4.94496,,,,,,,,,,,,,,,,,,,,,,,,,,,,,,,,,,,,,,,,,,,,,,,,,,,High,High,High,,,,,
93,2026-05-16,12:48:19.18,5,2,"Thyen, Liam",1000162739,Left,GEO_COL,"MacDougall, Ryan",836327,Left,DAY_FLY,Undefined,3,Top,2,1,0,ChangeUp,Changeup,InPlay,Undefined,GroundBall,Out,1,0,,86.15164,0.322954,3.793002,1997.677805,96.909913,9:15,5.30274,-2.34745,5.90999,-34.4497,3.34335,-17.47127,2.73234,-0.27773,78.59041,-6.053547,0.662441,0.442463,89.44762,9.2251,-2.150993,1502.425093,,,,134.66171,56.93883,-5.225023,1.181325,10.05371,1.97465,2.05284,50,5.309,-7.57424,-124.93702,-0.45886,15.8443,25.8612,-29.06209,GEO_COL,DAY_FLY,TuckerFieldatBarcroftPark,D1,A10,20260516-TuckerFieldatBarcroftPark-1,0b3beac0-5147-11f1-bfad-198183369b75,85.18771,7.95888,,7.56123,,,,1.23816,2.73196,0.27323,c0dadee9-703e-4f0a-a29d-6ad25cc75f47,2026-05-16,16:48:19.18,2026-05-16T12:48:19.1858688-04:00,2026-05-16T16:48:19.1858688Z,LineDrive,v3,471301,471281,d133f518dc004df295395547d13e9707,"Lavey, Robbie",835215,Right,GEO_COL,c224fa8b-28bb-4d41-a281-bf78ed070b13,54.58984,-125.88351,12.9306,5.30633,0.60478,-14.53105,2.34066,-8.15412,7.92215,63.486782,1.36069,127.96934,-13.28536,,,,,,,2.87139,19.40429,-18.57282,,,,,,,0.36375,-5.92899,-4.08555,,,,,,,,,,,,,,,,,,,,,,,,,,,,,High,High,High,High,Medium,,,
94,2026-05-16,12:50:33.06,1,1,"Collins, Lucas",1000161882,Left,DAY_FLY,"Kent, Jack",10959762,Right,GEO_COL,Undefined,3,Bottom,0,0,0,Fastball,Changeup,StrikeCalled,Undefined,Undefined,Undefined,0,0,,88.48064,0.635205,2.325905,1659.96165,100.035254,9:15,5.05209,-2.2493,5.52096,-32.19848,3.745,-15.22182,2.96328,-1.34199,81.42103,-5.273234,-0.386343,0.431501,,,,,,,,,,,,8.26489,2.06354,2.05718,50,5.08584,-4.55076,-128.51216,0.23245,13.92528,24.76496,-28.69725,GEO_COL,DAY_FLY,TuckerFieldatBarcroftPark,D1,A10,20260516-TuckerFieldatBarcroftPark-1,5b311ff0-5147-11f1-bfad-198183369b75,87.35199,,,7.0596,,,,,,,c0dadee9-703e-4f0a-a29d-6ad25cc75f47,2026-05-16,16:50:33.06,2026-05-16T12:50:33.0699776-04:00,2026-05-16T16:50:33.0699776Z,,v3,471301,471281,d133f518dc004df295395547d13e9707,"MacDougall, Ryan",836327,Right,DAY_FLY,32648181-fd51-4f0c-9373-e4dafe1028fd,54.97884,-129.46806,12.38248,5.05549,1.34012,-14.34862,2.24321,-5.08826,6.96264,,,,,,,,,,,,,,,,,,,,,,,,,,,,,,,,,,,,,,,,,,,,,,,,,,,High,High,High,,,,,
95,2026-05-16,12:51:02.20,1,2,"Collins, Lucas",1000161882,Left,DAY_FLY,"Kent, Jack",10959762,Right,GEO_COL,Undefined,3,Bottom,0,0,1,Fastball,Changeup,BallCalled,Undefined,Undefined,Undefined,0,0,,86.99001,2.409185,-0.575974,1478.36446,94.155259,9:15,5.13691,-2.1482,5.45606,-35.18927,1.86717,-12.11662,4.46111,-3.69709,80.47233,-4.0223,-2.731213,0.43813,,,,,,,,,,,,5.87205,0.76996,2.20689,50,5.32563,1.81642,-126.38182,3.9913,9.63749,22.19359,-30.91035,GEO_COL,DAY_FLY,TuckerFieldatBarcroftPark,D1,A10,20260516-TuckerFieldatBarcroftPark-1,6c680400-5147-11f1-bfad-198183369b75,86.03022,,,6.51768,,,,,,,c0dadee9-703e-4f0a-a29d-6ad25cc75f47,2026-05-16,16:51:02.20,2026-05-16T12:51:02.2026752-04:00,2026-05-16T16:51:02.2026752Z,,v3,471301,471281,d133f518dc004df295395547d13e9707,"MacDougall, Ryan",836327,Right,DAY_FLY,ed3ee195-0ebe-4717-988c-e9c0a7e3f0e9,55.04235,-127.26421,11.09679,5.14251,5.22026,-15.45517,2.14229,1.43324,4.81874,,,,,,,,,,,,,,,,,,,,,,,,,,,,,,,,,,,,,,,,,,,,,,,,,,,High,High,High,,,,,
96,2026-05-16,12:51:18.47,1,3,"Collins, Lucas",1000161882,Left,DAY_FLY,"Kent, Jack",10959762,Right,GEO_COL,Undefined,3,Bottom,0,1,1,Fastball,Changeup,BallCalled,Undefined,Undefined,Undefined,0,0,,88.93258,1.821332,1.698536,1599.828994,95.075103,9:15,5.06482,-2.1626,5.61685,-33.29049,1.95992,-11.28351,3.99175,-1.51722,82.19178,-4.28361,-0.315138,0.42732,,,,,,,,,,,,6.11469,0.86937,2.02497,50,5.1988,-3.34277,-129.25336,2.87765,10.48523,23.4991,-30.68328,GEO_COL,DAY_FLY,TuckerFieldatBarcroftPark,D1,A10,20260516-TuckerFieldatBarcroftPark-1,761c2580-5147-11f1-bfad-198183369b75,88.20657,,,6.7408,,,,,,,c0dadee9-703e-4f0a-a29d-6ad25cc75f47,2026-05-16,16:51:18.47,2026-05-16T12:51:18.4773632-04:00,2026-05-16T16:51:18.4773632Z,,v3,471301,471281,d133f518dc004df295395547d13e9707,"MacDougall, Ryan",836327,Right,DAY_FLY,78a64e4a-c8a9-4b2e-8dfa-54b2b24c9656,54.88351,-130.13819,11.74955,5.06869,4.03298,-15.34164,2.15827,-3.73758,5.24261,,,,,,,,,,,,,,,,,,,,,,,,,,,,,,,,,,,,,,,,,,,,,,,,,,,High,High,High,,,,,
97,2026-05-16,12:51:31.21,1,4,"Collins, Lucas",1000161882,Left,DAY_FLY,"Kent, Jack",10959762,Right,GEO_COL,Undefined,3,Bottom,0,2,1,Fastball,Changeup,FoulBallNotFieldable,Undefined,Undefined,Undefined,0,0,,89.07669,-1.280942,2.790567,1648.234494,90.499442,9:00,5.05941,-2.02632,5.66937,-34.09951,1.1363,-14.36446,1.02187,-0.61949,82.43368,-7.512306,0.221833,0.427232,70.48512,33.000206,58.423071,4581.281996,42.32893,43.14711,101.52942,213.2621,92.77448,78.236003,3.36436,8.05426,1.1835,1.79998,50,4.92932,-5.70119,-129.3865,-4.14757,13.77336,24.77572,-30.15014,GEO_COL,DAY_FLY,TuckerFieldatBarcroftPark,D1,A10,20260516-TuckerFieldatBarcroftPark-1,7dad8e10-5147-11f1-bfad-198183369b75,88.22483,43.28445,,6.64302,,,,1.13581,1.02215,0.59158,c0dadee9-703e-4f0a-a29d-6ad25cc75f47,2026-05-16,16:51:31.21,2026-05-16T12:51:31.2167936-04:00,2026-05-16T16:51:31.2167936Z,FlyBall,v3,471301,471281,d133f518dc004df295395547d13e9707,"MacDougall, Ryan",836327,Right,DAY_FLY,bc088d1e-e2b8-43d8-9e07-aea617ad4d3f,54.83212,-130.3085,12.38786,5.06279,-3.02556,-15.07507,2.02168,-6.21375,6.88668,234.948925,1.13567,45.40414,-15.14833,2.87915,-0.67044,0.15677,-0.03296,0.00436,-0.00023,1.02222,56.30159,-21.37623,2.2361,-0.45336,0.08435,-0.01253,0.00187,-0.00017,0.59149,73.86575,-5.40178,0.99524,-0.247,0.06472,-0.01468,0.00194,-9E-05,,,,,,,,,,,,,,,,,,,,,,,High,High,High,High,Low,,,
98,2026-05-16,12:51:53.62,1,5,"Collins, Lucas",1000161882,Left,DAY_FLY,"Kent, Jack",10959762,Right,GEO_COL,Undefined,3,Bottom,0,2,2,Slider,Curveball,BallCalled,Undefined,Undefined,Undefined,0,0,,76.14647,3.008433,-1.241298,1976.592739,297.813062,4:00,4.98522,-2.42258,5.38899,-54.91306,-5.82248,13.87556,3.23205,-2.42988,69.85453,-6.990185,1.225638,0.504278,,,,,,,,,,,,-7.26461,-3.23028,2.52352,50,5.2156,1.85238,-110.47366,3.95264,-8.99157,19.39758,-36.17223,GEO_COL,DAY_FLY,TuckerFieldatBarcroftPark,D1,A10,20260516-TuckerFieldatBarcroftPark-1,8b0c8f20-5147-11f1-bfad-198183369b75,74.74528,,,6.29194,,,,,,,c0dadee9-703e-4f0a-a29d-6ad25cc75f47,2026-05-16,16:51:53.62,2026-05-16T12:51:53.6275968-04:00,2026-05-16T16:51:53.6275968Z,,v3,471301,471281,d133f518dc004df295395547d13e9707,"MacDougall, Ryan",836327,Right,DAY_FLY,6f80b6ad-502c-49e6-9355-bb827b1b95f4,55.1119,-111.36762,9.69879,4.99503,5.61968,-18.08611,2.42861,2.26676,-4.49579,,,,,,,,,,,,,,,,,,,,,,,,,,,,,,,,,,,,,,,,,,,,,,,,,,,High,High,High,,,,,
99,2026-05-16,12:52:09.59,1,6,"Collins, Lucas",1000161882,Left,DAY_FLY,"Kent, Jack",10959762,Right,GEO_COL,Undefined,3,Bottom,0,3,2,Fastball,Changeup,StrikeCalled,Strikeout,Undefined,Undefined,0,0,,88.00073,0.831264,3.28062,1649.390536,107.315048,9:30,5.05744,-1.99953,5.7222,-32.26805,4.63878,-10.61693,3.14404,0.17476,79.25033,-5.1603,1.384911,0.437245,,,,,,,,,,,,6.42193,2.49358,1.73184,50,5.10735,-6.83995,-127.42497,0.71205,10.40146,29.8237,-28.13521,GEO_COL,DAY_FLY,TuckerFieldatBarcroftPark,D1,A10,20260516-TuckerFieldatBarcroftPark-1,94830b60-5147-11f1-bfad-198183369b75,86.20443,,,8.75039,,,,,,,c0dadee9-703e-4f0a-a29d-6ad25cc75f47,2026-05-16,16:52:09.59,2026-05-16T12:52:09.5960000-04:00,2026-05-16T16:52:09.5960000Z,,v3,471301,471281,d133f518dc004df295395547d13e9707,"MacDougall, Ryan",836327,Right,DAY_FLY,7ef75f75-ebd7-425d-94cf-73b30381c6ad,54.77375,-128.53741,14.91185,5.06122,1.76151,-14.0676,1.99421,-7.22793,5.20073,,,,,,,,,,,,,,,,,,,,,,,,,,,,,63.13763,,,1.112842,,,,-2.51626,6.11014,1.01608,67.54917,8.73568,-57.23997,-2.49636,67.62272,-4.28162,6.13368,18.62283,-14.73189,0.97653,-59.42845,6.54412,High,High,High,,,High,Medium,Low
100,2026-05-16,12:52:42.61,2,1,"Collins, Lucas",1000161882,Left,DAY_FLY,"Marmo, Greg",813688,Right,GEO_COL,Undefined,3,Bottom,1,0,0,Fastball,Sinker,BallCalled,Undefined,Undefined,Undefined,0,0,,90.06639,0.358683,1.458561,1574.099738,121.477251,10:00,5.08535,-2.10152,5.52587,-26.91604,7.99052,-11.25768,3.17778,-1.6758,82.26134,-4.622227,-0.548158,0.425231,,,,,,,,,,,,6.05233,4.27886,1.98224,50,5.09874,-2.81763,-130.74579,-0.16354,10.47857,27.51492,-24.7659,GEO_COL,DAY_FLY,TuckerFieldatBarcroftPark,D1,A10,20260516-TuckerFieldatBarcroftPark-1,a82dae90-5147-11f1-bfad-198183369b75,88.63988,,,7.80505,,,,,,,c0dadee9-703e-4f0a-a29d-6ad25cc75f47,2026-05-16,16:52:42.61,2026-05-16T12:52:42.6122752-04:00,2026-05-16T16:52:42.6122752Z,,v3,471301,471281,d133f518dc004df295395547d13e9707,"MacDougall, Ryan",836327,Right,DAY_FLY,55aed105-671f-4d11-ae3e-eb4e7a6610dc,54.97136,-131.78785,13.75746,5.08717,0.77439,-12.38295,2.09647,-3.21448,5.23928,,,,,,,,,,,,,,,,,,,,,,,,,,,,,,,,,,,,,,,,,,,,,,,,,,,High,High,High,,,,,
101,2026-05-16,12:52:57.63,2,2,"Collins, Lucas",1000161882,Left,DAY_FLY,"Marmo, Greg",813688,Right,GEO_COL,Undefined,3,Bottom,1,1,0,Fastball,Sinker,StrikeCalled,Undefined,Undefined,Undefined,0,0,,89.74167,0.686026,2.375856,1579.504023,101.559273,9:30,4.97205,-2.0623,5.54841,-31.4771,3.92693,-13.37709,2.99062,-0.95561,81.42339,-5.124141,-0.008475,0.42825,,,,,,,,,,,,7.43693,2.14689,1.86556,50,5.01083,-4.79503,-130.13017,0.38737,12.66036,29.1468,-28.51927,GEO_COL,DAY_FLY,TuckerFieldatBarcroftPark,D1,A10,20260516-TuckerFieldatBarcroftPark-1,b1222990-5147-11f1-bfad-198183369b75,88.01494,,,8.31829,,,,,,,c0dadee9-703e-4f0a-a29d-6ad25cc75f47,2026-05-16,16:52:57.63,2026-05-16T12:52:57.6307200-04:00,2026-05-16T16:52:57.6307200Z,,v3,471301,471281,d133f518dc004df295395547d13e9707,"MacDougall, Ryan",836327,Right,DAY_FLY,5f86ef6f-5d85-4ebd-801c-52596448b136,54.94899,-131.23398,14.5734,4.97571,1.46741,-14.25963,2.05623,-5.27449,6.33018,,,,,,,,,,,,,,,,,,,,,,,,,,,,,,,,,,,,,,,,,,,,,,,,,,,High,High,High,,,,,
102,2026-05-16,12:53:12.34,2,3,"Collins, Lucas",1000161882,Left,DAY_FLY,"Marmo, Greg",813688,Right,GEO_COL,Undefined,3,Bottom,1,1,1,Fastball,Changeup,FoulBallNotFieldable,Undefined,Undefined,Undefined,0,0,,88.20426,0.117546,2.410488,1573.554705,103.026331,9:30,5.0029,-2.08803,5.57946,-32.29242,3.96512,-12.32694,2.42174,-0.86272,80.88083,-5.819964,0.211543,0.433382,75.40489,54.770928,85.712398,5635.323536,,,,,45.56354,,,6.94146,2.2813,1.88909,50,4.99173,-4.86712,-128.06879,-0.90709,11.55223,25.94197,-28.37741,GEO_COL,DAY_FLY,TuckerFieldatBarcroftPark,D1,A10,20260516-TuckerFieldatBarcroftPark-1,b9ec8750-5147-11f1-bfad-198183369b75,86.97285,56.294,,7.32342,,,,2.39932,2.52087,0.86669,c0dadee9-703e-4f0a-a29d-6ad25cc75f47,2026-05-16,16:53:12.34,2026-05-16T12:53:12.3486720-04:00,2026-05-16T16:53:12.3486720Z,,v3,471301,471281,d133f518dc004df295395547d13e9707,"MacDougall, Ryan",836327,Right,DAY_FLY,916cbb52-ba04-4f0b-b57a-74c5bd8df409,54.92079,-129.06171,12.97098,5.00566,0.17904,-14.18871,2.08384,-5.30928,5.77612,,2.39932,4.76954,-7.32206,0.7608,-0.11764,0.0056,-0.00092,-0.00027,0.0001,2.52087,90.33869,-26.83683,3.19876,-0.71043,0.14735,-0.02909,0.00493,-0.00031,0.86669,63.61707,-6.28641,1.42251,-0.32679,0.07005,-0.01445,0.00209,0,,,,,,,,,,,,,,,,,,,,,,,High,High,High,Low,Undefined,,,
103,2026-05-16,12:53:31.41,2,4,"Collins, Lucas",1000161882,Left,DAY_FLY,"Marmo, Greg",813688,Right,GEO_COL,Undefined,3,Bottom,1,1,2,ChangeUp,Changeup,StrikeSwinging,Strikeout,Undefined,Undefined,0,0,,83.65676,-1.125193,2.293583,1418.653451,126.747534,10:15,4.97218,-2.1811,5.79586,-34.13124,6.48174,-6.74536,1.08033,-0.6087,75.82609,-7.451364,1.084723,0.458674,,,,,,,,,,,,4.15508,4.1024,1.99645,50,4.85945,-4.58086,-121.25056,-3.50816,6.10169,26.71069,-26.14969,GEO_COL,DAY_FLY,TuckerFieldatBarcroftPark,D1,A10,20260516-TuckerFieldatBarcroftPark-1,c5566f20-5147-11f1-bfad-198183369b75,82.17703,,,7.83067,,,,,,,c0dadee9-703e-4f0a-a29d-6ad25cc75f47,2026-05-16,16:53:31.41,2026-05-16T12:53:31.4113024-04:00,2026-05-16T16:53:31.4113024Z,,v3,471301,471281,d133f518dc004df295395547d13e9707,"MacDougall, Ryan",836327,Right,DAY_FLY,ab263f5b-edb0-48c6-bb1a-47ecc711a9f0,54.70002,-122.28157,13.35534,4.97538,-2.49882,-13.07484,2.17781,-4.81638,3.05084,,,,,,,,,,,,,,,,,,,,,,,,,,,,,,,,,,,,,,,,,,,,,,,,,,,High,High,High,,,,,
104,2026-05-16,12:54:06.17,3,1,"Collins, Lucas",1000161882,Left,DAY_FLY,"Lavey, Robbie",835215,Left,GEO_COL,Undefined,3,Bottom,2,0,0,Fastball,Sinker,StrikeCalled,Undefined,Undefined,Undefined,0,0,,90.36111,-0.691354,2.591395,1775.802836,113.046746,9:45,5.05955,-1.95073,5.83312,-26.30112,8.45941,-16.96316,2.22449,-0.95398,81.57584,-5.608186,-0.448811,0.424341,,,,,,,,,,,,9.42182,4.91126,1.749,50,4.98785,-5.17479,-130.98047,-2.48792,16.14492,31.1791,-23.75825,GEO_COL,DAY_FLY,TuckerFieldatBarcroftPark,D1,A10,20260516-TuckerFieldatBarcroftPark-1,da0710a0-5147-11f1-bfad-198183369b75,88.82587,,,8.78526,,,,,,,c0dadee9-703e-4f0a-a29d-6ad25cc75f47,2026-05-16,16:54:06.17,2026-05-16T12:54:06.1722112-04:00,2026-05-16T16:54:06.1722112Z,,v3,471301,471281,d133f518dc004df295395547d13e9707,"MacDougall, Ryan",836327,Right,DAY_FLY,f33e05c4-9724-4b0f-a3be-81da5f26ecb3,54.6632,-132.08585,15.58955,5.06113,-1.64563,-11.87912,1.94261,-5.74717,8.07246,,,,,,,,,,,,,,,,,,,,,,,,,,,,,,,,,,,,,,,,,,,,,,,,,,,High,High,High,,,,,
105,2026-05-16,12:54:21.09,3,2,"Collins, Lucas",1000161882,Left,DAY_FLY,"Lavey, Robbie",835215,Left,GEO_COL,Undefined,3,Bottom,2,0,1,Fastball,Sinker,InPlay,Undefined,GroundBall,Single,0,0,,90.0724,-0.025544,3.150826,1684.009999,105.279291,9:30,5.07346,-1.99829,5.76089,-29.19411,5.72296,-16.59442,2.61681,-0.44553,81.68835,-5.445207,0.183099,0.425295,81.04132,-8.268584,-7.494871,,,,,15.89671,15.74951,-5.624559,0.131187,9.41351,3.26658,1.74736,50,5.05368,-6.46661,-130.59347,-1.09543,16.12021,29.66057,-26.58022,GEO_COL,DAY_FLY,TuckerFieldatBarcroftPark,D1,A10,20260516-TuckerFieldatBarcroftPark-1,e2e03b70-5147-11f1-bfad-198183369b75,88.62661,2.51793,,8.38406,,,,0.79469,2.51793,0.4739,c0dadee9-703e-4f0a-a29d-6ad25cc75f47,2026-05-16,16:54:21.09,2026-05-16T12:54:21.0985984-04:00,2026-05-16T16:54:21.0985984Z,GroundBall,v3,471301,471281,d133f518dc004df295395547d13e9707,"MacDougall, Ryan",836327,Right,DAY_FLY,8b6a7c20-f668-43ac-a8ee-68c86c81d985,54.73766,-131.66509,14.83029,5.07592,-0.1351,-13.29011,1.99152,-7.04903,8.06011,52.697367,0.79492,116.5966,-15.74318,,,,,,,2.51809,-17.11001,-15.90007,,,,,,,0.47394,-15.34721,-1.08425,,,,,,,,,,,,,,,,,,,,,,,,,,,,,High,High,High,High,High,,,
106,2026-05-16,12:55:04.83,4,1,"Collins, Lucas",1000161882,Left,DAY_FLY,"Tufano, Cristino",811770,Right,GEO_COL,Undefined,3,Bottom,2,0,0,Fastball,Sinker,StrikeCalled,Undefined,Undefined,Undefined,0,0,,90.36273,-0.941856,3.617838,1579.712306,104.90928,9:30,5.06655,-2.24157,5.61811,-29.37427,5.25414,-15.62324,1.73787,-0.16265,82.73,-6.350962,0.832179,0.423533,,,,,,,,,,,,8.90619,3.2565,1.94276,50,4.96715,-7.59151,-131.0171,-3.23877,15.49518,27.43624,-26.5083,GEO_COL,DAY_FLY,TuckerFieldatBarcroftPark,D1,A10,20260516-TuckerFieldatBarcroftPark-1,fcf04a50-5147-11f1-bfad-198183369b75,88.99522,,,7.63273,,,,,,,c0dadee9-703e-4f0a-a29d-6ad25cc75f47,2026-05-16,16:55:04.83,2026-05-16T12:55:04.8301568-04:00,2026-05-16T16:55:04.8301568Z,,v3,471301,471281,d133f518dc004df295395547d13e9707,"MacDougall, Ryan",836327,Right,DAY_FLY,d09b8512-da42-4db2-9144-75ee3a695a77,54.8811,-132.0353,13.71812,5.06908,-2.25501,-13.25415,2.23516,-8.16655,7.74759,,,,,,,,,,,,,,,,,,,,,,,,,,,,,,,,,,,,,,,,,,,,,,,,,,,High,High,High,,,,,
107,2026-05-16,12:55:42.30,4,2,"Collins, Lucas",1000161882,Left,DAY_FLY,"Tufano, Cristino",811770,Right,GEO_COL,Undefined,3,Bottom,2,0,1,Fastball,Sinker,BallCalled,Undefined,Undefined,Undefined,0,0,,90.63338,-1.992517,4.433578,1832.228168,105.910436,9:30,5.05785,-2.17544,5.66362,-28.09576,6.55552,-18.89107,0.85227,0.39271,82.5522,-7.18073,1.065853,0.423673,,,,,,,,,,,,10.92571,4.24827,1.81234,50,4.87114,-9.34241,-131.16874,-5.59031,18.93399,29.11865,-24.81195,GEO_COL,DAY_FLY,TuckerFieldatBarcroftPark,D1,A10,20260516-TuckerFieldatBarcroftPark-1,13435130-5148-11f1-bfad-198183369b75,88.96583,,,8.08118,,,,,,,c0dadee9-703e-4f0a-a29d-6ad25cc75f47,2026-05-16,16:55:42.30,2026-05-16T12:55:42.3089152-04:00,2026-05-16T16:55:42.3089152Z,,v3,471301,471281,d133f518dc004df295395547d13e9707,"MacDougall, Ryan",836327,Right,DAY_FLY,9f5e578a-f821-4743-ae76-66c7af0c1e91,54.83594,-132.23793,14.55932,5.05968,-4.67926,-12.40597,2.16814,-10.03764,9.467,,,,,,,,,,,,,,,,,,,,,,,,,,,,,,,,,,,,,,,,,,,,,,,,,,,High,High,High,,,,,
108,2026-05-16,12:56:02.67,4,3,"Collins, Lucas",1000161882,Left,DAY_FLY,"Tufano, Cristino",811770,Right,GEO_COL,Undefined,3,Bottom,2,1,1,Fastball,Sinker,StrikeSwinging,Undefined,Undefined,Undefined,0,0,,90.95725,-1.376545,2.893758,1650.548469,105.197764,9:30,5.04479,-2.41741,5.46023,-29.88006,4.58382,-12.75489,1.26443,-0.76943,83.11525,-6.859469,0.623356,0.422526,,,,,,,,,,,,7.26579,3.03162,2.17141,50,4.90294,-6.08949,-131.87122,-4.3074,12.76085,28.73155,-26.84965,GEO_COL,DAY_FLY,TuckerFieldatBarcroftPark,D1,A10,20260516-TuckerFieldatBarcroftPark-1,1f6bf520-5148-11f1-bfad-198183369b75,89.20742,,,7.842,,,,,,,c0dadee9-703e-4f0a-a29d-6ad25cc75f47,2026-05-16,16:56:02.67,2026-05-16T12:56:02.6735616-04:00,2026-05-16T16:56:02.6735616Z,,v3,471301,471281,d133f518dc004df295395547d13e9707,"MacDougall, Ryan",836327,Right,DAY_FLY,b0f0b530-723e-437f-b079-a85919263818,55.03864,-132.96449,14.36577,5.04741,-3.28574,-13.42482,2.41236,-6.57506,6.38042,,,,,,,,,,,,,,,,,,,,,,,,,,,,,,,,,,,,,,,,,,,,,,,,,,,High,High,High,,,,,
109,2026-05-16,12:56:22.62,4,4,"Collins, Lucas",1000161882,Left,DAY_FLY,"Tufano, Cristino",811770,Right,GEO_COL,Undefined,3,Bottom,2,1,2,ChangeUp,Changeup,InPlay,Undefined,GroundBall,Out,1,0,,83.81635,-0.447723,3.086617,1407.793742,120.959942,10:00,4.9117,-2.48696,6.05612,-33.79636,5.70713,-7.47772,1.68031,-0.25033,76.96606,-6.712617,1.741844,0.452365,97.54449,2.466251,-32.221832,3730.491479,,,,64.74833,60.10123,-33.950958,0.479162,4.72453,3.41551,2.25105,50,4.85864,-6.27755,-121.6881,-2.02218,7.09242,23.6208,-27.04668,GEO_COL,DAY_FLY,TuckerFieldatBarcroftPark,D1,A10,20260516-TuckerFieldatBarcroftPark-1,2b52d520-5148-11f1-bfad-198183369b75,83.32305,2.21294,,6.85029,,,,1.98495,1.7765,0.28395,c0dadee9-703e-4f0a-a29d-6ad25cc75f47,2026-05-16,16:56:22.62,2026-05-16T12:56:22.6289664-04:00,2026-05-16T16:56:22.6289664Z,GroundBall,v3,471301,471281,d133f518dc004df295395547d13e9707,"MacDougall, Ryan",836327,Right,DAY_FLY,38e3fbb5-621d-4da3-8e47-ff6f1c8d3bc5,54.44343,-122.54757,11.8104,4.91431,-1.03804,-13.52334,2.48416,-6.53562,3.54621,76.785353,2.01159,120.17156,-25.73438,,,,,,,1.79173,5.72778,-19.82015,,,,,,,0.29406,-76.49965,0.83464,,,,,,,,,,,,,,,,,,,,,,,,,,,,,High,High,High,High,High,,,
110,2026-05-16,12:59:04.51,1,1,"Nadel, Jasper",1000142989,Right,GEO_COL,"Bello, Jason",10074817,Right,DAY_FLY,Undefined,4,Top,0,0,0,Sinker,Changeup,BallCalled,Undefined,Undefined,Undefined,0,0,,84.2985,0.515422,-4.116723,1849.366251,242.224216,2:00,5.75009,2.14397,5.20827,-29.16549,12.21272,20.12513,3.80561,-0.057,75.24167,-4.918556,-0.561416,0.462975,,,,,,,,,,,,-11.29508,6.36945,-1.77805,50,5.77668,7.84625,-121.733,0.09299,-16.59041,28.61151,-22.81849,GEO_COL,DAY_FLY,TuckerFieldatBarcroftPark,D1,A10,20260516-TuckerFieldatBarcroftPark-1,8bd1be70-5148-11f1-bfad-198183369b75,81.41362,,,9.05683,,,,,,,c0dadee9-703e-4f0a-a29d-6ad25cc75f47,2026-05-16,16:59:04.51,2026-05-16T12:59:04.5134336-04:00,2026-05-16T16:59:04.5134336Z,,v3,471301,471281,d133f518dc004df295395547d13e9707,"Lavey, Robbie",835215,Right,GEO_COL,117efceb-9905-48ed-8bbf-71cc242df40b,55.28525,-122.96894,14.30576,5.75137,1.07869,-11.40925,-2.13247,8.56291,-8.2952,,,,,,,,,,,,,,,,,,,,,,,,,,,,,,,,,,,,,,,,,,,,,,,,,,,High,High,High,,,,,
111,2026-05-16,12:59:20.37,1,2,"Nadel, Jasper",1000142989,Right,GEO_COL,"Bello, Jason",10074817,Right,DAY_FLY,Undefined,4,Top,0,1,0,ChangeUp,Changeup,StrikeCalled,Undefined,Undefined,Undefined,0,0,,71.61807,2.317659,-3.771725,1554.284457,278.716146,3:15,5.30176,2.29999,5.64862,-56.91377,-0.1598,15.94973,2.72656,0.10607,63.93337,-8.197109,-0.928297,0.542212,,,,,,,,,,,,-9.32162,-0.1439,-1.98963,50,5.46376,6.22589,-103.42821,2.48006,-9.8108,21.81113,-32.32549,GEO_COL,DAY_FLY,TuckerFieldatBarcroftPark,D1,A10,20260516-TuckerFieldatBarcroftPark-1,9566bf30-5148-11f1-bfad-198183369b75,69.516,,,7.68471,,,,,,,c0dadee9-703e-4f0a-a29d-6ad25cc75f47,2026-05-16,16:59:20.37,2026-05-16T12:59:20.3746816-04:00,2026-05-16T16:59:20.3746816Z,,v3,471301,471281,d133f518dc004df295395547d13e9707,"Lavey, Robbie",835215,Right,GEO_COL,f7867137-a12e-45db-b67a-e1021b8d5317,54.8456,-104.44506,10.90556,5.31301,3.98709,-16.16275,-2.29054,6.68327,-4.9054,,,,,,,,,,,,,,,,,,,,,,,,,,,,,,,,,,,,,,,,,,,,,,,,,,,High,High,High,,,,,
112,2026-05-16,12:59:38.90,1,3,"Nadel, Jasper",1000142989,Right,GEO_COL,"Bello, Jason",10074817,Right,DAY_FLY,Undefined,4,Top,0,1,1,Sinker,Changeup,StrikeCalled,Undefined,Undefined,Undefined,0,0,,84.12386,-0.71304,-4.93139,1782.67853,241.941298,2:00,5.64861,1.98756,5.45493,-28.81462,12.15335,19.9384,2.5774,-0.97863,75.70026,-6.079114,-1.397431,0.460674,,,,,,,,,,,,-11.50501,6.78603,-1.56546,50,5.56621,9.61292,-121.50173,-2.4774,-16.95039,27.01087,-22.17612,GEO_COL,DAY_FLY,TuckerFieldatBarcroftPark,D1,A10,20260516-TuckerFieldatBarcroftPark-1,a054c040-5148-11f1-bfad-198183369b75,81.82019,,,8.42361,,,,,,,c0dadee9-703e-4f0a-a29d-6ad25cc75f47,2026-05-16,16:59:38.90,2026-05-16T12:59:38.9027840-04:00,2026-05-16T16:59:38.9027840Z,,v3,471301,471281,d133f518dc004df295395547d13e9707,"Lavey, Robbie",835215,Right,GEO_COL,6d90ba61-1e75-4bc0-860b-8685498a2667,55.0404,-122.61713,13.50544,5.64961,-1.56164,-11.08806,-1.97687,10.31288,-8.47519,,,,,,,,,,,,,,,,,,,,,,,,,,,,,,,,,,,,,,,,,,,,,,,,,,,High,High,High,,,,,
113,2026-05-16,12:59:58.44,1,4,"Nadel, Jasper",1000142989,Right,GEO_COL,"Bello, Jason",10074817,Right,DAY_FLY,Undefined,4,Top,0,1,2,Sinker,Changeup,BallCalled,Undefined,Undefined,Undefined,0,0,,84.93274,-2.267072,-5.864521,1876.054763,239.239067,2:00,5.68119,1.99043,5.37496,-28.09045,12.80548,18.70918,1.20265,-1.96773,75.79966,-7.501072,-2.560403,0.460269,,,,,,,,,,,,-11.39024,7.68674,-1.477,50,5.45776,11.73117,-122.24728,-5.80628,-16.81057,29.64989,-20.82938,GEO_COL,DAY_FLY,TuckerFieldatBarcroftPark,D1,A10,20260516-TuckerFieldatBarcroftPark-1,abfbd820-5148-11f1-bfad-198183369b75,81.89224,,,9.13307,,,,,,,c0dadee9-703e-4f0a-a29d-6ad25cc75f47,2026-05-16,16:59:58.44,2026-05-16T12:59:58.4457216-04:00,2026-05-16T16:59:58.4457216Z,,v3,471301,471281,d133f518dc004df295395547d13e9707,"Lavey, Robbie",835215,Right,GEO_COL,5e438453-a39e-403f-bf58-24d9a4b672ea,55.11949,-123.48272,14.82494,5.68161,-4.93837,-10.41469,-1.98041,12.43163,-8.40529,,,,,,,,,,,,,,,,,,,,,,,,,,,,,,,,,,,,,,,,,,,,,,,,,,,High,High,High,,,,,
114,2026-05-16,13:00:17.54,1,5,"Nadel, Jasper",1000142989,Right,GEO_COL,"Bello, Jason",10074817,Right,DAY_FLY,Undefined,4,Top,0,2,2,ChangeUp,Changeup,FoulBallNotFieldable,Undefined,Undefined,Undefined,0,0,,72.55164,1.666212,-4.45605,1632.856506,280.651439,3:15,5.21306,2.46398,5.84601,-54.87712,-1.16654,15.7317,2.19348,-0.37432,66.2544,-8.422065,-1.643745,0.527474,84.05674,63.263066,43.839256,5176.224482,,,,,61.94081,,,-9.40741,-0.62528,-2.11037,50,5.31659,7.64964,-105.06355,1.46305,-10.44653,18.88403,-32.86838,GEO_COL,DAY_FLY,TuckerFieldatBarcroftPark,D1,A10,20260516-TuckerFieldatBarcroftPark-1,b76598e0-5148-11f1-bfad-198183369b75,71.45833,109.94354,,6.29725,,,,2.08127,2.48645,0.36925,c0dadee9-703e-4f0a-a29d-6ad25cc75f47,2026-05-16,17:00:17.54,2026-05-16T13:00:17.5471616-04:00,2026-05-16T17:00:17.5471616Z,,v3,471301,471281,d133f518dc004df295395547d13e9707,"Lavey, Robbie",835215,Right,GEO_COL,69de6c71-1547-486c-b60f-fef0ac697c47,54.65469,-105.89687,9.44202,5.22003,2.91348,-16.43419,-2.45811,8.11063,-5.22326,201.845619,2.08131,40.00035,-17.2955,5.0552,-0.68534,0.01197,-0.16744,0.1408,-0.03268,2.48644,110.10314,-28.26319,3.36196,-0.76104,0.26125,-0.07327,0.00293,0.00246,0.36924,38.41802,-2.40657,0.02512,-0.04651,0.06757,0.00232,-0.02027,0.00576,,,,,,,,,,,,,,,,,,,,,,,High,High,High,High,Undefined,,,
115,2026-05-16,13:00:44.49,1,6,"Nadel, Jasper",1000142989,Right,GEO_COL,"Bello, Jason",10074817,Right,DAY_FLY,Undefined,4,Top,0,2,2,Fastball,Changeup,InPlay,Undefined,FlyBall,Out,1,0,,83.33107,-0.914197,-3.494752,1808.80761,228.98124,1:45,5.83743,1.93086,5.48728,-28.17466,13.13922,13.44792,2.63261,-0.22201,75.57471,-6.15475,-1.103894,0.462615,101.65082,33.629882,-8.396154,2798.523489,109.34499,73.68377,-11.98176,370.01151,292.33028,-2.347359,5.90954,-7.88367,7.31827,-1.63394,50,5.73841,6.81597,-120.67286,-2.84875,-11.51744,25.5078,-21.48259,GEO_COL,DAY_FLY,TuckerFieldatBarcroftPark,D1,A10,20260516-TuckerFieldatBarcroftPark-1,c7731820-5148-11f1-bfad-198183369b75,81.47698,114.85428,,7.75636,,,,1.95662,2.76778,0.19703,c0dadee9-703e-4f0a-a29d-6ad25cc75f47,2026-05-16,17:00:44.49,2026-05-16T13:00:44.4994560-04:00,2026-05-16T17:00:44.4994560Z,FlyBall,v3,471301,471281,d133f518dc004df295395547d13e9707,"Lavey, Robbie",835215,Right,GEO_COL,68b00a39-3aa0-4047-b335-01493dd46465,55.01058,-121.72739,12.7539,5.83782,-1.96063,-10.7413,-1.92556,7.29212,-5.75872,193.024891,1.96226,122.70207,-27.49161,6.27752,-0.96464,0.08056,-0.00093,-0.0003,1E-05,2.76708,82.57445,-16.07495,0.21173,0.10546,-0.05234,0.0146,-0.00193,0.0001,0.19564,-18.09756,8.33614,-2.22445,0.37599,-0.03228,-0.00046,0.00031,-2E-05,,,,,,,,,,,,,,,,,,,,,,,High,High,High,Medium,Medium,,,
116,2026-05-16,13:01:24.31,2,1,"Nadel, Jasper",1000142989,Right,GEO_COL,"Stang, Bobby",1000138110,Right,DAY_FLY,Undefined,4,Top,1,0,0,ChangeUp,Changeup,BallCalled,Undefined,Undefined,Undefined,0,0,,72.23654,2.535131,-2.09343,1599.521259,151.192608,11:00,5.24465,2.4585,5.43208,-45.91349,8.8363,-3.89957,3.79581,0.17217,65.94646,-5.914132,-2.785841,0.532553,,,,,,,,,,,,1.35638,4.26473,-2.27027,50,5.43797,3.96901,-104.66071,3.25512,1.50117,18.02684,-27.45406,GEO_COL,DAY_FLY,TuckerFieldatBarcroftPark,D1,A10,20260516-TuckerFieldatBarcroftPark-1,df316ed0-5148-11f1-bfad-198183369b75,70.7769,,,6.29008,,,,,,,c0dadee9-703e-4f0a-a29d-6ad25cc75f47,2026-05-16,17:01:24.31,2026-05-16T13:01:24.3149824-04:00,2026-05-16T17:01:24.3149824Z,,v3,471301,471281,d133f518dc004df295395547d13e9707,"Lavey, Robbie",835215,Right,GEO_COL,dd643a6e-b0ec-485a-b983-ca59308dee47,55.06399,-105.52933,9.01342,5.24925,4.57799,-13.72703,-2.45977,3.89668,0.75058,,,,,,,,,,,,,,,,,,,,,,,,,,,,,,,,,,,,,,,,,,,,,,,,,,,High,High,High,,,,,
117,2026-05-16,13:01:44.50,2,2,"Nadel, Jasper",1000142989,Right,GEO_COL,"Stang, Bobby",1000138110,Right,DAY_FLY,Undefined,4,Top,1,1,0,Sinker,Changeup,InPlay,Undefined,FlyBall,Out,1,0,,86.08361,-0.524815,-4.470069,1899.490708,233.555012,1:45,5.51048,2.29208,5.53968,-24.88462,14.05485,17.08635,2.94475,-0.47038,77.42884,-5.1934,-1.435331,0.449124,96.57884,51.937316,-7.475546,4742.653934,109.88208,140.64851,-5.08939,234.03659,106.7337,0.59319,6.342676,-10.11666,7.67374,-1.91575,50,5.44873,9.00328,-124.46651,-1.95422,-15.62663,28.55873,-20.32086,GEO_COL,DAY_FLY,TuckerFieldatBarcroftPark,D1,A10,20260516-TuckerFieldatBarcroftPark-1,eb271be0-5148-11f1-bfad-198183369b75,83.92434,156.64048,,8.65477,,,,2.23153,3.17681,0.42453,c0dadee9-703e-4f0a-a29d-6ad25cc75f47,2026-05-16,17:01:44.50,2026-05-16T13:01:44.5010944-04:00,2026-05-16T17:01:44.5010944Z,FlyBall,v3,471301,471281,d133f518dc004df295395547d13e9707,"Lavey, Robbie",835215,Right,GEO_COL,868eb116-c6eb-4c0b-85f2-ba193d64cc57,54.95788,-125.59893,14.27936,5.51024,-1.14844,-10.16043,-2.28504,9.62291,-7.81331,189.157866,2.24766,86.31918,-26.09312,6.82159,-1.03981,0.0428,0.01374,-0.00224,0.0001,3.16856,111.63235,-24.37052,1.65845,0.05944,-0.11199,0.03189,-0.00414,0.0002,0.42221,-11.31683,7.68944,-2.52807,0.53284,-0.06653,0.00301,0.00021,-2E-05,,,,,,,,,,,,,,,,,,,,,,,High,High,High,High,Low,,,
118,2026-05-16,13:02:23.67,3,1,"Nadel, Jasper",1000142989,Right,GEO_COL,"Lynch, Colin",1000285952,Right,DAY_FLY,Undefined,4,Top,2,0,0,Sinker,Changeup,FoulBallNotFieldable,Undefined,Undefined,Undefined,0,0,,85.70903,-1.047393,-4.208454,1969.669362,241.738726,2:00,5.43962,2.22124,5.67634,-29.76427,9.17205,14.47737,1.9801,-0.50266,77.55087,-6.577274,-1.627926,0.449106,73.69426,-46.10479,-73.818325,,,,,3.23127,3.23127,-26.657954,0.026689,-8.70189,5.37666,-1.8753,50,5.33252,8.5244,-124.024,-3.26895,-13.38924,27.61813,-23.90126,GEO_COL,DAY_FLY,TuckerFieldatBarcroftPark,D1,A10,20260516-TuckerFieldatBarcroftPark-1,028af680-5149-11f1-bfad-198183369b75,83.92772,2.08447,,8.15816,,,,2.32886,2.08447,0.47638,c0dadee9-703e-4f0a-a29d-6ad25cc75f47,2026-05-16,17:02:23.67,2026-05-16T13:02:23.6776960-04:00,2026-05-16T17:02:23.6776960Z,GroundBall,v3,471301,471281,d133f518dc004df295395547d13e9707,"Lavey, Robbie",835215,Right,GEO_COL,fb8ba414-cd95-428d-a132-3111d083bef9,54.82159,-125.09308,13.80906,5.44116,-2.34374,-11.95063,-2.2153,9.04269,-6.69462,,2.32862,20.94225,,,,,,,,2.08539,-78.10229,,,,,,,,0.47724,-72.16983,,,,,,,,,,,,,,,,,,,,,,,,,,,,,,High,High,High,Estimated,Estimated,,,
119,2026-05-16,13:02:57.79,3,2,"Nadel, Jasper",1000142989,Right,GEO_COL,"Lynch, Colin",1000285952,Right,DAY_FLY,Undefined,4,Top,2,0,1,ChangeUp,Changeup,StrikeSwinging,Undefined,Undefined,Undefined,0,0,,73.10812,1.297064,-4.507178,1593.018906,270.541585,3:00,5.32682,2.44767,5.78164,-51.55475,1.75114,12.02477,2.24133,-0.75241,66.42805,-8.197688,-2.36126,0.525484,,,,,,,,,,,,-7.47048,1.10441,-2.08233,50,5.40361,7.90139,-105.75876,0.86296,-8.36925,19.86233,-30.93678,GEO_COL,DAY_FLY,TuckerFieldatBarcroftPark,D1,A10,20260516-TuckerFieldatBarcroftPark-1,16eb0700-5149-11f1-bfad-198183369b75,71.72906,,,6.68007,,,,,,,c0dadee9-703e-4f0a-a29d-6ad25cc75f47,2026-05-16,17:02:57.79,2026-05-16T13:02:57.7971712-04:00,2026-05-16T17:02:57.7971712Z,,v3,471301,471281,d133f518dc004df295395547d13e9707,"Lavey, Robbie",835215,Right,GEO_COL,77bba6e0-4d77-4789-b871-5891b372d9e4,54.71526,-106.64065,9.93117,5.3348,2.23655,-15.46839,-2.4414,8.27298,-4.18463,,,,,,,,,,,,,,,,,,,,,,,,,,,,,,,,,,,,,,,,,,,,,,,,,,,High,High,High,,,,,
120,2026-05-16,13:03:18.30,3,3,"Nadel, Jasper",1000142989,Right,GEO_COL,"Lynch, Colin",1000285952,Right,DAY_FLY,Undefined,4,Top,2,0,2,Fastball,Changeup,InPlay,Undefined,GroundBall,Out,1,0,,85.9854,-0.029548,-4.864966,1901.681192,242.706391,2:00,5.40707,2.2284,5.53343,-29.31135,9.80193,16.18576,2.93674,-0.98119,77.28547,-5.484354,-1.993184,0.450126,99.63041,-8.086618,-18.357547,,,,,21.72124,21.18604,-15.02861,0.139692,-9.77516,5.36059,-1.8164,50,5.38529,9.88188,-124.24391,-1.06139,-15.03298,28.64212,-23.93014,GEO_COL,DAY_FLY,TuckerFieldatBarcroftPark,D1,A10,20260516-TuckerFieldatBarcroftPark-1,231f6ac0-5149-11f1-bfad-198183369b75,83.73759,3.06762,,8.69993,,,,2.18727,3.06762,0.85224,c0dadee9-703e-4f0a-a29d-6ad25cc75f47,2026-05-16,17:03:18.30,2026-05-16T13:03:18.3069696-04:00,2026-05-16T17:03:18.3069696Z,GroundBall,v3,471301,471281,d133f518dc004df295395547d13e9707,"Lavey, Robbie",835215,Right,GEO_COL,09a30bb5-1e22-47d7-892e-aa1cdca40c83,54.96376,-125.38299,14.32106,5.40858,-0.1097,-11.96507,-2.22129,10.47973,-7.51649,102.578784,2.18761,137.27682,-19.78419,,,,,,,3.06765,-20.55792,-10.03958,,,,,,,0.85247,-45.58554,-6.00253,,,,,,,,,,,,,,,,,,,,,,,,,,,,,High,High,High,High,High,,,
121,2026-05-16,13:05:09.55,1,1,"Collins, Lucas",1000161882,Left,DAY_FLY,"Walsh, Charlie",10154270,Left,GEO_COL,Undefined,4,Bottom,0,0,0,Fastball,Changeup,BallCalled,Undefined,Undefined,Undefined,0,0,,88.48431,1.210367,2.326618,1672.307393,108.205853,9:30,5.10134,-2.10644,5.48059,-30.26447,5.97256,-14.72013,3.71289,-1.15501,80.80381,-4.369687,-0.292955,0.433259,,,,,,,,,,,,8.02241,3.03177,1.9124,50,5.18717,-4.55835,-128.38467,1.60382,13.40433,26.30692,-27.10839,GEO_COL,DAY_FLY,TuckerFieldatBarcroftPark,D1,A10,20260516-TuckerFieldatBarcroftPark-1,6570f4c0-5149-11f1-bfad-198183369b75,86.99745,,,7.6805,,,,,,,c0dadee9-703e-4f0a-a29d-6ad25cc75f47,2026-05-16,17:05:09.55,2026-05-16T13:05:09.5587840-04:00,2026-05-16T17:05:09.5587840Z,,v3,471301,471281,d133f518dc004df295395547d13e9707,"MacDougall, Ryan",836327,Right,DAY_FLY,e4ccaff9-7199-45cb-aa3e-d512ca2554a1,55.01768,-129.40874,13.15346,5.1042,2.65909,-13.55419,2.1,-5.08015,6.70216,,,,,,,,,,,,,,,,,,,,,,,,,,,,,,,,,,,,,,,,,,,,,,,,,,,High,High,High,,,,,
122,2026-05-16,13:05:22.22,1,2,"Collins, Lucas",1000161882,Left,DAY_FLY,"Walsh, Charlie",10154270,Left,GEO_COL,Undefined,4,Bottom,0,1,0,Fastball,Sinker,BallCalled,Undefined,Undefined,Undefined,0,0,,90.44479,0.633177,1.883142,1701.825087,109.040103,9:45,5.09128,-2.06059,5.43762,-29.28994,5.76079,-13.2191,3.24371,-1.39817,81.88597,-4.78034,-0.46884,0.426108,,,,,,,,,,,,7.17335,3.07756,1.90317,50,5.12739,-3.69671,-131.12597,0.34629,12.37802,30.03395,-26.86358,GEO_COL,DAY_FLY,TuckerFieldatBarcroftPark,D1,A10,20260516-TuckerFieldatBarcroftPark-1,6cf9d1d0-5149-11f1-bfad-198183369b75,88.45743,,,8.55882,,,,,,,c0dadee9-703e-4f0a-a29d-6ad25cc75f47,2026-05-16,17:05:22.22,2026-05-16T13:05:22.2286848-04:00,2026-05-16T17:05:22.2286848Z,,v3,471301,471281,d133f518dc004df295395547d13e9707,"MacDougall, Ryan",836327,Right,DAY_FLY,46d8c221-ca2b-4ab4-b777-137abf83401d,55.05875,-132.27958,15.01698,5.09427,1.37812,-13.43179,2.05429,-4.17215,6.18901,,,,,,,,,,,,,,,,,,,,,,,,,,,,,,,,,,,,,,,,,,,,,,,,,,,High,High,High,,,,,
123,2026-05-16,13:05:37.70,1,3,"Collins, Lucas",1000161882,Left,DAY_FLY,"Walsh, Charlie",10154270,Left,GEO_COL,Undefined,4,Bottom,0,2,0,Fastball,Changeup,BallCalled,Undefined,Undefined,Undefined,0,0,,88.9664,1.42067,1.760631,1590.202872,98.937991,9:15,4.97151,-2.02259,5.47981,-32.84136,3.32587,-13.33146,3.56491,-1.48567,80.5406,-4.636988,-0.612915,0.432842,,,,,,,,,,,,7.18764,1.64413,1.87716,50,5.07423,-3.35464,-128.97683,1.96664,12.00317,28.98057,-29.42841,GEO_COL,DAY_FLY,TuckerFieldatBarcroftPark,D1,A10,20260516-TuckerFieldatBarcroftPark-1,763085f0-5149-11f1-bfad-198183369b75,87.08133,,,8.4258,,,,,,,c0dadee9-703e-4f0a-a29d-6ad25cc75f47,2026-05-16,17:05:37.70,2026-05-16T13:05:37.7032704-04:00,2026-05-16T17:05:37.7032704Z,,v3,471301,471281,d133f518dc004df295395547d13e9707,"MacDougall, Ryan",836327,Right,DAY_FLY,00ff52f2-18ba-4934-8c80-d47ca59d5b09,55.01664,-130.09916,14.49029,4.976,3.10632,-14.7142,2.01607,-3.81949,6.00158,,,,,,,,,,,,,,,,,,,,,,,,,,,,,,,,,,,,,,,,,,,,,,,,,,,High,High,High,,,,,
124,2026-05-16,13:05:53.52,1,4,"Collins, Lucas",1000161882,Left,DAY_FLY,"Walsh, Charlie",10154270,Left,GEO_COL,Undefined,4,Bottom,0,3,0,Fastball,Changeup,BallCalled,Walk,Undefined,Undefined,0,0,,88.58254,2.042321,2.699198,1519.078719,83.531636,8:45,4.8844,-2.19069,5.43291,-37.0451,-0.29181,-14.03843,3.71285,-0.83092,79.81421,-4.767413,0.20447,0.436334,,,,,,,,,,,,7.84374,-0.36177,1.96131,50,5.04021,-5.40157,-128.24906,3.15646,12.89772,29.67118,-32.76892,GEO_COL,DAY_FLY,TuckerFieldatBarcroftPark,D1,A10,20260516-TuckerFieldatBarcroftPark-1,7fa63ee0-5149-11f1-bfad-198183369b75,86.38431,,,8.76834,,,,,,,c0dadee9-703e-4f0a-a29d-6ad25cc75f47,2026-05-16,17:05:53.52,2026-05-16T13:05:53.5221760-04:00,2026-05-16T17:05:53.5221760Z,,v3,471301,471281,d133f518dc004df295395547d13e9707,"MacDougall, Ryan",836327,Right,DAY_FLY,7135d5be-d670-4904-9abf-dbec828e881b,55.06371,-129.41527,14.83559,4.89084,4.44443,-16.38446,2.18358,-5.9085,6.44886,,,,,,,,,,,,,,,,,,,,,,,,,,,,,,,,,,,,,,,,,,,,,,,,,,,High,High,High,,,,,
125,2026-05-16,13:06:45.92,2,1,"Collins, Lucas",1000161882,Left,DAY_FLY,"Freker, Brodie",1000166944,Right,GEO_COL,Undefined,4,Bottom,0,0,0,ChangeUp,Changeup,BallCalled,Undefined,Undefined,Undefined,0,0,,83.51743,-1.122064,2.40426,1301.541768,139.132169,10:45,4.97347,-2.328,5.7206,-34.09435,6.99115,-4.72752,1.08606,-0.48115,75.32171,-7.446555,1.558427,0.461334,,,,,,,,,,,,3.19945,4.37965,2.12999,50,4.85895,-4.88395,-120.95484,-3.49889,4.65011,27.7571,-25.80862,GEO_COL,DAY_FLY,TuckerFieldatBarcroftPark,D1,A10,20260516-TuckerFieldatBarcroftPark-1,9ed66830-5149-11f1-bfad-198183369b75,81.70312,,,8.19572,,,,,,,c0dadee9-703e-4f0a-a29d-6ad25cc75f47,2026-05-16,17:06:45.92,2026-05-16T13:06:45.9211776-04:00,2026-05-16T17:06:45.9211776Z,,v3,471301,471281,d133f518dc004df295395547d13e9707,"MacDougall, Ryan",836327,Right,DAY_FLY,00a93b56-9f21-4654-9b41-639df3ad97d9,54.7746,-122.04561,13.87855,4.97652,-2.48469,-12.90431,2.32551,-5.06669,2.32506,,,,,,,,,,,,,,,,,,,,,,,,,,,,,,,,,,,,,,,,,,,,,,,,,,,High,High,High,,,,,
126,2026-05-16,13:07:01.28,2,2,"Collins, Lucas",1000161882,Left,DAY_FLY,"Freker, Brodie",1000166944,Right,GEO_COL,Undefined,4,Bottom,0,1,0,Fastball,Changeup,BallCalled,Undefined,Undefined,Undefined,0,0,,87.75579,0.940262,1.511882,1628.860842,105.371354,9:30,5.0626,-2.24117,5.64217,-31.55643,5.10134,-14.32808,3.31039,-2.02452,80.08011,-4.891495,-1.047723,0.435767,,,,,,,,,,,,7.66142,2.68579,2.12197,50,5.12246,-2.73992,-127.40299,0.96445,12.57291,26.55247,-27.7665,GEO_COL,DAY_FLY,TuckerFieldatBarcroftPark,D1,A10,20260516-TuckerFieldatBarcroftPark-1,a7fdda10-5149-11f1-bfad-198183369b75,86.49674,,,7.67569,,,,,,,c0dadee9-703e-4f0a-a29d-6ad25cc75f47,2026-05-16,17:07:01.28,2026-05-16T13:07:01.2873728-04:00,2026-05-16T17:07:01.2873728Z,,v3,471301,471281,d133f518dc004df295395547d13e9707,"MacDougall, Ryan",836327,Right,DAY_FLY,11f2d326-ad4e-43b8-ab10-bcf7cbfe3f1e,54.85601,-128.41106,13.27623,5.06584,2.01861,-13.88325,2.23506,-3.21726,6.28645,,,,,,,,,,,,,,,,,,,,,,,,,,,,,,,,,,,,,,,,,,,,,,,,,,,High,High,High,,,,,
127,2026-05-16,13:07:51.44,2,3,"Collins, Lucas",1000161882,Left,DAY_FLY,"Freker, Brodie",1000166944,Right,GEO_COL,Undefined,4,Bottom,0,2,0,Fastball,Changeup,BallCalled,Undefined,Undefined,Undefined,1,0,,87.5902,2.076955,0.266342,1575.061467,102.493934,9:30,5.10227,-2.23168,5.52499,-33.06541,4.31677,-13.61367,4.28939,-3.11716,79.00268,-4.04322,-2.159416,0.440052,,,,,,,,,,,,6.8604,1.9576,2.21744,50,5.26133,0.02805,-126.93731,3.39473,11.05635,28.95587,-29.01916,GEO_COL,DAY_FLY,TuckerFieldatBarcroftPark,D1,A10,20260516-TuckerFieldatBarcroftPark-1,c5e0e9f0-5149-11f1-bfad-198183369b75,85.65456,,,8.58752,,,,,,,c0dadee9-703e-4f0a-a29d-6ad25cc75f47,2026-05-16,17:07:51.44,2026-05-16T13:07:51.4480128-04:00,2026-05-16T17:07:51.4480128Z,,v3,471301,471281,d133f518dc004df295395547d13e9707,"MacDougall, Ryan",836327,Right,DAY_FLY,dbfe8120-8eee-4110-aa4f-673e8204b033,54.97002,-128.06601,14.47794,5.10696,4.5259,-14.50958,2.22474,-0.40293,5.52817,,,,,,,,,,,,,,,,,,,,,,,,,,,,,,,,,,,,,,,,,,,,,,,,,,,High,High,High,,,,,
128,2026-05-16,13:11:23.15,2,4,"Collins, Lucas",1000161882,Left,DAY_FLY,"Freker, Brodie",1000166944,Right,GEO_COL,Undefined,4,Bottom,1,3,0,Fastball,Changeup,BallCalled,Walk,Undefined,Undefined,0,0,,88.6671,1.603662,0.810273,1605.343747,105.433114,9:30,5.06652,-2.45731,5.64062,-30.36635,6.01784,-17.1193,4.03253,-3.12799,79.82351,-4.046015,-2.247207,0.434138,,,,,,,,,,,,8.7726,2.96666,2.39879,50,5.18397,-1.02881,-128.50936,2.50633,14.4592,30.20629,-27.28432,GEO_COL,DAY_FLY,TuckerFieldatBarcroftPark,D1,A10,20260516-TuckerFieldatBarcroftPark-1,440712a0-514a-11f1-bfad-198183369b75,86.82137,,,8.84359,,,,,,,c0dadee9-703e-4f0a-a29d-6ad25cc75f47,2026-05-16,17:11:23.15,2026-05-16T13:11:23.1540736-04:00,2026-05-16T17:11:23.1540736Z,,v3,471301,471281,d133f518dc004df295395547d13e9707,"MacDougall, Ryan",836327,Right,DAY_FLY,83c9ad4b-4805-4c00-8892-f3a4ca13c425,54.85346,-129.64516,15.10314,5.07044,3.53225,-13.64216,2.44769,-1.57249,7.2296,,,,,,,,,,,,,,,,,,,,,,,,,,,,,,,,,,,,,,,,,,,,,,,,,,,High,High,High,,,,,
129,2026-05-16,13:14:42.27,3,1,"Cahill, Riley",10097690,Right,DAY_FLY,"Peitz, Travis",10035065,Right,GEO_COL,Undefined,4,Bottom,1,0,0,Curveball,Curveball,StrikeCalled,Undefined,Undefined,Undefined,0,0,,79.85482,1.416673,-2.48976,2569.873537,28.51126,7:00,5.80188,1.98177,4.80086,-50.45089,-4.46422,-3.2461,2.94151,-0.64931,72.8845,-7.675076,-3.060253,0.488076,,,,,,,,,,,,0.85358,-2.12961,-1.73074,50,5.89932,5.16958,-115.65081,0.94759,1.14909,22.78411,-35.04094,GEO_COL,DAY_FLY,TuckerFieldatBarcroftPark,D1,A10,20260516-TuckerFieldatBarcroftPark-1,bacd9120-514a-11f1-bfad-198183369b75,77.22659,,,6.97033,,,,,,,c0dadee9-703e-4f0a-a29d-6ad25cc75f47,2026-05-16,17:14:42.27,2026-05-16T13:14:42.2798848-04:00,2026-05-16T17:14:42.2798848Z,,v3,471301,471281,d133f518dc004df295395547d13e9707,"MacDougall, Ryan",836327,Right,DAY_FLY,b04cfb23-1b9e-4b42-804a-7004e6876b2f,55.69751,-116.76787,11.39206,5.81075,2.66558,-17.52047,-1.98281,5.11324,0.57455,,,,,,,,,,,,,,,,,,,,,,,,,,,,,,,,,,,,,,,,,,,,,,,,,,,High,High,High,,,,,
130,2026-05-16,13:15:04.30,3,2,"Cahill, Riley",10097690,Right,DAY_FLY,"Peitz, Travis",10035065,Right,GEO_COL,Undefined,4,Bottom,1,0,1,Curveball,Curveball,StrikeCalled,Undefined,Undefined,Undefined,0,0,,79.99285,1.864428,-3.008446,2569.830492,18.862502,6:45,5.74302,1.89002,4.99596,-52.18215,-6.45949,-2.73748,3.1578,-1.18103,72.70673,-7.572699,-3.490763,0.486673,,,,,,,,,,,,0.42248,-3.2765,-1.5981,50,5.88027,6.20136,-115.77065,1.82826,0.5675,23.69152,-36.57506,GEO_COL,DAY_FLY,TuckerFieldatBarcroftPark,D1,A10,20260516-TuckerFieldatBarcroftPark-1,c7ecca10-514a-11f1-bfad-198183369b75,77.44926,,,7.28612,,,,,,,c0dadee9-703e-4f0a-a29d-6ad25cc75f47,2026-05-16,17:15:04.30,2026-05-16T13:15:04.3089920-04:00,2026-05-16T17:15:04.3089920Z,,v3,471301,471281,d133f518dc004df295395547d13e9707,"MacDougall, Ryan",836327,Right,DAY_FLY,4717f2fb-8cf2-45a8-b7a8-98273b664ac4,55.50245,-116.89126,11.84576,5.75288,3.55826,-18.28753,-1.89078,6.17452,0.28375,,,,,,,,,,,,,,,,,,,,,,,,,,,,,,,,,,,,,,,,,,,,,,,,,,,High,High,High,,,,,
131,2026-05-16,13:15:30.31,3,3,"Cahill, Riley",10097690,Right,DAY_FLY,"Peitz, Travis",10035065,Right,GEO_COL,Undefined,4,Bottom,1,0,2,Fastball,Four-Seam,BallCalled,Undefined,Undefined,Undefined,0,0,,91.3753,-4.465072,-3.540756,2392.164642,199.993753,12:45,5.71177,1.91889,5.90992,-15.15209,18.78777,6.40386,0.28844,-0.83803,83.09228,-7.350584,-2.394136,0.419302,,,,,,,,,,,,-4.35563,11.33154,-1.63822,50,5.34368,7.89709,-132.04324,-10.76394,-7.63374,30.03408,-12.31419,GEO_COL,DAY_FLY,TuckerFieldatBarcroftPark,D1,A10,20260516-TuckerFieldatBarcroftPark-1,d76d4b90-514a-11f1-bfad-198183369b75,89.89339,,,8.28302,,,,,,,c0dadee9-703e-4f0a-a29d-6ad25cc75f47,2026-05-16,17:15:30.31,2026-05-16T13:15:30.3168512-04:00,2026-05-16T17:15:30.3168512Z,,v3,471301,471281,d133f518dc004df295395547d13e9707,"MacDougall, Ryan",836327,Right,DAY_FLY,23c1a3fb-e5a0-44f3-9ef9-9575e188403e,54.58791,-133.0827,15.01704,5.70884,-10.33776,-6.15709,-1.9161,8.16128,-3.81687,,,,,,,,,,,,,,,,,,,,,,,,,,,,,,,,,,,,,,,,,,,,,,,,,,,High,High,High,,,,,
132,2026-05-16,13:15:53.67,3,4,"Cahill, Riley",10097690,Right,DAY_FLY,"Peitz, Travis",10035065,Right,GEO_COL,Undefined,4,Bottom,1,1,2,Curveball,Curveball,StrikeSwinging,Strikeout,Undefined,Undefined,0,0,,80.327,-0.249632,-2.310504,2737.538439,25.074727,6:45,5.79469,1.80138,4.5766,-50.20223,-5.17303,-3.00004,1.37347,-0.6481,74.83064,-9.18253,-2.836568,0.482968,,,,,,,,,,,,0.90386,-2.12225,-1.55916,50,5.72136,4.83414,-116.60153,-2.4715,1.2583,19.6232,-35.12857,GEO_COL,DAY_FLY,TuckerFieldatBarcroftPark,D1,A10,20260516-TuckerFieldatBarcroftPark-1,e557c3c0-514a-11f1-bfad-198183369b75,78.04333,,,5.49636,,,,,,,c0dadee9-703e-4f0a-a29d-6ad25cc75f47,2026-05-16,17:15:53.67,2026-05-16T13:15:53.6702464-04:00,2026-05-16T17:15:53.6702464Z,,v3,471301,471281,d133f518dc004df295395547d13e9707,"MacDougall, Ryan",836327,Right,DAY_FLY,5f53df65-5570-4f78-a784-c7a21ede5b96,55.92518,-117.59446,9.8116,5.80144,-0.69399,-17.56428,-1.80216,4.77047,0.62915,,,,,,,,,,,,,,,,,,,,,,,,,,,,,,,,,,,,,,,,,,,,,,,,,,,High,High,High,,,,,
133,2026-05-16,13:16:28.69,4,1,"Cahill, Riley",10097690,Right,DAY_FLY,"Dewey, Christian",10179677,Left,GEO_COL,Undefined,4,Bottom,2,0,0,Curveball,Curveball,StrikeCalled,Undefined,Undefined,Undefined,0,0,,80.83889,1.013433,-2.579738,2643.411541,18.676279,6:30,5.71841,1.91682,4.97935,-48.28329,-4.03358,-1.82173,2.65296,-0.67295,74.31717,-7.697247,-2.900997,0.47877,,,,,,,,,,,,0.1924,-1.86579,-1.66625,50,5.77661,5.35888,-117.22134,0.26721,0.26801,21.93576,-34.77288,GEO_COL,DAY_FLY,TuckerFieldatBarcroftPark,D1,A10,20260516-TuckerFieldatBarcroftPark-1,fa37b2a0-514a-11f1-bfad-198183369b75,78.72771,,,6.52172,,,,,,,c0dadee9-703e-4f0a-a29d-6ad25cc75f47,2026-05-16,17:16:28.69,2026-05-16T13:16:28.6948864-04:00,2026-05-16T17:16:28.6948864Z,,v3,471301,471281,d133f518dc004df295395547d13e9707,"MacDougall, Ryan",836327,Right,DAY_FLY,9c4e9f78-bab2-4bea-943e-4c15334e8bfb,55.52043,-118.24987,10.96788,5.72585,1.89765,-17.38644,-1.91722,5.34632,0.134,,,,,,,,,,,,,,,,,,,,,,,,,,,,,,,,,,,,,,,,,,,,,,,,,,,High,High,High,,,,,
134,2026-05-16,13:16:52.42,4,2,"Cahill, Riley",10097690,Right,DAY_FLY,"Dewey, Christian",10179677,Left,GEO_COL,Undefined,4,Bottom,2,0,1,Curveball,Curveball,FoulBallNotFieldable,Undefined,Undefined,Undefined,0,0,,81.33393,0.961254,-2.207685,2705.149275,29.689372,7:00,5.69934,1.9796,4.9765,-49.39306,-6.15516,-4.18016,2.49187,-0.45484,75.59634,-7.911809,-2.945327,0.473264,,,,,,,,,,,,1.55539,-3.04988,-1.76276,50,5.75086,4.72666,-118.14587,0.13479,2.22334,20.12351,-36.53363,GEO_COL,DAY_FLY,TuckerFieldatBarcroftPark,D1,A10,20260516-TuckerFieldatBarcroftPark-1,087071e0-514b-11f1-bfad-198183369b75,79.64354,,,5.73759,,,,,,,c0dadee9-703e-4f0a-a29d-6ad25cc75f47,2026-05-16,17:16:52.42,2026-05-16T13:16:52.4298752-04:00,2026-05-16T17:16:52.4298752Z,,v3,471301,471281,d133f518dc004df295395547d13e9707,"MacDougall, Ryan",836327,Right,DAY_FLY,2400aff2-cc9f-4b6d-ac48-fa2f79aa236d,55.52636,-119.08344,10.06175,5.70493,1.83693,-18.26681,-1.98056,4.62307,1.11167,,,,,,,,,,,,,,,,,,,,,,,,,,,,,,,,,,,,,,,,,,,,,,,,,,,High,High,High,,,,,
135,2026-05-16,13:17:23.08,4,3,"Cahill, Riley",10097690,Right,DAY_FLY,"Dewey, Christian",10179677,Left,GEO_COL,Undefined,4,Bottom,2,0,2,Fastball,Four-Seam,BallCalled,Undefined,Undefined,Undefined,0,0,,90.24585,-2.349011,-3.802707,2437.720951,201.767323,12:45,5.63184,1.87047,6.04656,-19.27501,14.60052,5.44347,1.84491,-1.20154,83.47135,-5.957436,-2.826046,0.418904,,,,,,,,,,,,-3.74036,8.41052,-1.57696,50,5.43796,8.47789,-130.91215,-5.98048,-6.56768,24.57748,-17.40596,GEO_COL,DAY_FLY,TuckerFieldatBarcroftPark,D1,A10,20260516-TuckerFieldatBarcroftPark-1,1aa0d120-514b-11f1-bfad-198183369b75,89.97873,,,6.77449,,,,,,,c0dadee9-703e-4f0a-a29d-6ad25cc75f47,2026-05-16,17:17:23.08,2026-05-16T13:17:23.0860288-04:00,2026-05-16T17:17:23.0860288Z,,v3,471301,471281,d133f518dc004df295395547d13e9707,"MacDougall, Ryan",836327,Right,DAY_FLY,3707c8d6-cab8-4790-8711-c2513540da0a,54.4528,-131.74547,12.28874,5.63073,-5.39032,-8.70298,-1.86819,8.70057,-3.28384,,,,,,,,,,,,,,,,,,,,,,,,,,,,,,,,,,,,,,,,,,,,,,,,,,,High,High,High,,,,,
136,2026-05-16,13:17:47.26,4,4,"Cahill, Riley",10097690,Right,DAY_FLY,"Dewey, Christian",10179677,Left,GEO_COL,Undefined,4,Bottom,2,1,2,Fastball,Four-Seam,InPlay,Undefined,GroundBall,Out,1,0,,90.11048,-2.063824,-2.084222,2432.755928,198.43294,12:30,5.58499,2.07255,6.12723,-17.25725,16.60501,5.20244,2.23707,0.57865,83.06141,-5.328667,-1.146993,0.418822,69.04001,-50.45306,1.391855,,,,,2.87811,2.87811,-10.540483,0.028074,-3.23264,9.43327,-1.91589,50,5.418,4.55457,-130.92284,-5.22667,-5.65642,25.54007,-15.66788,GEO_COL,DAY_FLY,TuckerFieldatBarcroftPark,D1,A10,20260516-TuckerFieldatBarcroftPark-1,28fea490-514b-11f1-bfad-198183369b75,89.99633,2.19939,,7.04907,,,,1.01401,2.19939,-0.5706,c0dadee9-703e-4f0a-a29d-6ad25cc75f47,2026-05-16,17:17:47.26,2026-05-16T13:17:47.2606208-04:00,2026-05-16T17:17:47.2606208Z,GroundBall,v3,471301,471281,d133f518dc004df295395547d13e9707,"MacDougall, Ryan",836327,Right,DAY_FLY,960ac6f1-1435-49c8-b9e4-7035337e23ca,54.37222,-131.773,12.77004,5.5833,-4.70512,-7.83394,-2.07063,4.74285,-2.82821,,1.01304,64.66844,,,,,,,,2.20057,-78.34139,,,,,,,,-0.57063,1.57126,,,,,,,,,,,,,,,,,,,,,,,,,,,,,,High,High,High,Estimated,Estimated,,,
137,2026-05-16,13:20:22.04,1,1,"Nadel, Jasper",1000142989,Right,GEO_COL,"Sardinas, Alejandro",1000180208,Right,DAY_FLY,Undefined,5,Top,0,0,0,Sinker,Changeup,StrikeSwinging,Undefined,Undefined,Undefined,0,0,,83.33264,0.203932,-4.43422,1802.584937,239.894435,2:00,5.40577,2.28587,5.46022,-29.80734,11.54969,17.46458,3.11328,-0.41753,75.52659,-5.32846,-1.33666,0.462856,,,,,,,,,,,,-10.06477,6.17229,-1.90677,50,5.40368,8.60806,-120.56181,-0.56252,-14.71542,24.89076,-23.1497,GEO_COL,DAY_FLY,TuckerFieldatBarcroftPark,D1,A10,20260516-TuckerFieldatBarcroftPark-1,85512240-514b-11f1-bfad-198183369b75,81.43447,,,7.80606,,,,,,,c0dadee9-703e-4f0a-a29d-6ad25cc75f47,2026-05-16,17:20:22.04,2026-05-16T13:20:22.0448768-04:00,2026-05-16T17:20:22.0448768Z,,v3,471301,471281,d133f518dc004df295395547d13e9707,"Lavey, Robbie",835215,Right,GEO_COL,f64d3d2c-500f-4ead-9c01-1340e1a9547c,55.03672,-121.59723,12.44538,5.40705,0.40048,-11.57485,-2.27759,9.2202,-7.35771,,,,,,,,,,,,,,,,,,,,,,,,,,,,,,,,,,,,,,,,,,,,,,,,,,,High,High,High,,,,,
138,2026-05-16,13:20:39.16,1,2,"Nadel, Jasper",1000142989,Right,GEO_COL,"Sardinas, Alejandro",1000180208,Right,DAY_FLY,Undefined,5,Top,0,0,1,ChangeUp,Changeup,StrikeCalled,Undefined,Undefined,Undefined,0,0,,71.44815,0.786955,-3.74588,1595.526136,272.23785,3:00,5.41412,2.2082,5.91905,-54.00456,1.54969,11.02894,1.64565,-0.35387,64.95713,-9.178898,-1.768022,0.536451,,,,,,,,,,,,-6.81863,1.16532,-1.914,50,5.44708,6.3942,-103.47423,-0.11455,-7.28737,19.56078,-30.92862,GEO_COL,DAY_FLY,TuckerFieldatBarcroftPark,D1,A10,20260516-TuckerFieldatBarcroftPark-1,8f859750-514b-11f1-bfad-198183369b75,70.26259,,,6.49102,,,,,,,c0dadee9-703e-4f0a-a29d-6ad25cc75f47,2026-05-16,17:20:39.16,2026-05-16T13:20:39.1610880-04:00,2026-05-16T17:20:39.1610880Z,,v3,471301,471281,d133f518dc004df295395547d13e9707,"Lavey, Robbie",835215,Right,GEO_COL,bdb60b00-2cef-4174-85f3-54d449dd7f0b,54.57809,-104.33608,9.78039,5.42211,1.24817,-15.46431,-2.20281,6.71528,-3.64368,,,,,,,,,,,,,,,,,,,,,,,,,,,,,,,,,,,,,,,,,,,,,,,,,,,High,High,High,,,,,
139,2026-05-16,13:20:59.77,1,3,"Nadel, Jasper",1000142989,Right,GEO_COL,"Sardinas, Alejandro",1000180208,Right,DAY_FLY,Undefined,5,Top,0,0,2,Sinker,Changeup,InPlay,Undefined,GroundBall,Single,0,0,,84.33828,-0.719916,-4.152267,1832.876049,234.710282,1:45,5.46946,2.10036,5.52635,-27.01021,13.37438,16.86891,2.54379,-0.38248,76.27051,-5.760124,-1.154458,0.457382,97.717,8.34034,-6.722634,3323.542229,109.00484,7.66565,-14.76222,163.6015,163.6015,-8.339851,1.362135,-9.83914,7.38457,-1.75065,50,5.38901,8.15715,-122.0414,-2.41744,-14.67917,26.43656,-21.15689,GEO_COL,DAY_FLY,TuckerFieldatBarcroftPark,D1,A10,20260516-TuckerFieldatBarcroftPark-1,9bc6cc50-514b-11f1-bfad-198183369b75,82.40907,8.65911,,8.06777,,,,1.55595,2.52778,0.32077,c0dadee9-703e-4f0a-a29d-6ad25cc75f47,2026-05-16,17:20:59.77,2026-05-16T13:20:59.7725184-04:00,2026-05-16T17:20:59.7725184Z,LineDrive,v3,471301,471281,d133f518dc004df295395547d13e9707,"Lavey, Robbie",835215,Right,GEO_COL,36e7b764-ea09-49f6-9d4a-24762f0d3a8e,54.97161,-123.11364,13.21828,5.46966,-1.55934,-10.57845,-2.09356,8.75252,-7.33959,96.795864,1.55595,140.82732,-20.57236,3.40998,-0.71077,0.1317,-0.02516,0.00418,-0.00039,2.52778,20.78869,-18.58938,1.80865,-0.35469,0.07954,-0.01494,0.00248,-0.00025,0.32077,-16.59981,-2.07803,1.3618,-0.40936,0.1079,-0.02426,0.00439,-0.00043,,,,,,,,,,,,,,,,,,,,,,,High,High,High,High,High,,,
140,2026-05-16,13:21:54.74,2,1,"Nadel, Jasper",1000142989,Right,GEO_COL,"Carpenter, Grayson",1000239420,Right,DAY_FLY,Undefined,5,Top,0,0,0,Curveball,Curveball,BallCalled,Undefined,Undefined,Undefined,0,0,,71.52062,2.953791,-1.683232,1816.249334,125.507332,10:15,5.28489,2.49997,5.19222,-50.67479,5.14855,-4.9604,3.84426,0.50276,65.92425,-6.274483,-2.560471,0.537748,,,,,,,,,,,,2.03689,2.32429,-2.33992,50,5.52085,3.23094,-103.70665,3.76202,2.23591,16.05341,-29.62266,GEO_COL,DAY_FLY,TuckerFieldatBarcroftPark,D1,A10,20260516-TuckerFieldatBarcroftPark-1,bc9d2b90-514b-11f1-bfad-198183369b75,70.09307,,,5.59636,,,,,,,c0dadee9-703e-4f0a-a29d-6ad25cc75f47,2026-05-16,17:21:54.74,2026-05-16T13:21:54.7413504-04:00,2026-05-16T17:21:54.7413504Z,,v3,471301,471281,d133f518dc004df295395547d13e9707,"Lavey, Robbie",835215,Right,GEO_COL,5555dfda-02fd-463c-8f0f-d46f04f1cf0e,55.30606,-104.52478,8.02671,5.29066,5.27169,-14.81133,-2.50167,3.11699,1.11796,,,,,,,,,,,,,,,,,,,,,,,,,,,,,,,,,,,,,,,,,,,,,,,,,,,High,High,High,,,,,
141,2026-05-16,13:22:14.62,2,2,"Nadel, Jasper",1000142989,Right,GEO_COL,"Carpenter, Grayson",1000239420,Right,DAY_FLY,Undefined,5,Top,0,1,0,ChangeUp,Changeup,FoulBallNotFieldable,Undefined,Undefined,Undefined,0,0,,71.56487,1.729017,-4.001446,1588.641447,275.321219,3:15,5.39102,2.22132,6.05401,-53.78038,0.54874,12.17072,2.51418,-0.47441,65.83003,-8.185946,-1.816312,0.530503,54.62722,34.501081,146.069364,4582.558351,,,,,30.71375,,,-7.4043,0.265,-1.91652,50,5.49665,6.86283,-103.78252,1.64838,-8.08302,17.21822,-31.88474,GEO_COL,DAY_FLY,TuckerFieldatBarcroftPark,D1,A10,20260516-TuckerFieldatBarcroftPark-1,c869ccd0-514b-11f1-bfad-198183369b75,71.05038,19.82456,,5.73484,,,,2.0427,2.51836,0.44248,c0dadee9-703e-4f0a-a29d-6ad25cc75f47,2026-05-16,17:22:14.62,2026-05-16T13:22:14.6279424-04:00,2026-05-16T17:22:14.6279424Z,,v3,471301,471281,d133f518dc004df295395547d13e9707,"Lavey, Robbie",835215,Right,GEO_COL,3c2651ba-d837-424f-bc97-f2a5109ed8ff,54.44679,-104.51767,8.60911,5.39721,3.00973,-15.94237,-2.21691,7.20795,-4.04151,319.026582,2.0427,-54.78425,1.32739,0.5142,-0.75223,2.89927,-7.4546,9.91199,-5.20412,2.51836,45.38165,-22.77244,2.12563,-0.83148,2.0236,-5.09004,6.7248,-3.50721,0.44248,36.85616,-5.76033,1.23434,-0.90112,3.20981,-8.26779,10.95133,-5.72287,,,,,,,,,,,,,,,,,,,,,,,High,High,High,High,Undefined,,,
142,2026-05-16,13:22:47.18,2,3,"Nadel, Jasper",1000142989,Right,GEO_COL,"Carpenter, Grayson",1000239420,Right,DAY_FLY,Undefined,5,Top,0,1,1,Curveball,Curveball,BallCalled,Undefined,Undefined,Undefined,0,0,,73.07327,3.671393,-3.895226,1721.233452,268.692151,3:00,5.24035,2.42853,5.29178,-53.22467,2.2813,2.15315,4.26494,-1.05511,64.88491,-6.127735,-3.515201,0.536218,,,,,,,,,,,,-2.47567,0.52689,-2.07507,50,5.5379,7.08186,-105.25223,5.07513,-2.6972,22.65217,-31.6,GEO_COL,DAY_FLY,TuckerFieldatBarcroftPark,D1,A10,20260516-TuckerFieldatBarcroftPark-1,dbe6d050-514b-11f1-bfad-198183369b75,70.29316,,,8.18836,,,,,,,c0dadee9-703e-4f0a-a29d-6ad25cc75f47,2026-05-16,17:22:47.18,2026-05-16T13:22:47.1836160-04:00,2026-05-16T17:22:47.1836160Z,,v3,471301,471281,d133f518dc004df295395547d13e9707,"Lavey, Robbie",835215,Right,GEO_COL,8c292de4-b50a-457c-8e42-a4a265c6f1d6,55.2001,-106.3655,11.32608,5.25032,6.62815,-15.8,-2.42637,7.21442,-1.3486,,,,,,,,,,,,,,,,,,,,,,,,,,,,,,,,,,,,,,,,,,,,,,,,,,,High,High,High,,,,,
143,2026-05-16,13:23:25.09,2,4,"Nadel, Jasper",1000142989,Right,GEO_COL,"Carpenter, Grayson",1000239420,Right,DAY_FLY,Undefined,5,Top,0,2,1,Sinker,Changeup,InPlay,Undefined,GroundBall,FieldersChoice,1,0,,84.0027,-0.470994,-3.845334,1789.659732,231.990203,1:45,5.50948,2.30777,5.55924,-28.51191,12.15871,13.70355,2.69244,-0.14829,75.93199,-5.784486,-1.40763,0.458999,96.27822,1.812373,-4.470874,809.782566,,,,60.53056,56.44706,-4.459103,0.452928,-8.12567,6.70831,-1.98458,50,5.45024,7.59913,-121.57983,-1.93403,-12.02155,26.41674,-22.24943,GEO_COL,DAY_FLY,TuckerFieldatBarcroftPark,D1,A10,20260516-TuckerFieldatBarcroftPark-1,f2724c50-514b-11f1-bfad-198183369b75,82.1188,2.85378,,8.07071,,,,1.00958,2.64748,0.15459,c0dadee9-703e-4f0a-a29d-6ad25cc75f47,2026-05-16,17:23:25.09,2026-05-16T13:23:25.0962944-04:00,2026-05-16T17:23:25.0962944Z,GroundBall,v3,471301,471281,d133f518dc004df295395547d13e9707,"Lavey, Robbie",835215,Right,GEO_COL,c0451961-3f8e-480a-878c-863e769801a2,54.93755,-122.64797,13.20837,5.51025,-1.0344,-11.12471,-2.30167,8.08521,-6.01077,9.091521,1.02426,140.27213,-20.59052,,,,,,,2.66271,4.01342,-21.9108,,,,,,,0.15482,-11.0089,0.60995,,,,,,,,,,,,,,,,,,,,,,,,,,,,,High,High,High,High,High,,,
144,2026-05-16,13:24:28.20,3,1,"Nadel, Jasper",1000142989,Right,GEO_COL,"MacDougall, Danny",1000119540,Right,DAY_FLY,Undefined,5,Top,1,0,0,Sinker,Changeup,BallCalled,Undefined,Undefined,Undefined,0,0,,85.3372,-0.877709,-5.881653,1977.454538,237.892656,2:00,5.41559,2.18749,5.50253,-24.85049,15.21741,21.74265,2.51941,-1.52097,76.24737,-5.555042,-2.034769,0.455585,,,,,,,,,,,,-12.81241,8.39004,-1.68674,50,5.32231,11.70854,-122.99929,-2.68672,-19.24098,28.88198,-19.57431,GEO_COL,DAY_FLY,TuckerFieldatBarcroftPark,D1,A10,20260516-TuckerFieldatBarcroftPark-1,180bb1e0-514c-11f1-bfad-198183369b75,82.73411,,,9.08983,,,,,,,c0dadee9-703e-4f0a-a29d-6ad25cc75f47,2026-05-16,17:24:28.20,2026-05-16T13:24:28.2018304-04:00,2026-05-16T17:24:28.2018304Z,,v3,471301,471281,d133f518dc004df295395547d13e9707,"Lavey, Robbie",835215,Right,GEO_COL,d58faea9-df7b-4176-9796-83c3cf38caed,54.9922,-124.166,14.44099,5.41487,-1.896,-9.78716,-2.17541,12.48579,-9.62049,,,,,,,,,,,,,,,,,,,,,,,,,,,,,,,,,,,,,,,,,,,,,,,,,,,High,High,High,,,,,
145,2026-05-16,13:24:48.62,3,2,"Nadel, Jasper",1000142989,Right,GEO_COL,"MacDougall, Danny",1000119540,Right,DAY_FLY,Undefined,5,Top,1,1,0,ChangeUp,Changeup,BallCalled,Undefined,Undefined,Undefined,0,0,,71.74464,-0.042517,-5.262723,1553.190617,280.87453,3:15,5.32443,2.38294,5.76619,-56.12802,-0.62217,13.43253,0.60736,-1.40936,65.49691,-10.313669,-2.865838,0.536217,,,,,,,,,,,,-8.5315,0.22535,-1.95472,50,5.28682,9.09437,-103.72927,-1.71678,-9.1796,19.36792,-31.93158,GEO_COL,DAY_FLY,TuckerFieldatBarcroftPark,D1,A10,20260516-TuckerFieldatBarcroftPark-1,2437ff50-514c-11f1-bfad-198183369b75,70.29322,,,6.24773,,,,,,,c0dadee9-703e-4f0a-a29d-6ad25cc75f47,2026-05-16,17:24:48.62,2026-05-16T13:24:48.6211072-04:00,2026-05-16T17:24:48.6211072Z,,v3,471301,471281,d133f518dc004df295395547d13e9707,"Lavey, Robbie",835215,Right,GEO_COL,cd189cae-9729-401b-b10e-7c1aee717142,54.73332,-104.60932,9.68396,5.33187,-0.26585,-15.96579,-2.37744,9.51148,-4.5898,,,,,,,,,,,,,,,,,,,,,,,,,,,,,,,,,,,,,,,,,,,,,,,,,,,High,High,High,,,,,
146,2026-05-16,13:25:11.36,3,3,"Nadel, Jasper",1000142989,Right,GEO_COL,"MacDougall, Danny",1000119540,Right,DAY_FLY,Undefined,5,Top,1,2,0,Sinker,Changeup,InPlay,Undefined,FlyBall,HomeRun,0,2,,84.6167,-0.313699,-3.214829,1870.182535,231.507925,1:45,5.50011,2.26061,5.34904,-27.93273,11.70788,13.2302,2.87768,0.34461,77.81537,-5.460767,-0.86812,0.45315,100.10418,38.220703,-26.425126,2688.123561,96.25275,85.49035,-53.24835,357.23935,177.76191,-34.240728,6.047987,-7.52367,6.31174,-1.98096,50,5.45195,6.34293,-122.76818,-1.63731,-11.56068,22.75752,-22.47557,GEO_COL,DAY_FLY,TuckerFieldatBarcroftPark,D1,A10,20260516-TuckerFieldatBarcroftPark-1,31bd9b30-514c-11f1-bfad-198183369b75,83.17878,125.91172,,6.80133,,,,1.51926,3.03462,-0.3681,c0dadee9-703e-4f0a-a29d-6ad25cc75f47,2026-05-16,17:25:11.36,2026-05-16T13:25:11.3657344-04:00,2026-05-16T17:25:11.3657344Z,FlyBall,v3,471301,471281,d133f518dc004df295395547d13e9707,"Lavey, Robbie",835215,Right,GEO_COL,1a028909-8ebf-40ea-8e79-fd090fcd0f7f,55.15097,-123.71933,11.37876,5.50075,-0.69795,-11.23779,-2.25616,6.82611,-5.78034,163.562182,1.52856,103.11976,-25.34554,5.73002,-0.76453,0.02034,0.01049,-0.00147,6E-05,3.02957,90.91958,-19.36655,1.40176,-0.24955,0.02232,0.00425,-0.0011,7E-05,-0.37034,-51.2957,6.9394,-1.25889,0.14118,-0.00266,-0.00134,0.00012,-0,,,,,,,,,,,,,,,,,,,,,,,High,High,High,High,Low,,,
147,2026-05-16,13:26:06.34,4,1,"Nadel, Jasper",1000142989,Right,GEO_COL,"Smith, Michael",822066,Right,DAY_FLY,Undefined,5,Top,1,0,0,Curveball,Curveball,InPlay,Undefined,GroundBall,Error,0,0,,71.84644,2.301919,-2.256713,1679.501711,63.662365,8:00,5.3251,2.40036,5.19088,-57.51121,-1.61032,-6.87154,2.70079,-0.29627,65.8143,-8.142899,-3.472461,0.538122,95.59592,-2.544537,-36.459851,4568.20645,,,,34.76382,33.91928,-33.744906,0.246992,2.79177,-1.01528,-2.18536,50,5.49501,4.35389,-104.1221,2.3587,3.05018,18.26302,-33.28328,GEO_COL,DAY_FLY,TuckerFieldatBarcroftPark,D1,A10,20260516-TuckerFieldatBarcroftPark-1,52935e30-514c-11f1-bfad-198183369b75,70.04441,2.84706,,6.03214,,,,2.32842,2.84706,0.34029,c0dadee9-703e-4f0a-a29d-6ad25cc75f47,2026-05-16,17:26:06.34,2026-05-16T13:26:06.3448576-04:00,2026-05-16T17:26:06.3448576Z,GroundBall,v3,471301,471281,d133f518dc004df295395547d13e9707,"Lavey, Robbie",835215,Right,GEO_COL,c43a3287-2a5f-4898-a540-72466e90a4f9,55.30917,-105.0492,9.13151,5.33239,4.04829,-16.64164,-2.40245,4.19905,1.52509,1.790339,2.33122,112.50289,-19.90695,,,,,,,2.84976,-6.37046,-20.9645,,,,,,,0.33827,-83.1286,14.49999,,,,,,,,,,,,,,,,,,,,,,,,,,,,,High,High,High,Medium,High,,,
148,2026-05-16,13:27:01.81,5,1,"Nadel, Jasper",1000142989,Right,GEO_COL,"Wouters, Dyrenson",821727,Right,DAY_FLY,Undefined,5,Top,1,0,0,Curveball,Curveball,StrikeCalled,Undefined,Undefined,Undefined,0,0,,71.64618,1.373807,-3.659467,1792.808546,106.79996,9:30,5.39802,2.44656,5.3756,-51.80133,3.56752,-6.50544,2.37205,-1.53094,66.34404,-8.039945,-4.81144,0.535555,,,,,,,,,,,,2.3187,1.9252,-2.11365,50,5.48455,6.87499,-103.86231,0.90526,2.54825,16.40249,-30.05828,GEO_COL,DAY_FLY,TuckerFieldatBarcroftPark,D1,A10,20260516-TuckerFieldatBarcroftPark-1,73a34400-514c-11f1-bfad-198183369b75,70.38011,,,5.30214,,,,,,,c0dadee9-703e-4f0a-a29d-6ad25cc75f47,2026-05-16,17:27:01.81,2026-05-16T13:27:01.8100000-04:00,2026-05-16T17:27:01.8100000Z,,v3,471301,471281,d133f518dc004df295395547d13e9707,"Lavey, Robbie",835215,Right,GEO_COL,9203eb6d-c591-4c24-8ebf-7537561889a4,55.1237,-104.66835,8.20125,5.40377,2.38236,-15.02914,-2.44842,6.74976,1.27413,,,,,,,,,,,,,,,,,,,,,,,,,,,,,84.99192,1.956857,0.77568,1.181177,-1.05547,2.01127,1.74018,0.65655,5.97262,3.35864,127.27986,3.15062,0.27222,0.82139,122.06914,-12.86662,5.96562,9.81713,-10.32641,3.30052,-6.47431,3.36595,High,High,High,,,High,High,High
149,2026-05-16,13:27:46.02,5,2,"Nadel, Jasper",1000142989,Right,GEO_COL,"Wouters, Dyrenson",821727,Right,DAY_FLY,Undefined,5,Top,1,0,1,ChangeUp,Changeup,StrikeSwinging,Undefined,Undefined,Undefined,0,0,,71.29157,2.630611,-3.540033,1671.786378,271.964733,3:00,5.31324,2.37471,5.86013,-54.15731,1.32075,14.51654,3.25045,0.29144,65.04516,-7.357616,-0.942795,0.536083,,,,,,,,,,,,-8.38339,0.51689,-2.09553,50,5.49597,5.88231,-103.26581,3.19268,-9.01432,17.87467,-31.61825,GEO_COL,DAY_FLY,TuckerFieldatBarcroftPark,D1,A10,20260516-TuckerFieldatBarcroftPark-1,8e0654e0-514c-11f1-bfad-198183369b75,70.31084,,,6.24642,,,,,,,c0dadee9-703e-4f0a-a29d-6ad25cc75f47,2026-05-16,17:27:46.02,2026-05-16T13:27:46.0265984-04:00,2026-05-16T17:27:46.0265984Z,,v3,471301,471281,d133f518dc004df295395547d13e9707,"Lavey, Robbie",835215,Right,GEO_COL,0e49a00a-d539-42b6-8763-bc3dfc75e10d,54.63823,-104.06557,8.93734,5.32148,4.60736,-15.80913,-2.36774,6.28563,-4.50716,,,,,,,,,,,,,,,,,,,,,,,,,,,,,,,,,,,,,,,,,,,,,,,,,,,High,High,High,,,,,
150,2026-05-16,13:28:07.48,5,3,"Nadel, Jasper",1000142989,Right,GEO_COL,"Wouters, Dyrenson",821727,Right,DAY_FLY,Undefined,5,Top,1,0,2,ChangeUp,Changeup,BallCalled,Undefined,Undefined,Undefined,0,0,,71.88286,0.318896,-4.263527,1622.999505,274.269759,3:15,5.41297,2.34799,5.8512,-53.98444,0.93382,13.15139,1.21141,-0.525,65.58845,-9.605471,-1.909058,0.533371,,,,,,,,,,,,-8.01969,0.97847,-2.00857,50,5.40775,7.30173,-104.07786,-0.98624,-8.69828,19.28969,-31.11278,GEO_COL,DAY_FLY,TuckerFieldatBarcroftPark,D1,A10,20260516-TuckerFieldatBarcroftPark-1,9ac80480-514c-11f1-bfad-198183369b75,70.66827,,,6.2944,,,,,,,c0dadee9-703e-4f0a-a29d-6ad25cc75f47,2026-05-16,17:28:07.48,2026-05-16T13:28:07.4875392-04:00,2026-05-16T17:28:07.4875392Z,,v3,471301,471281,d133f518dc004df295395547d13e9707,"Lavey, Robbie",835215,Right,GEO_COL,17932878-1270-4e10-8259-cae8f21d81d2,54.64688,-104.93557,9.64485,5.42085,0.39719,-15.55639,-2.34184,7.68849,-4.34914,,,,,,,,,,,,,,,,,,,,,,,,,,,,,,,,,,,,,,,,,,,,,,,,,,,High,High,High,,,,,
151,2026-05-16,13:28:27.02,5,4,"Nadel, Jasper",1000142989,Right,GEO_COL,"Wouters, Dyrenson",821727,Right,DAY_FLY,Undefined,5,Top,1,1,2,Curveball,Curveball,BallCalled,Undefined,Undefined,Undefined,0,0,,73.55919,0.53543,-4.571544,1824.929431,29.616071,7:00,5.33761,2.38685,5.18187,-53.63188,-0.51016,-1.19272,1.37368,-2.02291,68.075,-9.139453,-4.781879,0.524575,,,,,,,,,,,,-0.62854,0.12657,-1.96019,50,5.34679,8.56014,-106.49202,-0.76681,-0.72463,17.61525,-32.02813,GEO_COL,DAY_FLY,TuckerFieldatBarcroftPark,D1,A10,20260516-TuckerFieldatBarcroftPark-1,a66642c0-514c-11f1-bfad-198183369b75,71.85332,,,5.48419,,,,,,,c0dadee9-703e-4f0a-a29d-6ad25cc75f47,2026-05-16,17:28:27.02,2026-05-16T13:28:27.0282240-04:00,2026-05-16T17:28:27.0282240Z,,v3,471301,471281,d133f518dc004df295395547d13e9707,"Lavey, Robbie",835215,Right,GEO_COL,c0e74ff4-8102-4234-8c8f-2577dc58162a,55.31725,-107.36796,8.80762,5.34532,0.82583,-16.01407,-2.38675,8.59617,-0.36232,,,,,,,,,,,,,,,,,,,,,,,,,,,,,,,,,,,,,,,,,,,,,,,,,,,High,High,High,,,,,
152,2026-05-16,13:28:50.87,5,5,"Nadel, Jasper",1000142989,Right,GEO_COL,"Wouters, Dyrenson",821727,Right,DAY_FLY,Undefined,5,Top,1,2,2,ChangeUp,Changeup,FoulBallNotFieldable,Undefined,Undefined,Undefined,0,0,,72.35042,2.223669,-3.672983,1510.659921,295.266674,3:45,5.46401,2.25848,5.92503,-58.10334,-3.57103,11.87347,2.69069,-0.16489,65.22027,-8.510114,-1.544902,0.531494,73.13069,58.7311,-52.655231,4218.727293,53.0865,105.74684,-96.34208,166.21243,71.73368,-62.882258,5.290493,-7.35922,-2.0665,-1.9713,50,5.60937,6.314,-104.70368,2.39164,-7.99576,21.18384,-34.41928,GEO_COL,DAY_FLY,TuckerFieldatBarcroftPark,D1,A10,20260516-TuckerFieldatBarcroftPark-1,b4c80dd0-514c-11f1-bfad-198183369b75,70.91792,111.13268,,7.13014,,,,2.46306,3.39533,0.01479,c0dadee9-703e-4f0a-a29d-6ad25cc75f47,2026-05-16,17:28:50.87,2026-05-16T13:28:50.8728832-04:00,2026-05-16T17:28:50.8728832Z,Popup,v3,471301,471281,d133f518dc004df295395547d13e9707,"Lavey, Robbie",835215,Right,GEO_COL,b242bbc4-8f6b-400a-8914-c9ec63882ca4,54.57395,-105.62504,10.59192,5.47279,3.88865,-17.20964,-2.25348,6.66177,-3.99788,163.515693,2.46397,33.74723,-12.26057,3.49803,-0.48394,-0.04515,0.03195,-0.00495,0.00026,3.39188,91.7316,-23.14098,2.11615,-0.30327,-0.00955,0.02005,-0.00423,0.00028,0.01304,-44.22477,8.18044,-1.8688,0.18469,0.0345,-0.0141,0.0017,-7E-05,,,,,,,,,,,,,,,,,,,,,,,High,High,High,High,Low,,,
153,2026-05-16,13:29:15.68,5,6,"Nadel, Jasper",1000142989,Right,GEO_COL,"Wouters, Dyrenson",821727,Right,DAY_FLY,Undefined,5,Top,1,2,2,Curveball,Curveball,InPlay,Undefined,GroundBall,Out,1,1,,71.52979,1.17232,-3.902976,1819.341194,15.022478,6:30,5.40192,2.31094,5.4655,-56.48621,1.10689,-0.34295,1.79464,-1.37616,63.83435,-9.215674,-3.963858,0.546206,31.31378,-16.989755,50.601598,,,,,9.1275,9.06671,38.370987,0.13177,-1.32406,0.69854,-1.96679,50,5.46707,7.05727,-103.26011,0.42162,-1.37894,22.86505,-31.44654,GEO_COL,DAY_FLY,TuckerFieldatBarcroftPark,D1,A10,20260516-TuckerFieldatBarcroftPark-1,c36f9470-514c-11f1-bfad-198183369b75,69.0077,2.06157,,7.69544,,,,3.55907,2.06157,1.20558,c0dadee9-703e-4f0a-a29d-6ad25cc75f47,2026-05-16,17:29:15.68,2026-05-16T13:29:15.6800512-04:00,2026-05-16T17:29:15.6800512Z,GroundBall,v3,471301,471281,d133f518dc004df295395547d13e9707,"Lavey, Robbie",835215,Right,GEO_COL,ccfb8bd3-c0ab-40c0-b62f-1608595901d4,55.0301,-104.36799,11.43252,5.40972,1.9453,-15.72327,-2.31035,7.12408,-0.68947,302.921488,3.55904,27.88197,-4.43302,,,,,,,2.06165,-13.42807,-16.83501,,,,,,,1.20554,33.94505,-0.72243,,,,,,,,,,,,,,,,,,,,,,,,,,,,,High,High,High,High,High,,,
154,2026-05-16,13:32:48.99,6,1,"Oppenheim, Drew",1000298738,Left,GEO_COL,"MacDougall, Ryan",836327,Left,DAY_FLY,Undefined,5,Top,2,0,0,Fastball,Changeup,BallCalled,Undefined,Undefined,Undefined,0,0,,81.5289,0.786099,6.668084,1872.419603,136.611,10:30,5.73605,-3.91098,4.72344,-29.18931,15.57139,-13.25036,4.05464,1.34069,73.72577,-4.571126,4.367563,0.481526,,,,,,,,,,,,8.37205,7.83406,3.24726,50,5.79085,-13.11486,-117.32062,0.59462,11.61347,23.17589,-21.30685,GEO_COL,DAY_FLY,TuckerFieldatBarcroftPark,D1,A10,20260516-TuckerFieldatBarcroftPark-1,42812e90-514d-11f1-bfad-198183369b75,78.27704,,,7.80312,,,,,,,c0dadee9-703e-4f0a-a29d-6ad25cc75f47,2026-05-16,17:32:48.99,2026-05-16T13:32:48.9901056-04:00,2026-05-16T17:32:48.9901056Z,,v3,471301,471281,d133f518dc004df295395547d13e9707,"Lavey, Robbie",835215,Right,GEO_COL,dcda8944-0685-4bae-80a5-1c4d0a9af230,55.77113,-118.45518,11.58795,5.73621,1.63768,-10.65343,3.90321,-13.68339,5.80674,,,,,,,,,,,,,,,,,,,,,,,,,,,,,,,,,,,,,,,,,,,,,,,,,,,High,High,High,,,,,
155,2026-05-16,13:33:04.74,6,2,"Oppenheim, Drew",1000298738,Left,GEO_COL,"MacDougall, Ryan",836327,Left,DAY_FLY,Undefined,5,Top,2,1,0,Fastball,Changeup,BallCalled,Undefined,Undefined,Undefined,0,0,,80.27397,-0.838493,4.004424,1708.489341,127.687814,10:15,5.62569,-4.04713,4.71411,-34.79659,10.71457,-11.95745,1.92822,-1.23705,73.49623,-7.154227,1.910143,0.485546,,,,,,,,,,,,7.07485,5.88225,3.65324,50,5.50997,-7.62968,-116.16568,-2.96119,9.66377,21.8374,-24.13927,GEO_COL,DAY_FLY,TuckerFieldatBarcroftPark,D1,A10,20260516-TuckerFieldatBarcroftPark-1,4be7a540-514d-11f1-bfad-198183369b75,77.62896,,,6.77774,,,,,,,c0dadee9-703e-4f0a-a29d-6ad25cc75f47,2026-05-16,17:33:04.74,2026-05-16T13:33:04.7429120-04:00,2026-05-16T17:33:04.7429120Z,,v3,471301,471281,d133f518dc004df295395547d13e9707,"Lavey, Robbie",835215,Right,GEO_COL,2ea564b8-6572-4924-a3c4-6852dfc0d809,55.7859,-117.2483,10.9187,5.62711,-1.76446,-12.06963,4.04337,-8.10877,4.83188,,,,,,,,,,,,,,,,,,,,,,,,,,,,,,,,,,,,,,,,,,,,,,,,,,,High,High,High,,,,,
156,2026-05-16,13:33:21.20,6,3,"Oppenheim, Drew",1000298738,Left,GEO_COL,"MacDougall, Ryan",836327,Left,DAY_FLY,Undefined,5,Top,2,2,0,Fastball,Changeup,FoulBallNotFieldable,Undefined,Undefined,Undefined,0,0,,82.03777,-0.395128,5.457934,1760.90782,105.163415,9:30,5.43164,-4.09581,4.59579,-38.67616,5.24532,-14.09115,1.83111,-0.06329,75.06347,-7.35977,3.003106,0.476991,,,,,,,,,,,,8.44874,3.04543,3.54518,50,5.35486,-10.69803,-118.46971,-2.30512,12.01302,22.53198,-27.84386,GEO_COL,DAY_FLY,TuckerFieldatBarcroftPark,D1,A10,20260516-TuckerFieldatBarcroftPark-1,55b171a0-514d-11f1-bfad-198183369b75,79.02134,,,6.97431,,,,,,,c0dadee9-703e-4f0a-a29d-6ad25cc75f47,2026-05-16,17:33:21.20,2026-05-16T13:33:21.2028928-04:00,2026-05-16T17:33:21.2028928Z,,v3,471301,471281,d133f518dc004df295395547d13e9707,"Lavey, Robbie",835215,Right,GEO_COL,6415b4ae-4b66-41d8-adfe-029a2db252a5,55.90401,-119.58734,11.26599,5.43494,-0.92402,-13.92193,4.0906,-11.29389,6.00651,,,,,,,,,,,,,,,,,,,,,,,,,,,,,,,,,,,,,,,,,,,,,,,,,,,High,High,High,,,,,
157,2026-05-16,13:33:41.49,6,4,"Oppenheim, Drew",1000298738,Left,GEO_COL,"MacDougall, Ryan",836327,Left,DAY_FLY,Undefined,5,Top,2,2,1,Fastball,Changeup,InPlay,Undefined,FlyBall,Out,1,0,,81.69679,-0.539953,5.166862,1871.303663,134.731006,10:30,5.63936,-3.71362,4.86879,-32.32569,12.57701,-10.87835,2.43248,0.28272,72.90933,-6.500914,3.262597,0.482289,103.81629,19.928768,21.366807,1276.725813,101.29643,31.2965,42.88385,273.50464,270.49505,26.602952,2.825603,7.1893,6.87296,3.21376,50,5.55956,-10.1646,-117.69305,-2.2464,9.83412,27.49315,-22.77265,GEO_COL,DAY_FLY,TuckerFieldatBarcroftPark,D1,A10,20260516-TuckerFieldatBarcroftPark-1,61d09fb0-514d-11f1-bfad-198183369b75,78.15315,34.72732,,8.78746,,,,2.28573,2.55012,-0.24835,c0dadee9-703e-4f0a-a29d-6ad25cc75f47,2026-05-16,17:33:41.49,2026-05-16T13:33:41.4958592-04:00,2026-05-16T17:33:41.4958592Z,LineDrive,v3,471301,471281,d133f518dc004df295395547d13e9707,"Lavey, Robbie",835215,Right,GEO_COL,bcb242a3-b224-4569-b1a4-5d68fd5c77ed,55.62588,-119,13.74657,5.64062,-1.16385,-11.38633,3.70806,-10.63209,4.91706,250.276621,2.28568,133.30753,-27.19537,6.23115,-1.43267,0.2321,-0.00246,-0.00809,0.00112,2.55015,51.89836,-23.9074,3.00564,-0.68174,0.15738,-0.03438,0.00587,-0.00048,-0.24828,52.15129,-2.92253,-0.34798,0.17825,0.00614,-0.03478,0.01186,-0.0013,,,,,,,,,,,,,,,,,,,,,,,High,High,High,High,Medium,,,
158,2026-05-16,13:36:11.81,1,1,"Cahill, Riley",10097690,Right,DAY_FLY,"Mullen, Nick",1000298956,Right,GEO_COL,Undefined,5,Bottom,0,0,0,Curveball,Curveball,FoulBallNotFieldable,Undefined,Undefined,Undefined,0,0,,79.57739,-0.434197,-1.843272,2626.552936,7.407895,6:15,5.81417,1.96632,4.86157,-53.43074,-7.92914,-1.19819,0.95044,0.12129,74.06266,-9.98005,-2.054811,0.485495,,,,,,,,,,,,0.12488,-3.54874,-1.78357,50,5.72497,3.76839,-115.57679,-2.86684,0.17012,20.07752,-37.00904,GEO_COL,DAY_FLY,TuckerFieldatBarcroftPark,D1,A10,20260516-TuckerFieldatBarcroftPark-1,bb6f4800-514d-11f1-bfad-198183369b75,77.63713,,,5.51473,,,,,,,c0dadee9-703e-4f0a-a29d-6ad25cc75f47,2026-05-16,17:36:11.81,2026-05-16T13:36:11.8170624-04:00,2026-05-16T17:36:11.8170624Z,,v3,471301,471281,d133f518dc004df295395547d13e9707,"MacDougall, Ryan",836327,Right,DAY_FLY,72c41c8e-3fe3-4fdb-94cd-71911929e944,55.64134,-116.55266,10.03876,5.82059,-1.06802,-18.50452,-1.96653,3.76011,0.08506,,,,,,,,,,,,,,,,,,,,,,,,,,,,,,,,,,,,,,,,,,,,,,,,,,,High,High,High,,,,,
159,2026-05-16,13:36:39.18,1,2,"Cahill, Riley",10097690,Right,DAY_FLY,"Mullen, Nick",1000298956,Right,GEO_COL,Undefined,5,Bottom,0,0,1,Fastball,Four-Seam,BallCalled,Undefined,Undefined,Undefined,0,0,,88.52437,-1.067547,-1.574768,2306.239984,200.460995,12:45,5.68812,1.97819,5.75083,-20.15245,15.10926,5.28646,3.01444,0.95235,82.20745,-4.822467,-0.628712,0.427389,,,,,,,,,,,,-3.05788,8.25319,-1.85073,50,5.58707,3.31767,-128.74026,-3.05329,-5.22098,22.3861,-18.08273,GEO_COL,DAY_FLY,TuckerFieldatBarcroftPark,D1,A10,20260516-TuckerFieldatBarcroftPark-1,cbb5b190-514d-11f1-bfad-198183369b75,88.1924,,,6.31692,,,,,,,c0dadee9-703e-4f0a-a29d-6ad25cc75f47,2026-05-16,17:36:39.18,2026-05-16T13:36:39.1867392-04:00,2026-05-16T17:36:39.1867392Z,,v3,471301,471281,d133f518dc004df295395547d13e9707,"MacDougall, Ryan",836327,Right,DAY_FLY,b4f051fe-6455-4cf8-ad3a-51df43583c12,54.74865,-129.56335,11.19305,5.68711,-2.38843,-9.04137,-1.97624,3.50963,-2.61049,,,,,,,,,,,,,,,,,,,,,,,,,,,,,,,,,,,,,,,,,,,,,,,,,,,High,High,High,,,,,
160,2026-05-16,13:37:01.78,1,3,"Cahill, Riley",10097690,Right,DAY_FLY,"Mullen, Nick",1000298956,Right,GEO_COL,Undefined,5,Bottom,0,1,1,Fastball,Four-Seam,FoulBallNotFieldable,Undefined,Undefined,Undefined,0,0,,89.48804,-1.491662,-3.210467,2424.994319,191.60863,12:30,5.68749,1.87328,5.84481,-20.43426,14.15745,2.71095,2.59595,-0.88741,82.87101,-5.299565,-2.725511,0.423309,100.0321,12.561716,37.006842,3966.346789,82.31257,22.16505,72.96952,281.50075,191.16551,49.224017,2.768756,-2.17063,7.91745,-1.61346,50,5.55385,7.17791,-129.95369,-4.05257,-3.76082,23.87605,-18.45644,GEO_COL,DAY_FLY,TuckerFieldatBarcroftPark,D1,A10,20260516-TuckerFieldatBarcroftPark-1,d932c1f0-514d-11f1-bfad-198183369b75,89.04243,24.98462,,6.61703,,,,0.78359,2.5327,0.82583,c0dadee9-703e-4f0a-a29d-6ad25cc75f47,2026-05-16,17:37:01.78,2026-05-16T13:37:01.7803776-04:00,2026-05-16T17:37:01.7803776Z,LineDrive,v3,471301,471281,d133f518dc004df295395547d13e9707,"MacDougall, Ryan",836327,Right,DAY_FLY,cc15dbb9-cb4e-4496-8aed-5118e7ca15f0,54.65541,-130.80622,11.93803,5.68678,-3.39356,-9.22822,-1.87216,7.3122,-1.88041,231.398257,0.78347,114.36097,-30.33453,7.49867,-1.50483,0.21485,-0.01032,-0.00281,0.00042,2.53296,31.89593,-9.6513,-1.88428,0.54958,-0.00361,-0.04666,0.01355,-0.00129,0.82583,86.1944,-5.76314,1.06416,-0.04538,-0.0328,0.01151,-0.00189,0.00013,,,,,,,,,,,,,,,,,,,,,,,High,High,High,High,Medium,,,
161,2026-05-16,13:37:31.69,1,4,"Cahill, Riley",10097690,Right,DAY_FLY,"Mullen, Nick",1000298956,Right,GEO_COL,Undefined,5,Bottom,0,1,2,Curveball,Curveball,BallCalled,Undefined,Undefined,Undefined,0,0,,79.56214,2.463184,-1.136768,2711.114523,46.361645,7:30,5.79232,1.89523,4.81799,-53.72704,-7.45654,-9.40595,3.65014,0.03449,72.52764,-7.222242,-2.791421,0.48958,,,,,,,,,,,,4.26004,-3.88221,-1.77387,50,5.99066,2.69632,-115.26941,2.91027,5.69648,22.6544,-37.36532,GEO_COL,DAY_FLY,TuckerFieldatBarcroftPark,D1,A10,20260516-TuckerFieldatBarcroftPark-1,eb010400-514d-11f1-bfad-198183369b75,76.98937,,,7.03451,,,,,,,c0dadee9-703e-4f0a-a29d-6ad25cc75f47,2026-05-16,17:37:31.69,2026-05-16T13:37:31.6959744-04:00,2026-05-16T17:37:31.6959744Z,,v3,471301,471281,d133f518dc004df295395547d13e9707,"MacDougall, Ryan",836327,Right,DAY_FLY,90bfe7f1-517b-4fa2-b24f-cab059302867,55.6813,-116.38062,11.3272,5.80296,4.74306,-18.68266,-1.89927,2.4169,2.84824,,,,,,,,,,,,,,,,,,,,,,,,,,,,,,,,,,,,,,,,,,,,,,,,,,,High,High,High,,,,,
162,2026-05-16,13:37:53.15,1,5,"Cahill, Riley",10097690,Right,DAY_FLY,"Mullen, Nick",1000298956,Right,GEO_COL,Undefined,5,Bottom,0,2,2,Curveball,Curveball,FoulBallNotFieldable,Undefined,Undefined,Undefined,0,0,,79.92607,-0.569645,-2.273231,2658.267909,8.891748,6:15,5.7308,1.92249,4.88334,-50.02243,-5.00362,-0.97913,1.0229,-0.31089,74.43034,-9.518024,-2.445969,0.482912,77.59574,-43.242464,-106.736614,,,,,3.28431,3.41168,-20.676683,0.017385,-0.08173,-2.06847,-1.69839,50,5.63178,4.64712,-116.06112,-3.01091,-0.11251,19.83346,-35.02161,GEO_COL,DAY_FLY,TuckerFieldatBarcroftPark,D1,A10,20260516-TuckerFieldatBarcroftPark-1,f7d662b0-514d-11f1-bfad-198183369b75,78.05234,1.35765,,5.49573,,,,3.48848,1.35765,0.22278,c0dadee9-703e-4f0a-a29d-6ad25cc75f47,2026-05-16,17:37:53.15,2026-05-16T13:37:53.1584000-04:00,2026-05-16T17:37:53.1584000Z,GroundBall,v3,471301,471281,d133f518dc004df295395547d13e9707,"MacDougall, Ryan",836327,Right,DAY_FLY,c1429698-d8e4-4220-bb96-a3a23c22d891,55.61917,-117.01743,9.91673,5.73624,-1.32227,-17.51081,-1.92259,4.65254,-0.05625,,3.48859,-23.91274,,,,,,,,1.358,-78.09402,,,,,,,,0.22314,-79.52066,,,,,,,,,,,,,,,,,,,,,,,,,,,,,,High,High,High,Estimated,Estimated,,,
163,2026-05-16,13:38:21.70,1,6,"Cahill, Riley",10097690,Right,DAY_FLY,"Mullen, Nick",1000298956,Right,GEO_COL,Undefined,5,Bottom,0,2,2,Fastball,Four-Seam,BallCalled,Undefined,Undefined,Undefined,0,0,,89.99897,-0.258246,-1.89452,2499.770067,198.221837,12:30,5.67267,1.95098,5.63657,-17.21013,17.32879,5.37473,3.99743,0.63077,82.7841,-3.500648,-0.935295,0.422986,,,,,,,,,,,,-3.19886,9.1617,-1.79337,50,5.63976,4.08856,-130.74696,-1.13304,-5.58732,25.23586,-16.17175,GEO_COL,DAY_FLY,TuckerFieldatBarcroftPark,D1,A10,20260516-TuckerFieldatBarcroftPark-1,08ce41f0-514e-11f1-bfad-198183369b75,89.11041,,,7.21488,,,,,,,c0dadee9-703e-4f0a-a29d-6ad25cc75f47,2026-05-16,17:38:21.70,2026-05-16T13:38:21.7099776-04:00,2026-05-16T17:38:21.7099776Z,,v3,471301,471281,d133f518dc004df295395547d13e9707,"MacDougall, Ryan",836327,Right,DAY_FLY,bff390e5-7c1a-4de4-83bb-f9f97648acb4,54.86154,-131.68195,12.61793,5.67064,-0.53387,-8.08587,-1.94869,4.29557,-2.79366,,,,,,,,,,,,,,,,,,,,,,,,,,,,,,,,,,,,,,,,,,,,,,,,,,,High,High,High,,,,,
164,2026-05-16,13:38:43.20,1,7,"Cahill, Riley",10097690,Right,DAY_FLY,"Mullen, Nick",1000298956,Right,GEO_COL,Undefined,5,Bottom,0,3,2,Curveball,Curveball,BallCalled,Walk,Undefined,Undefined,0,0,,79.63005,-1.714804,-3.99318,2678.363429,17.963464,6:30,5.68249,1.90022,5.12663,-54.08924,-8.72347,-3.25303,-0.44442,-2.13787,74.19808,-11.364865,-4.568773,0.48477,,,,,,,,,,,,0.5676,-3.64307,-1.52199,50,5.4782,8.18288,-115.38926,-5.40359,0.76754,20.87303,-37.10042,GEO_COL,DAY_FLY,TuckerFieldatBarcroftPark,D1,A10,20260516-TuckerFieldatBarcroftPark-1,15b1aa60-514e-11f1-bfad-198183369b75,77.75328,,,5.43197,,,,,,,c0dadee9-703e-4f0a-a29d-6ad25cc75f47,2026-05-16,17:38:43.20,2026-05-16T13:38:43.2036864-04:00,2026-05-16T17:38:43.2036864Z,,v3,471301,471281,d133f518dc004df295395547d13e9707,"MacDougall, Ryan",836327,Right,DAY_FLY,693b71d3-af52-4e23-84d3-d708e028b8ab,55.3763,-116.35773,10.43652,5.68898,-3.6822,-18.55021,-1.90083,8.14727,0.38377,,,,,,,,,,,,,,,,,,,,,,,,,,,,,,,,,,,,,,,,,,,,,,,,,,,High,High,High,,,,,
165,2026-05-16,13:39:17.28,2,1,"Cahill, Riley",10097690,Right,DAY_FLY,"Kent, Jack",10959762,Right,GEO_COL,Undefined,5,Bottom,0,0,0,Curveball,Curveball,BallCalled,Undefined,Undefined,Undefined,0,0,,79.73927,-3.39308,-3.872312,2661.804366,11.887807,6:30,5.82281,1.89521,4.75819,-49.80062,-4.03827,-1.11898,-1.5559,-1.87561,74.74953,-12.180177,-4.069183,0.486884,,,,,,,,,,,,-0.42189,-0.98638,-1.50507,50,5.43641,7.85615,-115.40809,-8.69651,-0.57365,19.84501,-33.51519,GEO_COL,DAY_FLY,TuckerFieldatBarcroftPark,D1,A10,20260516-TuckerFieldatBarcroftPark-1,29f33660-514e-11f1-bfad-198183369b75,77.41566,,,4.98973,,,,,,,c0dadee9-703e-4f0a-a29d-6ad25cc75f47,2026-05-16,17:39:17.28,2026-05-16T13:39:17.2818944-04:00,2026-05-16T17:39:17.2818944Z,,v3,471301,471281,d133f518dc004df295395547d13e9707,"MacDougall, Ryan",836327,Right,DAY_FLY,5b128e72-4e54-4d40-bb38-14248b649161,55.7454,-116.39185,9.9225,5.82634,-7.0351,-16.7576,-1.89522,7.88458,-0.28682,,,,,,,,,,,,,,,,,,,,,,,,,,,,,,,,,,,,,,,,,,,,,,,,,,,High,High,High,,,,,
166,2026-05-16,13:39:51.27,2,2,"Cahill, Riley",10097690,Right,DAY_FLY,"Kent, Jack",10959762,Right,GEO_COL,Undefined,5,Bottom,0,1,0,Fastball,Four-Seam,BallCalled,Undefined,Undefined,Undefined,0,0,,87.9217,-1.111127,-1.766012,2506.751476,199.619796,12:45,5.55118,2.16978,5.6529,-19.98533,16.04288,5.35953,2.84882,0.96882,81.32822,-4.840711,-0.808824,0.432009,,,,,,,,,,,,-3.14764,8.73477,-2.02361,50,5.4443,3.71275,-127.7789,-3.12509,-5.27302,23.06154,-17.54134,GEO_COL,DAY_FLY,TuckerFieldatBarcroftPark,D1,A10,20260516-TuckerFieldatBarcroftPark-1,3e3621f0-514e-11f1-bfad-198183369b75,87.24921,,,6.59348,,,,,,,c0dadee9-703e-4f0a-a29d-6ad25cc75f47,2026-05-16,17:39:51.27,2026-05-16T13:39:51.2777728-04:00,2026-05-16T17:39:51.2777728Z,,v3,471301,471281,d133f518dc004df295395547d13e9707,"MacDougall, Ryan",836327,Right,DAY_FLY,8b3600f5-7fda-49a6-8497-1779c131124a,54.84604,-128.65054,11.53077,5.54989,-2.46209,-8.77067,-2.1677,3.91205,-2.63651,,,,,,,,,,,,,,,,,,,,,,,,,,,,,,,,,,,,,,,,,,,,,,,,,,,High,High,High,,,,,
167,2026-05-16,13:40:56.06,2,3,"Cahill, Riley",10097690,Right,DAY_FLY,"Kent, Jack",10959762,Right,GEO_COL,Undefined,5,Bottom,0,2,0,Curveball,Curveball,StrikeSwinging,Undefined,Undefined,Undefined,0,0,,80.14047,1.702078,-1.203375,2744.082228,44.443531,7:30,5.6777,1.97515,4.81696,-51.59192,-6.64311,-7.76839,2.99148,0.18774,74.1302,-7.559865,-2.570788,0.482537,,,,,,,,,,,,3.53169,-3.3548,-1.84853,50,5.80162,2.77319,-116.35776,1.49652,4.87951,20.24491,-36.80914,GEO_COL,DAY_FLY,TuckerFieldatBarcroftPark,D1,A10,20260516-TuckerFieldatBarcroftPark-1,64dbc760-514e-11f1-bfad-198183369b75,78.11309,,,6.01026,,,,,,,c0dadee9-703e-4f0a-a29d-6ad25cc75f47,2026-05-16,17:40:56.06,2026-05-16T13:40:56.0609280-04:00,2026-05-16T17:40:56.0609280Z,,v3,471301,471281,d133f518dc004df295395547d13e9707,"MacDougall, Ryan",836327,Right,DAY_FLY,455bd619-1d6b-4cce-8ff1-5adcf24a19ed,55.68495,-117.3427,10.12246,5.68525,3.28735,-18.40457,-1.97767,2.53579,2.43975,,,,,,,,,,,,,,,,,,,,,,,,,,,,,,,,,,,,,,,,,,,,,,,,,,,High,High,High,,,,,
168,2026-05-16,13:41:16.44,2,4,"Cahill, Riley",10097690,Right,DAY_FLY,"Kent, Jack",10959762,Right,GEO_COL,Undefined,5,Bottom,0,2,1,Curveball,Curveball,StrikeCalled,Undefined,Undefined,Undefined,0,0,,79.05192,0.423564,-2.476005,2809.835458,27.830304,7:00,5.7132,1.84164,5.00519,-53.38861,-7.5426,-4.65481,1.66435,-0.88495,73.53026,-9.151899,-3.298236,0.487329,,,,,,,,,,,,1.68988,-3.48386,-1.59981,50,5.7101,5.15363,-114.79272,-1.10954,2.27452,19.51478,-36.86325,GEO_COL,DAY_FLY,TuckerFieldatBarcroftPark,D1,A10,20260516-TuckerFieldatBarcroftPark-1,7101d340-514e-11f1-bfad-198183369b75,77.34498,,,5.52166,,,,,,,c0dadee9-703e-4f0a-a29d-6ad25cc75f47,2026-05-16,17:41:16.44,2026-05-16T13:41:16.4438016-04:00,2026-05-16T17:41:16.4438016Z,,v3,471301,471281,d133f518dc004df295395547d13e9707,"MacDougall, Ryan",836327,Right,DAY_FLY,b004f61a-e4f9-44a7-8339-dc15e12e0ccc,55.49704,-115.72344,9.75739,5.7211,0.64858,-18.43162,-1.84301,5.04515,1.13726,,,,,,,,,,,,,,,,,,,,,,,,,,,,,,,,,,,,,,,,,,,,,,,,,,,High,High,High,,,,,
169,2026-05-16,13:41:36.56,2,5,"Cahill, Riley",10097690,Right,DAY_FLY,"Kent, Jack",10959762,Right,GEO_COL,Undefined,5,Bottom,0,2,2,Curveball,Curveball,StrikeSwinging,Strikeout,Undefined,Undefined,0,0,,79.60311,-0.771606,-2.352915,2725.33225,16.177074,6:30,5.69031,1.89638,5.05389,-54.33893,-9.01717,-2.99662,0.4337,-0.57362,73.99334,-10.499991,-2.883693,0.484535,,,,,,,,,,,,0.87685,-4.00044,-1.66981,50,5.57271,4.86863,-115.56535,-3.53867,1.19019,20.7942,-37.60401,GEO_COL,DAY_FLY,TuckerFieldatBarcroftPark,D1,A10,20260516-TuckerFieldatBarcroftPark-1,7d087040-514e-11f1-bfad-198183369b75,77.79103,,,5.60977,,,,,,,c0dadee9-703e-4f0a-a29d-6ad25cc75f47,2026-05-16,17:41:36.56,2026-05-16T13:41:36.5670000-04:00,2026-05-16T17:41:36.5670000Z,,v3,471301,471281,d133f518dc004df295395547d13e9707,"MacDougall, Ryan",836327,Right,DAY_FLY,049cea43-9135-46e0-befd-979be094f904,55.44886,-116.54167,10.3971,5.69741,-1.77312,-18.80201,-1.89709,4.81275,0.5951,,,,,,,,,,,,,,,,,,,,,,,,,,,,,74.61156,,,1.267236,,,,4.49336,5.78166,0.76235,127.27763,0.59805,1.84379,4.60891,107.75051,-8.76036,5.77628,8.87999,-10.23126,0.74365,-0.61211,1.18687,High,High,High,,,High,High,High
170,2026-05-16,13:43:01.14,3,1,"Cahill, Riley",10097690,Right,DAY_FLY,"Marmo, Greg",813688,Right,GEO_COL,Undefined,5,Bottom,1,0,0,Curveball,Curveball,BallCalled,Undefined,Undefined,Undefined,0,0,,78.83642,-2.551413,-3.102347,2714.154317,358.775819,6:00,5.89503,1.78329,4.75141,-52.52231,-5.80953,0.1522,-0.90669,-1.14911,73.78607,-11.848022,-3.075533,0.491914,,,,,,,,,,,,-0.87232,-2.01394,-1.47153,50,5.59088,6.18733,-114.27141,-7.03723,-1.16217,19.56327,-34.85718,GEO_COL,DAY_FLY,TuckerFieldatBarcroftPark,D1,A10,20260516-TuckerFieldatBarcroftPark-1,af6225e0-514e-11f1-bfad-198183369b75,76.62403,,,5.05036,,,,,,,c0dadee9-703e-4f0a-a29d-6ad25cc75f47,2026-05-16,17:43:01.14,2026-05-16T13:43:01.1458048-04:00,2026-05-16T17:43:01.1458048Z,,v3,471301,471281,d133f518dc004df295395547d13e9707,"MacDougall, Ryan",836327,Right,DAY_FLY,b90295cd-8ba2-4398-979e-f38e434926bf,55.75186,-115.25192,9.78164,5.8998,-5.29019,-17.42859,-1.7831,6.24558,-0.58109,,,,,,,,,,,,,,,,,,,,,,,,,,,,,,,,,,,,,,,,,,,,,,,,,,,High,High,High,,,,,
171,2026-05-16,13:43:26.94,3,2,"Cahill, Riley",10097690,Right,DAY_FLY,"Marmo, Greg",813688,Right,GEO_COL,Undefined,5,Bottom,1,1,0,Fastball,Four-Seam,InPlay,Undefined,LineDrive,Double,0,1,,89.13242,-2.40368,-3.38509,2475.588307,203.268505,12:45,5.60637,2.05134,6.02344,-15.5641,19.48119,7.8989,2.07793,-0.42927,81.60788,-5.3767,-1.967587,0.426075,100.51231,11.431366,-10.306444,5430.557267,107.45309,16.30651,-23.53159,249.26732,249.26732,-15.928211,2.220024,-5.01307,11.04213,-1.79056,50,5.40943,7.3234,-129.24079,-5.86461,-8.49367,26.49715,-13.46529,GEO_COL,DAY_FLY,TuckerFieldatBarcroftPark,D1,A10,20260516-TuckerFieldatBarcroftPark-1,bec449f0-514e-11f1-bfad-198183369b75,88.46428,16.86962,,7.52454,,,,2.0808,2.11953,0.4001,c0dadee9-703e-4f0a-a29d-6ad25cc75f47,2026-05-16,17:43:26.94,2026-05-16T13:43:26.9406720-04:00,2026-05-16T17:43:26.9406720Z,LineDrive,v3,471301,471281,d133f518dc004df295395547d13e9707,"MacDougall, Ryan",836327,Right,DAY_FLY,77b58698-e852-4fdc-9d33-84ab866613f4,54.47559,-130.15515,13.24857,5.60379,-5.39995,-6.73264,-2.04833,7.6165,-4.24683,120.861436,2.08081,142.16194,-21.33833,3.65155,-0.73353,0.12664,-0.01849,0.00175,-6E-05,2.11953,29.21734,-15.40618,1.0484,-0.1595,0.03451,-0.00605,0.00104,-0.0001,0.4001,-25.8519,-4.64527,1.74331,-0.47715,0.10104,-0.01374,0.00052,9E-05,,,,,,,,,,,,,,,,,,,,,,,High,High,High,High,High,,,
172,2026-05-16,13:44:12.92,4,1,"Cahill, Riley",10097690,Right,DAY_FLY,"Lavey, Robbie",835215,Left,GEO_COL,Undefined,5,Bottom,1,0,0,ChangeUp,Curveball,BallCalled,Undefined,Undefined,Undefined,0,0,,79.53556,-1.242291,-2.701706,2656.943601,12.107873,6:30,5.85057,1.98463,4.70396,-53.06806,-7.24796,-1.82685,0.24755,-0.734,74.29278,-10.665053,-3.023099,0.487191,,,,,,,,,,,,0.22665,-2.97083,-1.70908,50,5.67617,5.52202,-115.4153,-4.51985,0.30851,19.63256,-36.21807,GEO_COL,DAY_FLY,TuckerFieldatBarcroftPark,D1,A10,20260516-TuckerFieldatBarcroftPark-1,da2dce50-514e-11f1-bfad-198183369b75,77.36683,,,5.24278,,,,,,,c0dadee9-703e-4f0a-a29d-6ad25cc75f47,2026-05-16,17:44:12.92,2026-05-16T13:44:12.9202176-04:00,2026-05-16T17:44:12.9202176Z,,v3,471301,471281,d133f518dc004df295395547d13e9707,"MacDougall, Ryan",836327,Right,DAY_FLY,6444f11f-da32-47ef-9d46-bed9169e9d3a,55.79886,-116.39753,9.81628,5.85698,-2.70784,-18.10904,-1.98496,5.50658,0.15426,,,,,,,,,,,,,,,,,,,,,,,,,,,,,,,,,,,,,,,,,,,,,,,,,,,High,High,High,,,,,
173,2026-05-16,13:44:37.85,4,2,"Cahill, Riley",10097690,Right,DAY_FLY,"Lavey, Robbie",835215,Left,GEO_COL,Undefined,5,Bottom,1,1,0,Curveball,Curveball,InPlay,Undefined,GroundBall,Out,1,0,,79.2534,1.289001,-2.300769,2784.777276,9.459517,6:15,5.79712,1.88706,4.57247,-52.37341,-6.18969,-1.2391,2.66036,-0.40656,73.73119,-8.050019,-2.517787,0.489121,93.42079,-11.609328,40.139294,,,,,15.1571,15.1571,36.30921,0.098614,0.05783,-3.04547,-1.64741,50,5.88085,4.67501,-115.05585,0.57522,0.07856,18.69256,-36.31062,GEO_COL,DAY_FLY,TuckerFieldatBarcroftPark,D1,A10,20260516-TuckerFieldatBarcroftPark-1,e910fe60-514e-11f1-bfad-198183369b75,77.06165,2.72443,,5.52221,,,,2.076,2.72443,0.42621,c0dadee9-703e-4f0a-a29d-6ad25cc75f47,2026-05-16,17:44:37.85,2026-05-16T13:44:37.8532864-04:00,2026-05-16T17:44:37.8532864Z,GroundBall,v3,471301,471281,d133f518dc004df295395547d13e9707,"MacDougall, Ryan",836327,Right,DAY_FLY,eafac1ad-9e96-4efd-b379-c174cdbb54a4,55.93022,-116.0153,9.34628,5.80349,2.43897,-18.15531,-1.88727,4.67098,0.03928,180,2.07279,102.80629,,,,,,,,2.7253,-27.62735,,,,,,,,0.4235,86.69151,,,,,,,,,,,,,,,,,,,,,,,,,,,,,,High,High,High,Medium,High,,,
174,2026-05-16,13:45:18.01,5,1,"Cahill, Riley",10097690,Right,DAY_FLY,"Tufano, Cristino",811770,Right,GEO_COL,Undefined,5,Bottom,2,0,0,Fastball,Four-Seam,StrikeCalled,Undefined,Undefined,Undefined,0,0,,88.98192,-1.663779,-3.356279,2460.652389,199.109367,12:45,5.67035,2.02196,5.90367,-19.14048,15.74379,5.12063,2.52778,-0.67042,82.45257,-5.244917,-2.439391,0.425095,,,,,,,,,,,,-3.41705,8.77323,-1.75497,50,5.52532,7.3645,-129.19555,-4.35552,-5.86126,23.17036,-17.12539,GEO_COL,DAY_FLY,TuckerFieldatBarcroftPark,D1,A10,20260516-TuckerFieldatBarcroftPark-1,00fccdb0-514f-11f1-bfad-198183369b75,88.66819,,,6.52935,,,,,,,c0dadee9-703e-4f0a-a29d-6ad25cc75f47,2026-05-16,17:45:18.01,2026-05-16T13:45:18.0188160-04:00,2026-05-16T17:45:18.0188160Z,,v3,471301,471281,d133f518dc004df295395547d13e9707,"MacDougall, Ryan",836327,Right,DAY_FLY,07c9b18c-c4fa-417f-a3cc-334b01f0b5ec,54.5955,-130.01711,11.58518,5.66899,-3.7483,-8.56269,-2.01978,7.57233,-2.93063,,,,,,,,,,,,,,,,,,,,,,,,,,,,,,,,,,,,,,,,,,,,,,,,,,,High,High,High,,,,,
175,2026-05-16,13:45:35.39,5,2,"Cahill, Riley",10097690,Right,DAY_FLY,"Tufano, Cristino",811770,Right,GEO_COL,Undefined,5,Bottom,2,0,1,Curveball,Curveball,BallCalled,Undefined,Undefined,Undefined,0,0,,80.69498,2.167174,-1.465377,2757.460936,40.902189,7:15,5.70654,1.89298,4.49406,-52.80869,-7.90323,-7.95351,3.37252,-0.16644,74.55853,-7.256426,-2.856155,0.482304,,,,,,,,,,,,3.48965,-3.99,-1.73111,50,5.88297,3.35003,-117.06429,2.31203,4.88195,20.41245,-37.75602,GEO_COL,DAY_FLY,TuckerFieldatBarcroftPark,D1,A10,20260516-TuckerFieldatBarcroftPark-1,0b5d5bd0-514f-11f1-bfad-198183369b75,78.15078,,,6.13644,,,,,,,c0dadee9-703e-4f0a-a29d-6ad25cc75f47,2026-05-16,17:45:35.39,2026-05-16T13:45:35.3923584-04:00,2026-05-16T17:45:35.3923584Z,,v3,471301,471281,d133f518dc004df295395547d13e9707,"MacDougall, Ryan",836327,Right,DAY_FLY,f4110edb-efc3-4560-a1a1-5c0d6c1fac06,56.00755,-118.10718,10.20623,5.71557,4.24101,-18.87801,-1.8959,3.10061,2.44097,,,,,,,,,,,,,,,,,,,,,,,,,,,,,,,,,,,,,,,,,,,,,,,,,,,High,High,High,,,,,
176,2026-05-16,13:45:54.91,5,3,"Cahill, Riley",10097690,Right,DAY_FLY,"Tufano, Cristino",811770,Right,GEO_COL,Undefined,5,Bottom,2,1,1,Curveball,Curveball,BallCalled,Undefined,Undefined,Undefined,0,0,,79.95445,0.532768,-3.016265,2803.567305,45.822833,7:30,5.72891,1.90933,4.63551,-54.99054,-8.90052,-10.65548,1.65343,-1.84795,73.50289,-9.279517,-4.883043,0.488624,,,,,,,,,,,,4.31642,-4.03713,-1.58974,50,5.73302,6.56928,-115.80946,-1.07174,5.83399,22.59516,-37.63054,GEO_COL,DAY_FLY,TuckerFieldatBarcroftPark,D1,A10,20260516-TuckerFieldatBarcroftPark-1,17081d30-514f-11f1-bfad-198183369b75,77.13996,,,6.45156,,,,,,,c0dadee9-703e-4f0a-a29d-6ad25cc75f47,2026-05-16,17:45:54.91,2026-05-16T13:45:54.9188096-04:00,2026-05-16T17:45:54.9188096Z,,v3,471301,471281,d133f518dc004df295395547d13e9707,"MacDougall, Ryan",836327,Right,DAY_FLY,d616a9f7-5ab3-4755-99f5-a5b07223cace,55.86495,-116.94815,11.29758,5.73924,0.82466,-18.81527,-1.91339,6.27527,2.91699,,,,,,,,,,,,,,,,,,,,,,,,,,,,,,,,,,,,,,,,,,,,,,,,,,,High,High,High,,,,,
177,2026-05-16,13:46:18.46,5,4,"Cahill, Riley",10097690,Right,DAY_FLY,"Tufano, Cristino",811770,Right,GEO_COL,Undefined,5,Bottom,2,2,1,Curveball,Curveball,StrikeCalled,Undefined,Undefined,Undefined,0,0,,79.50382,0.783146,-1.974498,2774.846724,38.337952,7:15,5.81939,1.88686,4.32668,-54.12495,-7.74504,-7.12827,2.05799,-0.59512,73.99499,-8.809827,-3.218372,0.490158,,,,,,,,,,,,2.97437,-3.57866,-1.66618,50,5.84857,4.29261,-115.39982,-0.59161,4.05587,19.22092,-37.05392,GEO_COL,DAY_FLY,TuckerFieldatBarcroftPark,D1,A10,20260516-TuckerFieldatBarcroftPark-1,250ef700-514f-11f1-bfad-198183369b75,76.89849,,,5.50883,,,,,,,c0dadee9-703e-4f0a-a29d-6ad25cc75f47,2026-05-16,17:46:18.46,2026-05-16T13:46:18.4698368-04:00,2026-05-16T17:46:18.4698368Z,,v3,471301,471281,d133f518dc004df295395547d13e9707,"MacDougall, Ryan",836327,Right,DAY_FLY,49f437dd-c618-46f2-beb9-9f2026b5a777,56.17574,-116.42391,9.61046,5.8275,1.3826,-18.52696,-1.88913,4.07651,2.02794,,,,,,,,,,,,,,,,,,,,,,,,,,,,,,,,,,,,,,,,,,,,,,,,,,,High,High,High,,,,,
178,2026-05-16,13:46:40.35,5,5,"Cahill, Riley",10097690,Right,DAY_FLY,"Tufano, Cristino",811770,Right,GEO_COL,Undefined,5,Bottom,2,2,2,Curveball,Curveball,BallCalled,Undefined,Undefined,Undefined,0,0,,79.59495,-0.317295,-2.874853,2871.185725,36.393101,7:15,5.67653,1.81203,4.88834,-52.85503,-7.76256,-6.55536,0.9714,-1.45612,74.76963,-9.732111,-4.030105,0.483307,,,,,,,,,,,,2.60378,-3.4737,-1.52407,50,5.59998,6.07502,-115.64019,-2.61581,3.58586,18.1243,-36.95791,GEO_COL,DAY_FLY,TuckerFieldatBarcroftPark,D1,A10,20260516-TuckerFieldatBarcroftPark-1,322185c0-514f-11f1-bfad-198183369b75,77.98853,,,4.82532,,,,,,,c0dadee9-703e-4f0a-a29d-6ad25cc75f47,2026-05-16,17:46:40.35,2026-05-16T13:46:40.3501568-04:00,2026-05-16T17:46:40.3501568Z,,v3,471301,471281,d133f518dc004df295395547d13e9707,"MacDougall, Ryan",836327,Right,DAY_FLY,10c798de-a3ad-4355-8196-64d7cf7a1dbc,55.61523,-116.51694,9.06215,5.68327,-0.82799,-18.47895,-1.81375,5.90156,1.79293,,,,,,,,,,,,,,,,,,,,,,,,,,,,,,,,,,,,,,,,,,,,,,,,,,,High,High,High,,,,,
179,2026-05-16,13:47:04.48,5,6,"Cahill, Riley",10097690,Right,DAY_FLY,"Tufano, Cristino",811770,Right,GEO_COL,Undefined,5,Bottom,2,3,2,Curveball,Curveball,InPlay,Undefined,Popup,Out,1,0,,79.60091,1.444873,-2.067199,2704.947307,14.512714,6:30,5.6529,1.99061,4.90196,-50.74196,-5.76414,-1.78665,2.79208,-0.11419,74.38372,-7.651509,-2.382012,0.482693,84.62584,63.28813,5.082498,,,,,,53.97011,,,0.42614,-2.91591,-1.78672,50,5.75078,4.24857,-115.68914,1.03783,0.58826,17.82179,-36.19935,GEO_COL,DAY_FLY,TuckerFieldatBarcroftPark,D1,A10,20260516-TuckerFieldatBarcroftPark-1,4076a6a0-514f-11f1-bfad-198183369b75,78.08788,114.6392,,5.2172,,,,1.51553,2.93708,0.12035,c0dadee9-703e-4f0a-a29d-6ad25cc75f47,2026-05-16,17:47:04.48,2026-05-16T13:47:04.4840448-04:00,2026-05-16T17:47:04.4840448Z,,v3,471301,471281,d133f518dc004df295395547d13e9707,"MacDougall, Ryan",836327,Right,DAY_FLY,3c61f9b5-bf65-43a7-b38d-06043381ef5a,55.60127,-116.54882,8.9109,5.65861,2.784,-18.09967,-1.99097,4.22019,0.29413,180.507243,1.51553,55.57203,-20.43156,6.64199,-1.72165,0.41789,-0.09344,0.01632,-0.00156,2.93708,110.87164,-26.31998,2.38916,-0.17081,-0.05029,0.02485,-0.00601,0.00067,0.12035,4.94256,-1.54687,0.48057,-0.12048,0.02851,-0.00625,0.00108,-0.0001,,,,,,,,,,,,,,,,,,,,,,,High,High,High,Medium,Undefined,,,
180,2026-05-16,13:50:03.85,1,1,"Knighton, Henry",1000140101,Right,GEO_COL,"Bello, Jason",10074817,Right,DAY_FLY,Undefined,6,Top,0,0,0,Slider,Curveball,FoulBallNotFieldable,Undefined,Undefined,Undefined,0,0,,75.66593,1.915357,-0.376921,2032.680257,65.221783,8:15,5.32763,1.83347,4.86352,-53.93747,-3.10268,-10.20914,2.6463,0.62598,69.34256,-7.822018,-2.175812,0.513159,102.97023,18.317654,-45.914165,2865.439151,72.25823,25.81418,-82.93822,262.97229,166.21354,-54.256803,2.320892,4.96697,-1.68862,-1.78703,50,5.47002,1.12711,-109.74384,1.77533,6.03998,19.9454,-34.22743,GEO_COL,DAY_FLY,TuckerFieldatBarcroftPark,D1,A10,20260516-TuckerFieldatBarcroftPark-1,ab542240-514f-11f1-bfad-198183369b75,73.45177,26.93526,,6.32337,,,,2.77713,3.08359,-0.81312,c0dadee9-703e-4f0a-a29d-6ad25cc75f47,2026-05-16,17:50:03.85,2026-05-16T13:50:03.8529536-04:00,2026-05-16T17:50:03.8529536Z,LineDrive,v3,471301,471281,d133f518dc004df295395547d13e9707,"Lavey, Robbie",835215,Right,GEO_COL,67ba8850-52f0-41ca-8f7f-0009553555a4,55.63724,-110.76364,9.9727,5.3345,3.52537,-17.11372,-1.83677,0.81829,3.01999,,2.77724,99.74167,-22.14891,4.71554,-1.09075,0.35977,-0.15352,0.04103,-0.00447,3.08363,47.46244,-26.69357,3.65182,-0.81836,0.22264,-0.06859,0.01579,-0.00162,-0.81302,-102.98854,3.45574,1.24375,-0.48867,0.19571,-0.08373,0.02381,-0.00275,,,,,,,,,,,,,,,,,,,,,,,High,High,High,Medium,Medium,,,
181,2026-05-16,13:50:26.18,1,2,"Knighton, Henry",1000140101,Right,GEO_COL,"Bello, Jason",10074817,Right,DAY_FLY,Undefined,6,Top,0,0,1,Fastball,Changeup,BallCalled,Undefined,Undefined,Undefined,0,0,,87.68821,-0.007395,-2.992425,1629.472522,221.34563,1:30,5.78756,1.38492,5.3869,-28.02962,9.15004,6.99087,3.44482,-0.83983,79.93826,-5.182972,-1.751655,0.438858,,,,,,,,,,,,-4.34221,4.9665,-1.12232,50,5.7674,6.33064,-127.09521,-1.02599,-7.08901,26.50791,-24.06583,GEO_COL,DAY_FLY,TuckerFieldatBarcroftPark,D1,A10,20260516-TuckerFieldatBarcroftPark-1,b8b3e6a0-514f-11f1-bfad-198183369b75,85.88754,,,7.74995,,,,,,,c0dadee9-703e-4f0a-a29d-6ad25cc75f47,2026-05-16,17:50:26.18,2026-05-16T13:50:26.1892096-04:00,2026-05-16T17:50:26.1892096Z,,v3,471301,471281,d133f518dc004df295395547d13e9707,"Lavey, Robbie",835215,Right,GEO_COL,f20292a7-c79c-49f5-8168-5100d790b065,55.10971,-128.1565,13.25396,5.78919,-0.06248,-12.03292,-1.38146,6.61446,-3.5445,,,,,,,,,,,,,,,,,,,,,,,,,,,,,,,,,,,,,,,,,,,,,,,,,,,High,High,High,,,,,
182,2026-05-16,13:50:41.20,1,3,"Knighton, Henry",1000140101,Right,GEO_COL,"Bello, Jason",10074817,Right,DAY_FLY,Undefined,6,Top,0,1,1,Slider,Curveball,StrikeSwinging,Undefined,Undefined,Undefined,0,0,,76.87164,1.939863,-1.320867,1809.20525,94.123225,9:15,5.21642,1.82083,4.95046,-47.19625,2.32606,-8.77343,3.11758,-0.15861,69.75928,-6.650202,-2.867193,0.506491,,,,,,,,,,,,3.89736,1.09677,-1.68521,50,5.36617,2.93189,-111.31243,2.11313,4.84113,21.84041,-30.81171,GEO_COL,DAY_FLY,TuckerFieldatBarcroftPark,D1,A10,20260516-TuckerFieldatBarcroftPark-1,c19af420-514f-11f1-bfad-198183369b75,74.41875,,,7.11236,,,,,,,c0dadee9-703e-4f0a-a29d-6ad25cc75f47,2026-05-16,17:50:41.20,2026-05-16T13:50:41.2000768-04:00,2026-05-16T17:50:41.2000768Z,,v3,471301,471281,d133f518dc004df295395547d13e9707,"Lavey, Robbie",835215,Right,GEO_COL,6bb48a3d-5a47-48aa-9ed9-55d050b14c00,55.54556,-112.39525,10.9202,5.22354,3.64074,-15.40585,-1.82462,2.69187,2.42056,,,,,,,,,,,,,,,,,,,,,,,,,,,,,,,,,,,,,,,,,,,,,,,,,,,High,High,High,,,,,
183,2026-05-16,13:51:01.32,1,4,"Knighton, Henry",1000140101,Right,GEO_COL,"Bello, Jason",10074817,Right,DAY_FLY,Undefined,6,Top,0,1,2,Slider,Curveball,BallCalled,Undefined,Undefined,Undefined,0,0,,77.29546,-0.436507,-3.767909,2164.588227,120.129033,10:00,5.09616,1.91379,4.97597,-42.18833,7.20953,-9.34512,1.16731,-2.42875,70.05748,-8.110695,-5.410609,0.505854,,,,,,,,,,,,3.37685,4.24299,-1.5416,50,5.0201,7.74034,-111.68477,-2.29821,4.19307,23.28663,-26.90543,GEO_COL,DAY_FLY,TuckerFieldatBarcroftPark,D1,A10,20260516-TuckerFieldatBarcroftPark-1,cd9c6100-514f-11f1-bfad-198183369b75,74.51242,,,7.23798,,,,,,,c0dadee9-703e-4f0a-a29d-6ad25cc75f47,2026-05-16,17:51:01.32,2026-05-16T13:51:01.3266944-04:00,2026-05-16T17:51:01.3266944Z,,v3,471301,471281,d133f518dc004df295395547d13e9707,"Lavey, Robbie",835215,Right,GEO_COL,3f0eb370-326f-4fb6-a07d-ee7c6963ae5a,55.51905,-112.82964,11.64331,5.10057,-0.97542,-13.45271,-1.91708,7.53419,2.09654,,,,,,,,,,,,,,,,,,,,,,,,,,,,,,,,,,,,,,,,,,,,,,,,,,,High,High,High,,,,,
184,2026-05-16,13:51:21.58,1,5,"Knighton, Henry",1000140101,Right,GEO_COL,"Bello, Jason",10074817,Right,DAY_FLY,Undefined,6,Top,0,2,2,ChangeUp,Changeup,BallCalled,Undefined,Undefined,Undefined,0,0,,83.27543,-1.707797,-3.962932,1964.461726,227.361357,1:30,5.12796,1.83975,5.40456,-34.59124,7.00756,6.04079,0.64087,-1.37598,75.79206,-8.049161,-2.891039,0.464207,,,,,,,,,,,,-4.26996,4.45323,-1.49076,50,4.95142,8.09522,-120.46444,-4.79585,-6.21279,25.55161,-25.69462,GEO_COL,DAY_FLY,TuckerFieldatBarcroftPark,D1,A10,20260516-TuckerFieldatBarcroftPark-1,d9a7e000-514f-11f1-bfad-198183369b75,81.19745,,,7.48337,,,,,,,c0dadee9-703e-4f0a-a29d-6ad25cc75f47,2026-05-16,17:51:21.58,2026-05-16T13:51:21.5854592-04:00,2026-05-16T17:51:21.5854592Z,,v3,471301,471281,d133f518dc004df295395547d13e9707,"Lavey, Robbie",835215,Right,GEO_COL,de9c27a7-55ec-4478-bbb2-4798b39842ab,55.09313,-121.53993,12.7758,5.13053,-3.71433,-12.84731,-1.837,8.35672,-3.1064,,,,,,,,,,,,,,,,,,,,,,,,,,,,,,,,,,,,,,,,,,,,,,,,,,,High,High,High,,,,,
185,2026-05-16,13:51:38.99,1,6,"Knighton, Henry",1000140101,Right,GEO_COL,"Bello, Jason",10074817,Right,DAY_FLY,Undefined,6,Top,0,3,2,Slider,Curveball,BallCalled,Walk,Undefined,Undefined,0,0,,77.30155,0.009041,-2.789553,2033.946774,84.007253,8:45,5.13009,1.92163,4.91653,-47.96566,0.4276,-9.56595,1.14151,-1.51514,71.52807,-8.616608,-4.473825,0.500684,,,,,,,,,,,,4.00315,0.61689,-1.64083,50,5.09074,5.84774,-112.10876,-1.685,5.11305,19.58571,-31.38611,GEO_COL,DAY_FLY,TuckerFieldatBarcroftPark,D1,A10,20260516-TuckerFieldatBarcroftPark-1,e419fa50-514f-11f1-bfad-198183369b75,75.28185,,,5.77348,,,,,,,c0dadee9-703e-4f0a-a29d-6ad25cc75f47,2026-05-16,17:51:38.99,2026-05-16T13:51:38.9910016-04:00,2026-05-16T17:51:38.9910016Z,,v3,471301,471281,d133f518dc004df295395547d13e9707,"Lavey, Robbie",835215,Right,GEO_COL,6b1972b6-eb67-4a08-b2cb-70b620704bef,55.58361,-113.08002,9.79286,5.13571,-0.12854,-15.69305,-1.92454,5.59418,2.55652,,,,,,,,,,,,,,,,,,,,,,,,,,,,,,,,,,,,,,,,,,,,,,,,,,,High,High,High,,,,,
186,2026-05-16,13:52:11.08,2,1,"Knighton, Henry",1000140101,Right,GEO_COL,"Stang, Bobby",1000138110,Right,DAY_FLY,Undefined,6,Top,0,0,0,Sinker,Sinker,InPlay,Undefined,GroundBall,Out,2,0,,88.59109,-1.532182,-2.949799,2059.85271,234.432306,1:45,5.52032,1.72201,5.45247,-25.15726,10.96906,13.77879,1.9873,0.10636,81.33955,-6.177173,-0.499083,0.432597,79.80075,-35.876382,-38.758846,,,,,4.30015,4.30015,-25.567848,0.029358,-7.77768,6.2704,-1.47156,50,5.36777,6.02466,-128.50857,-4.33358,-13.05545,25.68912,-21.64872,GEO_COL,DAY_FLY,TuckerFieldatBarcroftPark,D1,A10,20260516-TuckerFieldatBarcroftPark-1,f7243ed0-514f-11f1-bfad-198183369b75,87.13067,2.01823,,7.25154,,,,1.70307,2.01823,-0.10889,c0dadee9-703e-4f0a-a29d-6ad25cc75f47,2026-05-16,17:52:11.08,2026-05-16T13:52:11.0833664-04:00,2026-05-16T17:52:11.0833664Z,GroundBall,v3,471301,471281,d133f518dc004df295395547d13e9707,"Lavey, Robbie",835215,Right,GEO_COL,09d66757-edf7-43f7-91d2-3f5d6fde8023,55.04735,-129.51362,12.84456,5.52074,-3.4866,-10.82436,-1.71726,6.53543,-6.52773,,1.70228,74.11923,,,,,,,,2.01896,-68.7454,,,,,,,,-0.10825,-59.50579,,,,,,,,,,,,,,,,,,,,,,,,,,,,,,High,High,High,Estimated,Estimated,,,
187,2026-05-16,13:52:50.90,3,1,"Knighton, Henry",1000140101,Right,GEO_COL,"Lynch, Colin",1000285952,Right,DAY_FLY,Undefined,6,Top,2,0,0,Sinker,Changeup,InPlay,Undefined,GroundBall,Single,0,0,,88.31681,-1.505268,-3.442589,1822.401681,234.558248,1:45,5.57183,1.69752,5.20738,-26.62383,9.99276,12.49363,1.9347,-0.50273,81.32221,-6.3822,-1.232134,0.435522,108.49452,1.493718,-9.283238,3520.113245,,,,70.27752,69.13147,-9.027653,0.472321,-7.16575,5.70618,-1.38873,50,5.41237,7.14786,-128.04328,-4.35826,-11.98211,24.65503,-22.63258,GEO_COL,DAY_FLY,TuckerFieldatBarcroftPark,D1,A10,20260516-TuckerFieldatBarcroftPark-1,0ee41c20-5150-11f1-bfad-198183369b75,86.54539,2.19525,,6.9946,,,,1.3755,1.96278,0.51021,c0dadee9-703e-4f0a-a29d-6ad25cc75f47,2026-05-16,17:52:50.90,2026-05-16T13:52:50.9051904-04:00,2026-05-16T17:52:50.9051904Z,GroundBall,v3,471301,471281,d133f518dc004df295395547d13e9707,"Lavey, Robbie",835215,Right,GEO_COL,f4d875a0-9df7-4c8a-8825-b70bcf8d1d60,55.29257,-129.05835,12.32751,5.57262,-3.42646,-11.31629,-1.69317,7.64118,-5.99106,48.744523,1.40478,156.15073,-25.90225,,,,,,,1.97411,3.82418,-16.99306,,,,,,,0.50852,-25.61267,2.5245,,,,,,,,,,,,,,,,,,,,,,,,,,,,,High,High,High,High,High,,,
188,2026-05-16,13:53:26.75,4,1,"Knighton, Henry",1000140101,Right,GEO_COL,"Sardinas, Alejandro",1000180208,Right,DAY_FLY,Undefined,6,Top,2,0,0,Fastball,Changeup,InPlay,Undefined,FlyBall,Out,1,0,,87.81459,-1.044176,-2.144492,1819.829915,216.721117,1:15,5.6101,1.48083,5.35478,-24.53273,12.73564,8.54953,2.58563,0.18114,79.72179,-5.604421,-0.625956,0.439381,97.5621,30.058388,-5.07889,3235.316999,109.80093,61.77007,-6.61441,345.82612,344.02663,0.713078,5.288126,-4.96008,7.07709,-1.29436,50,5.49901,4.39026,-127.28882,-3.17677,-8.07347,28.05709,-20.65476,GEO_COL,DAY_FLY,TuckerFieldatBarcroftPark,D1,A10,20260516-TuckerFieldatBarcroftPark-1,244e70b0-5150-11f1-bfad-198183369b75,85.78525,89.59032,,8.0928,,,,1.60441,2.71793,-0.18086,c0dadee9-703e-4f0a-a29d-6ad25cc75f47,2026-05-16,17:53:26.75,2026-05-16T13:53:26.7555840-04:00,2026-05-16T17:53:26.7555840Z,FlyBall,v3,471301,471281,d133f518dc004df295395547d13e9707,"Lavey, Robbie",835215,Right,GEO_COL,0977cee9-a738-444c-9b7c-c4a787e08f6c,55.14292,-128.41742,14.02854,5.61008,-2.34593,-10.32738,-1.47749,4.71502,-4.03674,193.605896,1.60465,123.35929,-26.37296,6.40201,-1.41788,0.2866,-0.04608,0.00469,-0.00021,2.72012,71.62306,-15.73069,0.092,0.33948,-0.15284,0.03484,-0.00398,0.00018,-0.18114,-10.95921,6.06879,-1.69849,0.39515,-0.07422,0.01013,-0.00087,4E-05,,,,,,,,,,,,,,,,,,,,,,,High,High,High,High,Medium,,,
189,2026-05-16,13:55:50.84,1,1,"Cahill, Riley",10097690,Right,DAY_FLY,"Walsh, Charlie",10154270,Left,GEO_COL,Undefined,6,Bottom,0,0,0,Curveball,Curveball,StrikeCalled,Undefined,Undefined,Undefined,0,0,,79.62758,1.489961,-0.53965,2484.787382,22.876597,6:45,5.73586,1.78108,4.70076,-50.92164,-4.51051,-2.55827,2.90714,1.05561,72.53896,-7.684465,-0.989279,0.490323,,,,,,,,,,,,1.08665,-2.1674,-1.72398,50,5.84117,1.19879,-115.38308,1.04973,1.454,22.9668,-35.07412,GEO_COL,DAY_FLY,TuckerFieldatBarcroftPark,D1,A10,20260516-TuckerFieldatBarcroftPark-1,7a2ed880-5150-11f1-bfad-198183369b75,76.87264,,,7.08862,,,,,,,c0dadee9-703e-4f0a-a29d-6ad25cc75f47,2026-05-16,17:55:50.84,2026-05-16T13:55:50.8453376-04:00,2026-05-16T17:55:50.8453376Z,,v3,471301,471281,d133f518dc004df295395547d13e9707,"MacDougall, Ryan",836327,Right,DAY_FLY,e7572d7c-7183-4bf9-aacc-c31c82f54d2b,55.79743,-116.53134,11.4834,5.74485,2.80331,-17.53706,-1.7821,1.12609,0.727,,,,,,,,,,,,,,,,,,,,,,,,,,,,,,,,,,,,,,,,,,,,,,,,,,,High,High,High,,,,,
190,2026-05-16,13:56:08.44,1,2,"Cahill, Riley",10097690,Right,DAY_FLY,"Walsh, Charlie",10154270,Left,GEO_COL,Undefined,6,Bottom,0,0,1,Curveball,Curveball,BallCalled,Undefined,Undefined,Undefined,0,0,,79.64763,-0.034693,-3.455488,2752.299784,5.22104,6:15,5.70125,1.86332,4.97707,-53.3403,-7.33213,-0.80827,1.2234,-1.4715,72.99983,-9.623015,-3.59805,0.48819,,,,,,,,,,,,-0.63717,-3.17063,-1.52876,50,5.6541,6.99804,-115.33325,-2.0499,-0.85173,22.96769,-36.41235,GEO_COL,DAY_FLY,TuckerFieldatBarcroftPark,D1,A10,20260516-TuckerFieldatBarcroftPark-1,84a97e50-5150-11f1-bfad-198183369b75,77.20856,,,6.6478,,,,,,,c0dadee9-703e-4f0a-a29d-6ad25cc75f47,2026-05-16,17:56:08.44,2026-05-16T13:56:08.4475392-04:00,2026-05-16T17:56:08.4475392Z,,v3,471301,471281,d133f518dc004df295395547d13e9707,"MacDougall, Ryan",836327,Right,DAY_FLY,90e78997-51a4-434c-868f-eea14a86d0e2,55.5226,-116.42784,11.48384,5.71044,-0.31456,-18.20618,-1.86324,7.03863,-0.42587,,,,,,,,,,,,,,,,,,,,,,,,,,,,,,,,,,,,,,,,,,,,,,,,,,,High,High,High,,,,,
191,2026-05-16,13:56:29.58,1,3,"Cahill, Riley",10097690,Right,DAY_FLY,"Walsh, Charlie",10154270,Left,GEO_COL,Undefined,6,Bottom,0,1,1,Fastball,Four-Seam,InPlay,Undefined,LineDrive,Error,0,0,,89.29691,-1.383836,-3.435478,2404.958395,204.638722,12:45,5.57265,2.10268,5.8249,-18.00828,17.09757,7.34248,2.78292,-0.48305,81.81549,-4.784799,-2.122864,0.426443,95.5653,19.67766,-16.513022,3034.770382,103.06144,34.47929,-38.44885,316.84421,225.46891,-28.771161,3.543759,-4.68894,9.44752,-1.82611,50,5.44878,7.46687,-129.51828,-3.68478,-7.99103,26.21817,-16.07327,GEO_COL,DAY_FLY,TuckerFieldatBarcroftPark,D1,A10,20260516-TuckerFieldatBarcroftPark-1,914137c0-5150-11f1-bfad-198183369b75,88.38795,41.59735,,7.48142,,,,1.07285,2.76389,0.49636,c0dadee9-703e-4f0a-a29d-6ad25cc75f47,2026-05-16,17:56:29.58,2026-05-16T13:56:29.5885824-04:00,2026-05-16T17:56:29.5885824Z,LineDrive,v3,471301,471281,d133f518dc004df295395547d13e9707,"MacDougall, Ryan",836327,Right,DAY_FLY,68fcc235-fa43-4f58-91fd-bff0d7c7aa66,54.67386,-130.46097,13.10909,5.57088,-3.10685,-8.03664,-2.09974,7.75419,-3.99551,129.845332,1.07319,126.51948,-24.66879,5.24022,-0.84811,0.06149,0.0097,-0.00308,0.00027,2.76347,47.21469,-14.99233,0.53602,-0.24971,0.16245,-0.05415,0.00969,-0.00072,0.49668,-37.52729,-5.07839,1.94141,-0.35225,-0.00337,0.01643,-0.00337,0.00024,,,,,,,,,,,,,,,,,,,,,,,High,High,High,High,Medium,,,
192,2026-05-16,13:57:15.34,2,1,"Cahill, Riley",10097690,Right,DAY_FLY,"Freker, Brodie",1000166944,Right,GEO_COL,Undefined,6,Bottom,0,0,0,Curveball,Curveball,StrikeSwinging,Undefined,Undefined,Undefined,0,0,,78.93412,1.683929,-1.468976,2686.537267,46.398853,7:30,5.76242,1.82551,4.75112,-50.70097,-3.82882,-5.5617,3.13534,-0.03143,72.35965,-7.443407,-2.446359,0.492752,,,,,,,,,,,,2.31075,-1.89004,-1.67275,50,5.8868,3.17315,-114.43532,1.45501,3.06155,21.28498,-34.67819,GEO_COL,DAY_FLY,TuckerFieldatBarcroftPark,D1,A10,20260516-TuckerFieldatBarcroftPark-1,ac98e1d0-5150-11f1-bfad-198183369b75,76.49366,,,6.57447,,,,,,,c0dadee9-703e-4f0a-a29d-6ad25cc75f47,2026-05-16,17:57:15.34,2026-05-16T13:57:15.3483264-04:00,2026-05-16T17:57:15.3483264Z,,v3,471301,471281,d133f518dc004df295395547d13e9707,"MacDougall, Ryan",836327,Right,DAY_FLY,d58c565e-e7b7-47f2-b678-f81ca1bedaca,55.7481,-115.49952,10.64249,5.77071,3.18884,-17.33909,-1.82758,3.02008,1.53077,,,,,,,,,,,,,,,,,,,,,,,,,,,,,,,,,,,,,,,,,,,,,,,,,,,High,High,High,,,,,
193,2026-05-16,13:57:37.02,2,2,"Cahill, Riley",10097690,Right,DAY_FLY,"Freker, Brodie",1000166944,Right,GEO_COL,Undefined,6,Bottom,0,0,1,Curveball,Curveball,FoulBallNotFieldable,Undefined,Undefined,Undefined,0,0,,79.71998,1.813128,-2.162567,2681.908067,6.054952,6:15,5.72304,1.88637,4.73271,-51.91227,-5.73032,-0.76705,3.11895,-0.23017,72.80082,-7.528144,-2.297265,0.489111,65.4334,52.832793,122.042011,4796.308754,,,,,23.43786,,,-0.25386,-2.95059,-1.66762,50,5.85939,4.39396,-115.49041,1.6854,-0.34119,22.4875,-36.13971,GEO_COL,DAY_FLY,TuckerFieldatBarcroftPark,D1,A10,20260516-TuckerFieldatBarcroftPark-1,b97a0050-5150-11f1-bfad-198183369b75,77.06317,31.20999,,6.91917,,,,1.15993,3.03132,0.20302,c0dadee9-703e-4f0a-a29d-6ad25cc75f47,2026-05-16,17:57:37.02,2026-05-16T13:57:37.0289664-04:00,2026-05-16T17:57:37.0289664Z,,v3,471301,471281,d133f518dc004df295395547d13e9707,"MacDougall, Ryan",836327,Right,DAY_FLY,7d5ccea9-a71d-429d-be48-59aed539a0b9,55.76729,-116.60797,11.24375,5.731,3.48144,-18.06986,-1.88641,4.41092,-0.1706,321.094462,1.16913,-31.04787,-2.31102,,,,,,,3.04838,75.95023,-26.61586,,,,,,,0.21643,48.73303,-10.24564,,,,,,,,,,,,,,,,,,,,,,,,,,,,,High,High,High,High,Undefined,,,
194,2026-05-16,13:57:59.89,2,3,"Cahill, Riley",10097690,Right,DAY_FLY,"Freker, Brodie",1000166944,Right,GEO_COL,Undefined,6,Bottom,0,0,2,Curveball,Curveball,BallCalled,Undefined,Undefined,Undefined,0,0,,79.39348,-1.279423,-2.433605,2682.689623,18.533761,6:30,5.75444,1.79459,5.01933,-55.14696,-8.76394,-3.46524,-0.04983,-0.79217,72.78447,-11.16931,-3.047297,0.490175,,,,,,,,,,,,0.96445,-3.57957,-1.55843,50,5.5869,5.02949,-115.01294,-4.58579,1.27495,23.93739,-36.90602,GEO_COL,DAY_FLY,TuckerFieldatBarcroftPark,D1,A10,20260516-TuckerFieldatBarcroftPark-1,c716cdb0-5150-11f1-bfad-198183369b75,76.89592,,,6.60901,,,,,,,c0dadee9-703e-4f0a-a29d-6ad25cc75f47,2026-05-16,17:57:59.89,2026-05-16T13:57:59.8987776-04:00,2026-05-16T17:57:59.8987776Z,,v3,471301,471281,d133f518dc004df295395547d13e9707,"MacDougall, Ryan",836327,Right,DAY_FLY,69be7623-8a2c-4644-b5b8-d0b001f42e47,55.4812,-116.14813,11.96869,5.76287,-2.83559,-18.45301,-1.79552,4.96903,0.63748,,,,,,,,,,,,,,,,,,,,,,,,,,,,,,,,,,,,,,,,,,,,,,,,,,,High,High,High,,,,,
195,2026-05-16,13:58:30.24,2,4,"Cahill, Riley",10097690,Right,DAY_FLY,"Freker, Brodie",1000166944,Right,GEO_COL,Undefined,6,Bottom,0,1,2,Curveball,Curveball,FoulBallNotFieldable,Undefined,Undefined,Undefined,0,0,,78.93918,2.265966,-0.923313,2715.772862,45.844998,7:30,5.79585,1.6806,4.61298,-55.02125,-7.22855,-9.20063,3.36663,0.03592,71.35488,-7.639921,-2.536562,0.497568,66.66876,57.817858,155.17877,4865.73038,,,,,32.26474,,,4.21788,-3.85524,-1.57646,50,5.97786,2.23753,-114.23973,2.42131,5.4837,24.22644,-37.18627,GEO_COL,DAY_FLY,TuckerFieldatBarcroftPark,D1,A10,20260516-TuckerFieldatBarcroftPark-1,d9279700-5150-11f1-bfad-198183369b75,75.75339,45.54703,,7.58429,,,,2.20235,3.50715,-0.07765,c0dadee9-703e-4f0a-a29d-6ad25cc75f47,2026-05-16,17:58:30.24,2026-05-16T13:58:30.2464000-04:00,2026-05-16T17:58:30.2464000Z,,v3,471301,471281,d133f518dc004df295395547d13e9707,"MacDougall, Ryan",836327,Right,DAY_FLY,32516e6f-3c94-4c01-a912-e098f18138c8,55.88641,-115.4813,12.11322,5.80494,4.32705,-18.59313,-1.68393,1.9565,2.74185,341.649486,2.20235,-47.26824,-2.85754,3.11039,-1.04234,0.29981,-0.07516,0.01784,-0.00234,3.50715,82.75758,-32.48793,4.91235,-0.97834,0.16949,-0.03082,0.00633,-0.00088,-0.07765,21.86225,-5.764,1.08718,-0.19948,0.02848,-0.00481,0.00046,-2E-05,,,,,,,,,,,,,,,,,,,,,,,High,High,High,High,Undefined,,,
196,2026-05-16,13:58:54.57,2,5,"Cahill, Riley",10097690,Right,DAY_FLY,"Freker, Brodie",1000166944,Right,GEO_COL,Undefined,6,Bottom,0,1,2,Curveball,Curveball,FoulBallNotFieldable,Undefined,Undefined,Undefined,0,0,,80.21459,0.875037,-1.709037,2715.202324,8.85951,6:15,5.66985,1.81757,4.76745,-51.08385,-5.92307,-1.13504,2.24292,0.10217,73.95347,-8.291146,-1.908765,0.483673,,,,,,,,,,,,0.10063,-2.83874,-1.64527,50,5.71198,3.52092,-116.40089,-0.16154,0.13841,21.32764,-36.07871,GEO_COL,DAY_FLY,TuckerFieldatBarcroftPark,D1,A10,20260516-TuckerFieldatBarcroftPark-1,e7a54e80-5150-11f1-bfad-198183369b75,77.92954,,,6.26112,,,,,,,c0dadee9-703e-4f0a-a29d-6ad25cc75f47,2026-05-16,17:58:54.57,2026-05-16T13:58:54.5795584-04:00,2026-05-16T17:58:54.5795584Z,,v3,471301,471281,d133f518dc004df295395547d13e9707,"MacDougall, Ryan",836327,Right,DAY_FLY,597b19f7-a873-4d0e-adf3-35a9799ebd3c,55.73409,-117.44682,10.66382,5.67652,1.6078,-18.03935,-1.81778,3.51413,0.0692,,,,,,,,,,,,,,,,,,,,,,,,,,,,,,,,,,,,,,,,,,,,,,,,,,,High,High,High,,,,,
197,2026-05-16,13:59:24.57,2,6,"Cahill, Riley",10097690,Right,DAY_FLY,"Freker, Brodie",1000166944,Right,GEO_COL,Undefined,6,Bottom,0,1,2,Slider,Slider,BallCalled,Undefined,Undefined,Undefined,0,0,,81.01113,2.296669,-1.631656,2548.889041,92.572652,9:00,5.29767,2.37235,5.04519,-43.10101,2.44236,-12.46867,3.8743,-0.20619,71.70934,-5.631999,-3.830916,0.485718,,,,,,,,,,,,5.47142,0.94043,-2.20658,50,5.48339,3.88839,-116.93468,3.12415,7.31745,29.04814,-30.9163,GEO_COL,DAY_FLY,TuckerFieldatBarcroftPark,D1,A10,20260516-TuckerFieldatBarcroftPark-1,f9889f30-5150-11f1-bfad-198183369b75,77.60151,,,9.30179,,,,,,,c0dadee9-703e-4f0a-a29d-6ad25cc75f47,2026-05-16,17:59:24.57,2026-05-16T13:59:24.5753344-04:00,2026-05-16T17:59:24.5753344Z,,v3,471301,471281,d133f518dc004df295395547d13e9707,"MacDougall, Ryan",836327,Right,DAY_FLY,d299fd0e-f90c-477e-bcd0-f95e969a0a17,55.44606,-118.27981,14.52407,5.30557,4.5558,-15.45815,-2.37879,3.54954,3.65872,,,,,,,,,,,,,,,,,,,,,,,,,,,,,,,,,,,,,,,,,,,,,,,,,,,High,High,High,,,,,
198,2026-05-16,13:59:48.59,2,7,"Cahill, Riley",10097690,Right,DAY_FLY,"Freker, Brodie",1000166944,Right,GEO_COL,Undefined,6,Bottom,0,2,2,Fastball,Four-Seam,InPlay,Undefined,FlyBall,Out,1,0,,89.5442,-1.284075,-2.403327,2425.318837,199.374149,12:45,5.58959,1.89027,5.88561,-13.72694,21.68383,7.16867,3.25206,0.25466,80.52228,-3.96716,-1.118609,0.428291,76.76289,40.301149,26.570627,,93.35455,75.53802,58.17984,225.83424,194.3969,38.031875,4.80071,-4.45126,11.88599,-1.70052,50,5.47827,5.13852,-129.75697,-3.25262,-7.46704,31.2205,-12.23512,GEO_COL,DAY_FLY,TuckerFieldatBarcroftPark,D1,A10,20260516-TuckerFieldatBarcroftPark-1,07d841d0-5151-11f1-bfad-198183369b75,88.00655,79.59425,,9.02192,,,,1.14375,3.29496,-0.22898,c0dadee9-703e-4f0a-a29d-6ad25cc75f47,2026-05-16,17:59:48.59,2026-05-16T13:59:48.5967872-04:00,2026-05-16T17:59:48.5967872Z,FlyBall,v3,471301,471281,d133f518dc004df295395547d13e9707,"MacDougall, Ryan",836327,Right,DAY_FLY,5e962b8a-7888-4930-bdd7-3300ef9b4ecd,54.6104,-130.86156,15.61025,5.58569,-2.81974,-6.11756,-1.88699,5.40271,-3.73352,206.535207,1.14982,76.66505,-17.98127,3.39093,-0.16517,-0.12946,0.0332,-0.00233,-1E-05,3.29703,72.76665,-19.56851,0.94497,0.36558,-0.30319,0.09788,-0.01459,0.00082,-0.22751,38.37334,-2.19008,-0.36427,0.3765,-0.17722,0.04795,-0.0067,0.00037,,,,,,,,,,,,,,,,,,,,,,,High,High,High,High,Medium,,,
199,2026-05-16,14:00:29.45,3,1,"Cahill, Riley",10097690,Right,DAY_FLY,"Peitz, Travis",10035065,Right,GEO_COL,Undefined,6,Bottom,1,0,0,Curveball,Curveball,BallCalled,Undefined,Undefined,Undefined,0,0,,79.45108,2.657686,-2.033239,2633.180025,355.655596,5:45,5.63791,1.78859,4.69879,-50.99853,-4.77709,0.46854,3.91437,-0.10333,72.93751,-6.509014,-1.951079,0.48932,,,,,,,,,,,,-0.77083,-2.62453,-1.58286,50,5.8615,4.06729,-115.13642,3.39884,-1.03894,20.56111,-35.71145,GEO_COL,DAY_FLY,TuckerFieldatBarcroftPark,D1,A10,20260516-TuckerFieldatBarcroftPark-1,203ac7c0-5151-11f1-bfad-198183369b75,77.03021,,,6.51356,,,,,,,c0dadee9-703e-4f0a-a29d-6ad25cc75f47,2026-05-16,18:00:29.45,2026-05-16T14:00:29.4541312-04:00,2026-05-16T18:00:29.4541312Z,,v3,471301,471281,d133f518dc004df295395547d13e9707,"MacDougall, Ryan",836327,Right,DAY_FLY,efc4104d-8200-4885-b9d7-c0bc550feaca,55.80133,-116.1678,10.28055,5.64608,5.19019,-17.85573,-1.78819,4.1194,-0.51947,,,,,,,,,,,,,,,,,,,,,,,,,,,,,,,,,,,,,,,,,,,,,,,,,,,High,High,High,,,,,
200,2026-05-16,14:00:49.75,3,2,"Cahill, Riley",10097690,Right,DAY_FLY,"Peitz, Travis",10035065,Right,GEO_COL,Undefined,6,Bottom,1,1,0,Curveball,Curveball,FoulBallNotFieldable,Undefined,Undefined,Undefined,0,0,,78.80476,1.92951,-1.181499,2645.517691,10.643258,6:15,5.69927,1.85798,4.78672,-54.01464,-6.87111,-1.57992,3.02786,0.60638,71.97116,-7.7985,-1.459503,0.494177,50.71905,-39.837182,-63.600618,,,,,5.64683,5.64683,-45.220219,0.065472,0.4339,-3.5691,-1.73855,50,5.8443,2.4221,-114.22846,1.83143,0.57008,22.1395,-36.86341,GEO_COL,DAY_FLY,TuckerFieldatBarcroftPark,D1,A10,20260516-TuckerFieldatBarcroftPark-1,2c582110-5151-11f1-bfad-198183369b75,76.27316,3.14754,,6.8336,,,,2.30005,3.14754,-0.62886,c0dadee9-703e-4f0a-a29d-6ad25cc75f47,2026-05-16,18:00:49.75,2026-05-16T14:00:49.7582592-04:00,2026-05-16T18:00:49.7582592Z,GroundBall,v3,471301,471281,d133f518dc004df295395547d13e9707,"MacDougall, Ryan",836327,Right,DAY_FLY,dfebec54-cb6d-414f-aec1-7f9ff28f4db2,55.71379,-115.33058,11.06975,5.70746,3.66651,-18.4317,-1.85841,2.39372,0.28504,,2.29768,25.62134,,,,,,,,3.15198,-48.07434,,,,,,,,-0.62409,-51.61525,,,,,,,,,,,,,,,,,,,,,,,,,,,,,,High,High,High,Estimated,Estimated,,,
201,2026-05-16,14:01:18.57,3,3,"Cahill, Riley",10097690,Right,DAY_FLY,"Peitz, Travis",10035065,Right,GEO_COL,Undefined,6,Bottom,1,1,1,Curveball,Curveball,StrikeSwinging,Undefined,Undefined,Undefined,0,0,,79.69022,0.703515,-1.88365,2670.828287,3.185608,6:00,5.68896,1.88889,4.82243,-52.79089,-6.95989,-0.46681,1.95644,0.06527,73.29644,-8.776127,-1.965893,0.487249,,,,,,,,,,,,-0.29874,-3.17807,-1.70154,50,5.71303,3.82127,-115.58437,-0.58541,-0.4038,21.7109,-36.46979,GEO_COL,DAY_FLY,TuckerFieldatBarcroftPark,D1,A10,20260516-TuckerFieldatBarcroftPark-1,3d80ad40-5151-11f1-bfad-198183369b75,77.35763,,,6.39378,,,,,,,c0dadee9-703e-4f0a-a29d-6ad25cc75f47,2026-05-16,18:01:18.57,2026-05-16T14:01:18.5748992-04:00,2026-05-16T18:01:18.5748992Z,,v3,471301,471281,d133f518dc004df295395547d13e9707,"MacDougall, Ryan",836327,Right,DAY_FLY,03c81705-658f-4f21-9a81-3116f33f2aa6,55.67772,-116.64597,10.85545,5.69806,1.19786,-18.2349,-1.88887,3.84101,-0.2019,,,,,,,,,,,,,,,,,,,,,,,,,,,,,,,,,,,,,,,,,,,,,,,,,,,High,High,High,,,,,
202,2026-05-16,14:01:59.69,3,4,"Cahill, Riley",10097690,Right,DAY_FLY,"Peitz, Travis",10035065,Right,GEO_COL,Undefined,6,Bottom,1,1,2,Curveball,Curveball,StrikeSwinging,Strikeout,Undefined,Undefined,0,0,,81.39126,0.172767,-2.217483,2636.456573,52.394173,7:45,5.27407,2.54549,5.28706,-49.33133,-5.94209,-9.52095,1.32549,-0.33125,74.64847,-8.760644,-3.907903,0.474092,,,,,,,,,,,,4.10992,-2.6024,-2.33619,50,5.25369,4.96617,-118.06071,-1.43862,5.76408,23.80455,-35.82384,GEO_COL,DAY_FLY,TuckerFieldatBarcroftPark,D1,A10,20260516-TuckerFieldatBarcroftPark-1,56075d00-5151-11f1-bfad-198183369b75,79.50453,,,6.7428,,,,,,,c0dadee9-703e-4f0a-a29d-6ad25cc75f47,2026-05-16,18:01:59.69,2026-05-16T14:01:59.6975616-04:00,2026-05-16T18:01:59.6975616Z,,v3,471301,471281,d133f518dc004df295395547d13e9707,"MacDougall, Ryan",836327,Right,DAY_FLY,3a670382-0086-49c1-b78b-8ad319c49223,55.21274,-119.10711,11.90228,5.28232,0.13613,-17.91192,-2.54893,4.7128,2.88204,,,,,,,,,,,,,,,,,,,,,,,,,,,,,,,,,,,,,,,,,,,,,,,,,,,High,High,High,,,,,
203,2026-05-16,14:02:32.73,4,1,"Cahill, Riley",10097690,Right,DAY_FLY,"Dewey, Christian",10179677,Left,GEO_COL,Undefined,6,Bottom,2,0,0,Curveball,Curveball,InPlay,Undefined,LineDrive,Out,1,0,,79.01617,1.54053,-1.039286,2736.172729,50.354145,7:45,5.64926,1.81192,4.67952,-55.49428,-7.97559,-11.64634,2.48827,-0.14566,71.65379,-8.441729,-3.085182,0.496139,98.04337,7.630943,38.666493,2939.183597,82.745,5.95462,72.4794,150.59892,119.21631,42.823072,1.235476,5.39343,-3.98772,-1.69492,50,5.75544,2.5745,-114.42452,0.96897,7.03726,24.2355,-37.3772,GEO_COL,DAY_FLY,TuckerFieldatBarcroftPark,D1,A10,20260516-TuckerFieldatBarcroftPark-1,69d16f10-5151-11f1-bfad-198183369b75,75.9715,7.58904,,7.36238,,,,2.19117,2.59579,0.00818,c0dadee9-703e-4f0a-a29d-6ad25cc75f47,2026-05-16,18:02:32.73,2026-05-16T14:02:32.7378944-04:00,2026-05-16T18:02:32.7378944Z,LineDrive,v3,471301,471281,d133f518dc004df295395547d13e9707,"MacDougall, Ryan",836327,Right,DAY_FLY,d200ed59-1daa-4e0a-8450-293779e8272f,55.82027,-115.65071,12.11775,5.65858,2.86005,-18.6886,-1.81617,2.21846,3.51863,265.865706,2.19117,111.28157,-23.24304,4.29932,-1.02048,0.23662,-0.05381,0.01023,-0.00108,2.59579,19.09501,-19.2593,2.14341,-0.47199,0.11882,-0.02613,0.00491,-0.00053,0.00818,89.04655,-5.93535,0.98542,-0.24805,0.05564,-0.01281,0.00242,-0.00025,,,,,,,,,,,,,,,,,,,,,,,High,High,High,High,Medium,,,
204,2026-05-16,14:04:56.74,1,1,"Knighton, Henry",1000140101,Right,GEO_COL,"Carpenter, Grayson",1000239420,Right,DAY_FLY,Undefined,7,Top,0,0,0,Fastball,Four-Seam,BallCalled,Undefined,Undefined,Undefined,0,0,,87.53056,-2.322029,-4.418506,1975.243731,214.929806,1:15,5.65536,1.5735,5.29961,-23.41549,14.14032,9.0154,1.51643,-1.8316,80.0071,-6.651731,-2.824728,0.441072,,,,,,,,,,,,-5.72457,8.09469,-1.17792,50,5.42689,9.37461,-126.56313,-5.96072,-9.28552,25.82492,-19.0441,GEO_COL,DAY_FLY,TuckerFieldatBarcroftPark,D1,A10,20260516-TuckerFieldatBarcroftPark-1,bf83c200-5151-11f1-bfad-198183369b75,85.45637,,,7.52345,,,,,,,c0dadee9-703e-4f0a-a29d-6ad25cc75f47,2026-05-16,18:04:56.74,2026-05-16T14:04:56.7464448-04:00,2026-05-16T18:04:56.7464448Z,,v3,471301,471281,d133f518dc004df295395547d13e9707,"Lavey, Robbie",835215,Right,GEO_COL,54762e0a-eb5f-480c-b357-8d60633ef5b6,55.19712,-127.61918,12.91246,5.65472,-5.18196,-9.52205,-1.56903,9.75432,-4.64276,,,,,,,,,,,,,,,,,,,,,,,,,,,,,,,,,,,,,,,,,,,,,,,,,,,High,High,High,,,,,
205,2026-05-16,14:05:15.73,1,2,"Knighton, Henry",1000140101,Right,GEO_COL,"Carpenter, Grayson",1000239420,Right,DAY_FLY,Undefined,7,Top,0,1,0,Fastball,Four-Seam,StrikeCalled,Undefined,Undefined,Undefined,0,0,,87.9859,-1.286296,-3.408453,2024.15094,205.780808,12:45,5.61337,1.58146,5.7402,-22.30978,14.03867,6.22689,2.5542,-1.07707,80.54221,-5.455476,-2.296786,0.433925,,,,,,,,,,,,-4.08705,7.84433,-1.30139,50,5.49256,7.33031,-127.55771,-3.5908,-6.74578,25.80332,-19.22679,GEO_COL,DAY_FLY,TuckerFieldatBarcroftPark,D1,A10,20260516-TuckerFieldatBarcroftPark-1,cad9aca0-5151-11f1-bfad-198183369b75,86.86401,,,7.4437,,,,,,,c0dadee9-703e-4f0a-a29d-6ad25cc75f47,2026-05-16,18:05:15.73,2026-05-16T14:05:15.7336576-04:00,2026-05-16T18:05:15.7336576Z,,v3,471301,471281,d133f518dc004df295395547d13e9707,"Lavey, Robbie",835215,Right,GEO_COL,9e750b4f-cd5a-4c43-b15b-d3882ef85e67,54.75679,-128.51635,12.90166,5.61269,-2.87649,-9.6134,-1.57838,7.58093,-3.37289,,,,,,,,,,,,,,,,,,,,,,,,,,,,,,,,,,,,,,,,,,,,,,,,,,,High,High,High,,,,,
206,2026-05-16,14:05:33.29,1,3,"Knighton, Henry",1000140101,Right,GEO_COL,"Carpenter, Grayson",1000239420,Right,DAY_FLY,Undefined,7,Top,0,1,1,Slider,Curveball,BallCalled,Undefined,Undefined,Undefined,0,0,,77.20028,2.489136,-1.360176,1921.924887,38.97033,7:15,5.23035,1.88335,5.15082,-49.25251,-0.71004,-1.86642,3.47141,0.44709,70.27539,-6.484195,-1.690381,0.501455,,,,,,,,,,,,0.52303,-0.56504,-1.75471,50,5.42558,2.73194,-111.8527,3.15168,0.65891,21.22553,-32.88588,GEO_COL,DAY_FLY,TuckerFieldatBarcroftPark,D1,A10,20260516-TuckerFieldatBarcroftPark-1,d55319f0-5151-11f1-bfad-198183369b75,75.16608,,,6.92489,,,,,,,c0dadee9-703e-4f0a-a29d-6ad25cc75f47,2026-05-16,18:05:33.29,2026-05-16T14:05:33.2915200-04:00,2026-05-16T18:05:33.2915200Z,,v3,471301,471281,d133f518dc004df295395547d13e9707,"Lavey, Robbie",835215,Right,GEO_COL,bacb0b86-ae75-4b24-b25c-37b2696e307d,55.3465,-112.86271,10.61276,5.23838,4.71655,-16.44294,-1.88396,2.70058,0.32946,,,,,,,,,,,,,,,,,,,,,,,,,,,,,,,,,,,,,,,,,,,,,,,,,,,High,High,High,,,,,
207,2026-05-16,14:05:51.00,1,4,"Knighton, Henry",1000140101,Right,GEO_COL,"Carpenter, Grayson",1000239420,Right,DAY_FLY,Undefined,7,Top,0,2,1,Fastball,Sinker,StrikeCalled,Undefined,Undefined,Undefined,0,0,,88.11676,-1.721587,-4.110461,2061.151794,225.986166,1:30,5.6193,1.56879,5.57613,-22.88068,13.53383,12.83961,2.1,-1.20695,80.88098,-5.972108,-1.826849,0.434319,,,,,,,,,,,,-7.55989,7.645,-1.22302,50,5.45585,8.61491,-127.65396,-4.6173,-12.53983,24.98988,-19.49308,GEO_COL,DAY_FLY,TuckerFieldatBarcroftPark,D1,A10,20260516-TuckerFieldatBarcroftPark-1,dfe89ac0-5151-11f1-bfad-198183369b75,86.78516,,,7.23579,,,,,,,c0dadee9-703e-4f0a-a29d-6ad25cc75f47,2026-05-16,18:05:51.00,2026-05-16T14:05:51.0089216-04:00,2026-05-16T18:05:51.0089216Z,,v3,471301,471281,d133f518dc004df295395547d13e9707,"Lavey, Robbie",835215,Right,GEO_COL,a1d11daf-56cf-4c95-a0b3-1b2aa7bc32fd,54.92211,-128.61391,12.49494,5.61884,-3.86849,-9.74654,-1.5632,9.09661,-6.26992,,,,,,,,,,,,,,,,,,,,,,,,,,,,,,,,,,,,,,,,,,,,,,,,,,,High,High,High,,,,,
208,2026-05-16,14:06:09.27,1,5,"Knighton, Henry",1000140101,Right,GEO_COL,"Carpenter, Grayson",1000239420,Right,DAY_FLY,Undefined,7,Top,0,2,2,Sinker,Sinker,InPlay,Undefined,GroundBall,Out,1,0,,88.05721,-0.085286,-2.845609,1993.675263,239.048446,2:00,5.59109,1.51653,5.5944,-26.53596,9.68953,14.36768,3.30003,0.05479,80.96866,-4.993743,-0.284032,0.43319,86.85796,-26.24594,-6.484127,,,,,7.3368,7.3368,-6.071333,0.056564,-8.055,5.25087,-1.28214,50,5.56648,5.74653,-127.86106,-1.11557,-13.42682,24.65729,-23.42144,GEO_COL,DAY_FLY,TuckerFieldatBarcroftPark,D1,A10,20260516-TuckerFieldatBarcroftPark-1,eabfdf80-5151-11f1-bfad-198183369b75,87.01129,3.19599,,7.08856,,,,0.85513,3.19599,-0.04399,c0dadee9-703e-4f0a-a29d-6ad25cc75f47,2026-05-16,18:06:09.27,2026-05-16T14:06:09.2793856-04:00,2026-05-16T18:06:09.2793856Z,GroundBall,v3,471301,471281,d133f518dc004df295395547d13e9707,"Lavey, Robbie",835215,Right,GEO_COL,a4651e86-0698-4643-b3d4-c6f965d4b0e9,54.90581,-128.80365,12.32865,5.59201,-0.22023,-11.71072,-1.51162,6.2598,-6.71341,180,0.85208,113.86245,,,,,,,,3.1975,-56.50215,,,,,,,,-0.04365,-12.94104,,,,,,,,,,,,,,,,,,,,,,,,,,,,,,High,High,High,High,High,,,
209,2026-05-16,14:06:43.08,2,1,"Knighton, Henry",1000140101,Right,GEO_COL,"MacDougall, Danny",1000119540,Right,DAY_FLY,Undefined,7,Top,1,0,0,Slider,Slider,BallCalled,Undefined,Undefined,Undefined,0,0,,78.27185,1.568535,-0.733253,1995.10394,137.407767,10:30,5.1713,2.00239,5.08611,-41.78046,5.00319,-3.31914,3.16849,1.03464,71.98219,-6.0392,-1.320083,0.492287,,,,,,,,,,,,1.45461,2.50626,-1.9303,50,5.28692,1.58941,-113.60063,1.65742,1.91118,19.75095,-28.88113,GEO_COL,DAY_FLY,TuckerFieldatBarcroftPark,D1,A10,20260516-TuckerFieldatBarcroftPark-1,fee99dc0-5151-11f1-bfad-198183369b75,76.56595,,,6.28966,,,,,,,c0dadee9-703e-4f0a-a29d-6ad25cc75f47,2026-05-16,18:06:43.08,2026-05-16T14:06:43.0836736-04:00,2026-05-16T18:06:43.0836736Z,,v3,471301,471281,d133f518dc004df295395547d13e9707,"Lavey, Robbie",835215,Right,GEO_COL,12d2df63-260a-40c9-a9f0-2ffc6a828480,55.4121,-114.53773,9.87548,5.17578,3.02771,-14.44056,-2.00355,1.49873,0.95559,,,,,,,,,,,,,,,,,,,,,,,,,,,,,,,,,,,,,,,,,,,,,,,,,,,High,High,High,,,,,
210,2026-05-16,14:06:57.33,2,2,"Knighton, Henry",1000140101,Right,GEO_COL,"MacDougall, Danny",1000119540,Right,DAY_FLY,Undefined,7,Top,1,1,0,Fastball,Sinker,FoulBallNotFieldable,Undefined,Undefined,Undefined,0,0,,88.76089,-1.980891,-3.631693,2008.258945,229.380706,1:45,5.52019,1.78033,5.29622,-22.58816,14.02989,14.89269,1.77356,-0.39288,80.65935,-6.180509,-0.99364,0.435531,87.44813,29.898073,35.60414,4220.113489,81.46082,52.09183,73.91948,270.44953,148.18836,56.549975,4.174839,-8.56831,7.98028,-1.46113,50,5.32358,7.48671,-128.46356,-5.24229,-14.23133,28.12352,-18.91938,GEO_COL,DAY_FLY,TuckerFieldatBarcroftPark,D1,A10,20260516-TuckerFieldatBarcroftPark-1,0765db80-5152-11f1-bfad-198183369b75,86.54363,60.57773,,8.10154,,,,0.39779,1.67073,0.35175,c0dadee9-703e-4f0a-a29d-6ad25cc75f47,2026-05-16,18:06:57.33,2026-05-16T14:06:57.3321216-04:00,2026-05-16T18:06:57.3321216Z,FlyBall,v3,471301,471281,d133f518dc004df295395547d13e9707,"Lavey, Robbie",835215,Right,GEO_COL,83110950-5d78-4079-9063-3acf6b425d0f,55.20214,-129.59742,14.06176,5.51956,-4.47952,-9.45969,-1.77454,8.06048,-7.11567,228.622633,0.39707,90.41636,-23.43228,4.91125,-1.08986,0.23483,-0.0477,0.0065,-0.00039,1.67138,63.91483,-19.93282,1.79774,-0.26942,0.01189,0.00861,-0.00181,0.0001,0.35138,64.74706,-2.46822,0.04499,-0.23028,0.16093,-0.05055,0.00784,-0.00049,,,,,,,,,,,,,,,,,,,,,,,High,High,High,High,Low,,,
211,2026-05-16,14:07:21.59,2,3,"Knighton, Henry",1000140101,Right,GEO_COL,"MacDougall, Danny",1000119540,Right,DAY_FLY,Undefined,7,Top,1,1,1,Slider,Slider,FoulBallNotFieldable,Undefined,Undefined,Undefined,0,0,,79.1319,-0.638284,-1.619511,2167.859753,130.28611,10:15,5.21952,1.94156,4.83991,-38.99514,8.48248,-7.85784,1.36532,-0.24708,71.16973,-7.763513,-3.002911,0.495925,80.96978,1.702742,-54.804021,5309.880022,,,,31.98899,31.27303,-50.464575,0.270146,3.32784,4.89028,-1.77415,50,5.12369,3.56848,-114.44433,-2.64935,4.31169,25.66506,-25.838,GEO_COL,DAY_FLY,TuckerFieldatBarcroftPark,D1,A10,20260516-TuckerFieldatBarcroftPark-1,15ec93b0-5152-11f1-bfad-198183369b75,76.00435,1.78967,,7.96217,,,,2.53783,1.70944,-0.04493,c0dadee9-703e-4f0a-a29d-6ad25cc75f47,2026-05-16,18:07:21.59,2026-05-16T14:07:21.5959040-04:00,2026-05-16T18:07:21.5959040Z,GroundBall,v3,471301,471281,d133f518dc004df295395547d13e9707,"Lavey, Robbie",835215,Right,GEO_COL,1725c45c-7fc3-40b6-a6ab-18b2cdfe804d,55.6555,-115.70568,12.83253,5.22269,-1.37952,-12.919,-1.94432,3.35658,2.15584,,2.53706,68.45628,-9.13722,,,,,,,1.71807,3.10165,-35.138,,,,,,,-0.04686,-96.90828,21.33855,,,,,,,,,,,,,,,,,,,,,,,,,,,,,High,High,High,Medium,High,,,
212,2026-05-16,14:07:44.29,2,4,"Knighton, Henry",1000140101,Right,GEO_COL,"MacDougall, Danny",1000119540,Right,DAY_FLY,Undefined,7,Top,1,1,2,Slider,Curveball,InPlay,Undefined,FlyBall,Out,1,0,,78.39433,2.404974,-0.718294,1853.179128,77.651138,8:30,5.14855,1.78018,4.95297,-49.61251,-1.04158,-13.66997,3.28806,-0.0377,69.75666,-6.663834,-3.128361,0.501602,97.99266,51.220455,-22.608154,,,,,,204.54737,,,6.49524,-0.88591,-1.69853,50,5.34127,1.99633,-113.28079,2.98495,8.17659,26.70906,-33.28926,GEO_COL,DAY_FLY,TuckerFieldatBarcroftPark,D1,A10,20260516-TuckerFieldatBarcroftPark-1,2369a410-5152-11f1-bfad-198183369b75,75.14405,122.69915,,8.63768,,,,1.62642,3.49907,0.00713,c0dadee9-703e-4f0a-a29d-6ad25cc75f47,2026-05-16,18:07:44.29,2026-05-16T14:07:44.2933760-04:00,2026-05-16T18:07:44.2933760Z,,v3,471301,471281,d133f518dc004df295395547d13e9707,"Lavey, Robbie",835215,Right,GEO_COL,48c90bce-6fa1-4890-a0d5-97589f0b351b,55.54276,-114.58019,13.35453,5.15666,4.60449,-16.64463,-1.78598,1.59853,4.08829,172.950372,1.62642,83.09963,-31.82144,10.44357,-2.88424,0.75005,-0.17606,0.03132,-0.00294,3.49907,112.04045,-25.00797,1.13487,0.48833,-0.29902,0.09943,-0.0213,0.00222,0.00713,-34.60492,9.04864,-2.49463,0.58897,-0.13204,0.02721,-0.00437,0.00038,,,,,,,,,,,,,,,,,,,,,,,High,High,High,Medium,Undefined,,,
213,2026-05-16,14:08:22.41,3,1,"Knighton, Henry",1000140101,Right,GEO_COL,"Smith, Michael",822066,Right,DAY_FLY,Undefined,7,Top,2,0,0,Slider,Slider,HitByPitch,Undefined,Undefined,Undefined,0,0,,78.25211,2.360103,0.672963,1671.725935,46.521843,7:30,5.23661,1.88392,5.05199,-47.77636,0.69705,-1.30681,3.48256,2.40974,69.65701,-6.402279,0.442073,0.501099,,,,,,,,,,,,0.89437,-0.00539,-1.94688,50,5.42373,-1.27425,-113.10563,2.98958,1.12478,26.23355,-32.18081,GEO_COL,DAY_FLY,TuckerFieldatBarcroftPark,D1,A10,20260516-TuckerFieldatBarcroftPark-1,3a2de350-5152-11f1-bfad-198183369b75,75.21958,,,8.59509,,,,,,,c0dadee9-703e-4f0a-a29d-6ad25cc75f47,2026-05-16,18:08:22.41,2026-05-16T14:08:22.4136704-04:00,2026-05-16T18:08:22.4136704Z,,v3,471301,471281,d133f518dc004df295395547d13e9707,"Lavey, Robbie",835215,Right,GEO_COL,e5020932-6955-4343-9fc5-667552d5c228,55.44326,-114.36116,13.11678,5.24379,4.52974,-16.09041,-1.8846,-1.32808,0.56239,,,,,,,,,,,,,,,,,,,,,,,,,,,,,,,,,,,,,,,,,,,,,,,,,,,High,High,High,,,,,
214,2026-05-16,14:09:24.28,4,1,"Knighton, Henry",1000140101,Right,GEO_COL,"Wouters, Dyrenson",821727,Right,DAY_FLY,Undefined,7,Top,2,0,0,ChangeUp,Changeup,BallCalled,Undefined,Undefined,Undefined,0,0,,84.27782,0.769984,-1.938401,1861.524972,221.453814,1:30,5.65121,1.64039,5.51847,-28.7071,10.47776,8.36229,3.97933,0.52417,78.34582,-4.510593,-0.448985,0.450537,,,,,,,,,,,,-4.65166,5.45237,-1.47729,50,5.69894,3.8014,-122.53939,0.66859,-7.21141,19.769,-23.7213,GEO_COL,DAY_FLY,TuckerFieldatBarcroftPark,D1,A10,20260516-TuckerFieldatBarcroftPark-1,5f05a690-5152-11f1-bfad-198183369b75,83.66112,,,5.932,,,,,,,c0dadee9-703e-4f0a-a29d-6ad25cc75f47,2026-05-16,18:09:24.28,2026-05-16T14:09:24.2819584-04:00,2026-05-16T18:09:24.2819584Z,,v3,471301,471281,d133f518dc004df295395547d13e9707,"Lavey, Robbie",835215,Right,GEO_COL,22e5bc75-798d-4978-9bf1-b34e79b9893e,54.98106,-123.34036,9.8845,5.65238,1.62969,-11.86065,-1.63722,4.09358,-3.6057,,,,,,,,,,,,,,,,,,,,,,,,,,,,,,,,,,,,,,,,,,,,,,,,,,,High,High,High,,,,,
215,2026-05-16,14:10:02.33,4,2,"Knighton, Henry",1000140101,Right,GEO_COL,"Wouters, Dyrenson",821727,Right,DAY_FLY,Undefined,7,Top,2,1,0,ChangeUp,Changeup,BallCalled,Undefined,Undefined,Undefined,0,0,,84.23995,1.83681,-2.150058,1901.165535,252.57817,2:30,5.45622,1.91882,5.34696,-33.72584,6.28197,16.23367,4.37044,1.25395,77.26846,-4.353885,0.731458,0.455244,,,,,,,,,,,,-8.6526,3.05461,-1.73694,50,5.59779,3.88794,-122.24544,2.71575,-13.17503,22.69121,-27.5229,GEO_COL,DAY_FLY,TuckerFieldatBarcroftPark,D1,A10,20260516-TuckerFieldatBarcroftPark-1,75baf1b0-5152-11f1-bfad-198183369b75,82.7962,,,6.97149,,,,,,,c0dadee9-703e-4f0a-a29d-6ad25cc75f47,2026-05-16,18:10:02.33,2026-05-16T14:10:02.3383040-04:00,2026-05-16T18:10:02.3383040Z,,v3,471301,471281,d133f518dc004df295395547d13e9707,"Lavey, Robbie",835215,Right,GEO_COL,767bfc83-1f97-4c72-82e5-d03afff60c8c,55.15182,-123.19801,11.34561,5.45953,3.87115,-13.76145,-1.91177,4.44102,-6.58751,,,,,,,,,,,,,,,,,,,,,,,,,,,,,,,,,,,,,,,,,,,,,,,,,,,High,High,High,,,,,
216,2026-05-16,14:10:25.50,4,3,"Knighton, Henry",1000140101,Right,GEO_COL,"Wouters, Dyrenson",821727,Right,DAY_FLY,Undefined,7,Top,2,2,0,Slider,Curveball,StrikeCalled,Undefined,Undefined,Undefined,0,0,,76.43733,1.95154,-1.553099,2071.042729,65.333023,8:15,5.39581,1.93803,5.0283,-51.96534,-2.6111,-8.94351,2.90813,-0.27305,70.29521,-7.447594,-3.132004,0.505631,,,,,,,,,,,,3.9939,-1.33949,-1.78204,50,5.54078,3.36741,-110.87495,1.95251,4.98008,19.50961,-33.8443,GEO_COL,DAY_FLY,TuckerFieldatBarcroftPark,D1,A10,20260516-TuckerFieldatBarcroftPark-1,8394c810-5152-11f1-bfad-198183369b75,74.54535,,,6.14212,,,,,,,c0dadee9-703e-4f0a-a29d-6ad25cc75f47,2026-05-16,18:10:25.50,2026-05-16T14:10:25.5045120-04:00,2026-05-16T18:10:25.5045120Z,,v3,471301,471281,d133f518dc004df295395547d13e9707,"Lavey, Robbie",835215,Right,GEO_COL,e2512123-2212-4c2e-8e99-9c42390cf1a5,55.47122,-111.83352,9.75481,5.40399,3.6154,-16.92215,-1.94148,3.12272,2.49004,,,,,,,,,,,,,,,,,,,,,,,,,,,,,,,,,,,,,,,,,,,,,,,,,,,High,High,High,,,,,
217,2026-05-16,14:10:59.61,4,4,"Knighton, Henry",1000140101,Right,GEO_COL,"Wouters, Dyrenson",821727,Right,DAY_FLY,Undefined,7,Top,2,2,1,Slider,Curveball,StrikeCalled,Undefined,Undefined,Undefined,0,0,,76.2052,2.321415,-0.027931,1866.940498,70.722418,8:15,5.24811,1.94206,4.84257,-53.23294,-3.39933,-13.92442,3.01113,0.75525,70.21635,-7.271274,-2.479737,0.50808,,,,,,,,,,,,6.82784,-1.80965,-1.92682,50,5.43198,0.62474,-110.57817,2.56752,8.49477,18.82759,-34.42552,GEO_COL,DAY_FLY,TuckerFieldatBarcroftPark,D1,A10,20260516-TuckerFieldatBarcroftPark-1,97e7e040-5152-11f1-bfad-198183369b75,74.18596,,,5.98885,,,,,,,c0dadee9-703e-4f0a-a29d-6ad25cc75f47,2026-05-16,18:10:59.61,2026-05-16T14:10:59.6162560-04:00,2026-05-16T18:10:59.6162560Z,,v3,471301,471281,d133f518dc004df295395547d13e9707,"Lavey, Robbie",835215,Right,GEO_COL,24486864-31c4-4ac5-828d-e6ad7b0cf510,55.65811,-111.53739,9.41379,5.25649,4.32141,-17.21276,-1.94762,0.19195,4.24739,,,,,,,,,,,,,,,,,,,,,,,,,,,,,,,,,,,,,,,,,,,,,,,,,,,High,High,High,,,,,
218,2026-05-16,14:11:20.61,4,5,"Knighton, Henry",1000140101,Right,GEO_COL,"Wouters, Dyrenson",821727,Right,DAY_FLY,Undefined,7,Top,2,2,2,Sinker,Sinker,StrikeCalled,Strikeout,Undefined,Undefined,0,0,,87.65895,-0.727286,-3.935394,1896.152155,247.336017,2:15,5.42722,1.72501,5.5746,-30.68482,6.20134,12.05835,2.18922,-0.95163,80.26831,-6.374295,-1.789273,0.437122,,,,,,,,,,,,-7.13461,3.71374,-1.39361,50,5.34454,8.20839,-127.01835,-2.71877,-11.67334,25.65078,-26.09782,GEO_COL,DAY_FLY,TuckerFieldatBarcroftPark,D1,A10,20260516-TuckerFieldatBarcroftPark-1,a45c3330-5152-11f1-bfad-198183369b75,86.22855,,,7.39064,,,,,,,c0dadee9-703e-4f0a-a29d-6ad25cc75f47,2026-05-16,18:11:20.61,2026-05-16T14:11:20.6112768-04:00,2026-05-16T18:11:20.6112768Z,,v3,471301,471281,d133f518dc004df295395547d13e9707,"Lavey, Robbie",835215,Right,GEO_COL,a5cde981-f206-43e6-81d2-8bcdf1fdca6b,54.92303,-128.00868,12.82539,5.43005,-1.71118,-13.04891,-1.71922,8.65908,-5.83667,,,,,,,,,,,,,,,,,,,,,,,,,,,,,,,,,,,,,,,,,,,,,,,,,,,High,High,High,,,,,
219,2026-05-16,14:13:45.99,1,1,"Cahill, Riley",10097690,Right,DAY_FLY,"Bravette, Michael",10278415,Right,GEO_COL,Undefined,7,Bottom,0,0,0,Curveball,Curveball,BallCalled,Undefined,Undefined,Undefined,0,0,,77.9162,-0.81196,-2.841943,2629.70943,24.404321,6:45,5.68054,1.69181,4.80142,-53.46495,-5.85965,-3.2626,0.4548,-1.27504,72.68945,-10.337424,-3.416484,0.496591,,,,,,,,,,,,0.90197,-2.3713,-1.4056,50,5.55242,5.74437,-113.0661,-3.56494,1.17744,18.98706,-35.26962,GEO_COL,DAY_FLY,TuckerFieldatBarcroftPark,D1,A10,20260516-TuckerFieldatBarcroftPark-1,fb17b8c0-5152-11f1-bfad-198183369b75,75.90234,,,5.22675,,,,,,,c0dadee9-703e-4f0a-a29d-6ad25cc75f47,2026-05-16,18:13:45.99,2026-05-16T14:13:45.9972608-04:00,2026-05-16T18:13:45.9972608Z,,v3,471301,471281,d133f518dc004df295395547d13e9707,"MacDougall, Ryan",836327,Right,DAY_FLY,445a6db7-6041-4978-b54b-7a7d68c82ef8,55.70101,-114.01944,9.49353,5.68696,-1.79404,-17.63481,-1.69254,5.68525,0.58872,,,,,,,,,,,,,,,,,,,,,,,,,,,,,,,,,,,,,,,,,,,,,,,,,,,High,High,High,,,,,
220,2026-05-16,14:14:05.53,1,2,"Cahill, Riley",10097690,Right,DAY_FLY,"Bravette, Michael",10278415,Right,GEO_COL,Undefined,7,Bottom,0,1,0,Fastball,Four-Seam,InPlay,Undefined,GroundBall,Out,1,0,,88.51186,-1.495695,-2.452282,2360.471011,205.684731,12:45,5.52518,1.90579,5.99732,-19.2621,16.25899,7.27965,2.53246,0.23866,80.98779,-5.138126,-1.144482,0.428958,93.14716,-23.942987,2.250017,,,,,7.15166,7.15166,0.42026,0.045051,-4.44772,9.12902,-1.71678,50,5.39678,5.20855,-128.49672,-3.93408,-7.43915,26.5316,-16.905,GEO_COL,DAY_FLY,TuckerFieldatBarcroftPark,D1,A10,20260516-TuckerFieldatBarcroftPark-1,06b13c10-5153-11f1-bfad-198183369b75,87.86981,2.50269,,7.52408,,,,1.51958,2.50269,-0.16882,c0dadee9-703e-4f0a-a29d-6ad25cc75f47,2026-05-16,18:14:05.53,2026-05-16T14:14:05.5360000-04:00,2026-05-16T18:14:05.5360000Z,GroundBall,v3,471301,471281,d133f518dc004df295395547d13e9707,"MacDougall, Ryan",836327,Right,DAY_FLY,4992d676-4a29-4496-a9bd-facf2d9bc419,54.50167,-129.42287,13.2658,5.52381,-3.34397,-8.4525,-1.90313,5.46824,-3.71958,180,1.51778,125.01186,,,,,,,,2.50349,-55.55271,,,,,,,,-0.16889,4.91177,,,,,,,,,,,,,,,,,,,,,,,,,,,,,,High,High,High,High,High,,,
221,2026-05-16,14:14:42.61,2,1,"Cahill, Riley",10097690,Right,DAY_FLY,"Kent, Jack",10959762,Right,GEO_COL,Undefined,7,Bottom,1,0,0,Fastball,Four-Seam,BallCalled,Undefined,Undefined,Undefined,0,0,,88.61228,-4.129632,-4.169051,2409.948927,191.714727,12:30,5.55074,1.88215,5.85254,-21.01442,14.5106,2.79768,-0.05441,-1.76529,82.26726,-8.011268,-3.669197,0.428982,,,,,,,,,,,,-2.45626,8.76721,-1.54462,50,5.20148,9.2353,-128.2487,-9.96039,-4.14204,23.41952,-17.3898,GEO_COL,DAY_FLY,TuckerFieldatBarcroftPark,D1,A10,20260516-TuckerFieldatBarcroftPark-1,1cc7fd40-5153-11f1-bfad-198183369b75,87.86492,,,6.34501,,,,,,,c0dadee9-703e-4f0a-a29d-6ad25cc75f47,2026-05-16,18:14:42.61,2026-05-16T14:14:42.6148864-04:00,2026-05-16T18:14:42.6148864Z,,v3,471301,471281,d133f518dc004df295395547d13e9707,"MacDougall, Ryan",836327,Right,DAY_FLY,b4e1634a-88f6-4f2a-846f-0aa99ec159dd,54.64771,-129.09463,11.70976,5.54991,-9.33226,-8.6949,-1.88091,9.38491,-2.07102,,,,,,,,,,,,,,,,,,,,,,,,,,,,,,,,,,,,,,,,,,,,,,,,,,,High,High,High,,,,,
222,2026-05-16,14:15:02.45,2,2,"Cahill, Riley",10097690,Right,DAY_FLY,"Kent, Jack",10959762,Right,GEO_COL,Undefined,7,Bottom,1,1,0,Curveball,Curveball,FoulBallNotFieldable,Undefined,Undefined,Undefined,0,0,,78.33783,0.890004,-1.242488,2563.95632,32.251549,7:00,5.76158,1.82778,4.76002,-54.1481,-6.60477,-5.10465,2.09343,0.22405,72.03872,-8.827431,-2.141058,0.496268,68.54908,-16.738745,-46.823233,,,,,11.35755,11.35755,-34.177873,0.083888,2.1863,-3.19528,-1.69831,50,5.80245,2.67466,-113.65477,-0.23849,2.85361,21.24567,-36.34463,GEO_COL,DAY_FLY,TuckerFieldatBarcroftPark,D1,A10,20260516-TuckerFieldatBarcroftPark-1,289f9b00-5153-11f1-bfad-198183369b75,75.95178,2.43771,,6.29911,,,,3.84994,2.43771,-0.46943,c0dadee9-703e-4f0a-a29d-6ad25cc75f47,2026-05-16,18:15:02.45,2026-05-16T14:15:02.4587776-04:00,2026-05-16T18:15:02.4587776Z,GroundBall,v3,471301,471281,d133f518dc004df295395547d13e9707,"MacDougall, Ryan",836327,Right,DAY_FLY,009e02d5-b7ed-4099-9261-0c51d99a0d07,55.74164,-114.72305,10.62283,5.76849,1.58899,-18.17232,-1.82919,2.53118,1.4268,180,3.84678,66.11338,,,,,,,,2.4391,-29.05906,,,,,,,,-0.46606,-70.46083,,,,,,,,,,,,,,,,,,,,,,,,,,,,,,High,High,High,Low,Low,,,
223,2026-05-16,14:15:37.43,2,3,"Cahill, Riley",10097690,Right,DAY_FLY,"Kent, Jack",10959762,Right,GEO_COL,Undefined,7,Bottom,1,1,1,Slider,Slider,StrikeSwinging,Undefined,Undefined,Undefined,0,0,,80.8479,-1.342164,-3.036101,2620.389474,113.526839,9:45,5.28901,2.39337,5.04044,-39.39506,4.95418,-8.14028,0.73797,-1.15173,74.32541,-8.46687,-4.472087,0.479308,,,,,,,,,,,,3.19654,3.24331,-2.09659,50,5.12935,6.55012,-117.1155,-4.15991,4.42781,22.66941,-27.68147,GEO_COL,DAY_FLY,TuckerFieldatBarcroftPark,D1,A10,20260516-TuckerFieldatBarcroftPark-1,3d6f5d40-5153-11f1-bfad-198183369b75,78.63931,,,6.52249,,,,,,,c0dadee9-703e-4f0a-a29d-6ad25cc75f47,2026-05-16,18:15:37.43,2026-05-16T14:15:37.4317056-04:00,2026-05-16T18:15:37.4317056Z,,v3,471301,471281,d133f518dc004df295395547d13e9707,"MacDougall, Ryan",836327,Right,DAY_FLY,95afde2c-4b1b-4edd-b2bf-9f3b00284bb2,55.45829,-118.1673,11.33471,5.29256,-2.87556,-13.84074,-2.39573,6.34468,2.21391,,,,,,,,,,,,,,,,,,,,,,,,,,,,,,,,,,,,,,,,,,,,,,,,,,,High,High,High,,,,,
224,2026-05-16,14:16:07.92,2,4,"Cahill, Riley",10097690,Right,DAY_FLY,"Kent, Jack",10959762,Right,GEO_COL,Undefined,7,Bottom,1,1,2,Slider,Slider,BallCalled,Undefined,Undefined,Undefined,0,0,,82.15341,-0.182985,-2.826561,2673.583328,106.306424,9:30,5.20636,2.54417,5.04392,-38.29833,4.32555,-10.48886,1.84202,-0.99829,75.82531,-7.115942,-4.675906,0.469892,61.44495,69.502659,127.636858,5085.070924,,,,,13.55947,,,4.50973,2.53173,-2.26554,50,5.15816,6.32015,-119.16643,-1.77545,6.50999,22.06811,-28.51941,GEO_COL,DAY_FLY,TuckerFieldatBarcroftPark,D1,A10,20260516-TuckerFieldatBarcroftPark-1,4fb03740-5153-11f1-bfad-198183369b75,80.21512,34.93687,,6.3281,,,,2.17253,1.968,0.92089,c0dadee9-703e-4f0a-a29d-6ad25cc75f47,2026-05-16,18:16:07.92,2026-05-16T14:16:07.9254016-04:00,2026-05-16T18:16:07.9254016Z,,v3,471301,471281,d133f518dc004df295395547d13e9707,"MacDougall, Ryan",836327,Right,DAY_FLY,a18e21d9-d637-4ee0-a57a-f482f1521e31,55.4565,-120.17266,11.03406,5.20947,-0.47507,-14.25971,-2.54695,6.02331,3.25499,339.646819,2.18659,-19.68935,-5.19942,,,,,,,1.98261,83.98444,-25.59409,,,,,,,0.92931,24.74091,-5.52553,,,,,,,,,,,,,,,,,,,,,,,,,,,,,High,High,High,High,Undefined,,,
225,2026-05-16,14:16:49.14,2,5,"Cahill, Riley",10097690,Right,DAY_FLY,"Kent, Jack",10959762,Right,GEO_COL,Undefined,7,Bottom,1,2,2,Slider,Slider,BallCalled,Undefined,Undefined,Undefined,0,0,,81.85589,-1.710551,-3.450741,2530.256839,92.265311,9:00,5.26507,2.52423,4.79229,-42.19349,1.53425,-3.43929,0.12449,-1.03649,75.29727,-9.278518,-4.054911,0.475937,,,,,,,,,,,,0.7187,1.6035,-2.17648,50,5.05727,7.29121,-118.47387,-5.13984,1.01842,23.26838,-29.90186,GEO_COL,DAY_FLY,TuckerFieldatBarcroftPark,D1,A10,20260516-TuckerFieldatBarcroftPark-1,682e0d60-5153-11f1-bfad-198183369b75,79.19622,,,6.55861,,,,,,,c0dadee9-703e-4f0a-a29d-6ad25cc75f47,2026-05-16,18:16:49.14,2026-05-16T14:16:49.1462144-04:00,2026-05-16T18:16:49.1462144Z,,v3,471301,471281,d133f518dc004df295395547d13e9707,"MacDougall, Ryan",836327,Right,DAY_FLY,449a841d-4fb9-4c83-9d2d-11d23372eab1,55.70725,-119.58953,11.63419,5.26934,-3.70613,-14.95093,-2.5249,7.24238,0.50921,,,,,,,,,,,,,,,,,,,,,,,,,,,,,,,,,,,,,,,,,,,,,,,,,,,High,High,High,,,,,
226,2026-05-16,14:17:10.89,2,6,"Cahill, Riley",10097690,Right,DAY_FLY,"Kent, Jack",10959762,Right,GEO_COL,Undefined,7,Bottom,1,3,2,Curveball,Curveball,StrikeCalled,Strikeout,Undefined,Undefined,0,0,,78.9991,0.27879,-2.546598,2635.820968,46.33346,7:30,5.77103,1.78827,4.71337,-53.00873,-6.12685,-7.93626,1.61849,-1.29151,72.80945,-9.203059,-3.940548,0.492804,,,,,,,,,,,,3.17599,-2.64331,-1.52316,50,5.75165,5.43162,-114.51802,-1.45518,4.2124,21.39235,-35.67991,GEO_COL,DAY_FLY,TuckerFieldatBarcroftPark,D1,A10,20260516-TuckerFieldatBarcroftPark-1,75399740-5153-11f1-bfad-198183369b75,76.48572,,,6.18965,,,,,,,c0dadee9-703e-4f0a-a29d-6ad25cc75f47,2026-05-16,18:17:10.89,2026-05-16T14:17:10.8970000-04:00,2026-05-16T18:17:10.8970000Z,,v3,471301,471281,d133f518dc004df295395547d13e9707,"MacDougall, Ryan",836327,Right,DAY_FLY,e8815fe9-66a7-42b5-87ec-2f6663058518,55.78694,-115.59399,10.69617,5.77971,0.33941,-17.83996,-1.79103,5.21975,2.1062,,,,,,,,,,,,,,,,,,,,,,,,,,,,,67.1935,,,0.99856,,,,-0.97759,6.16454,4.34373,71.41268,9.59939,53.37607,-0.96184,76.46992,-4.0182,6.17171,15.60136,-12.19794,4.42326,58.75332,-9.84507,High,High,High,,,High,Medium,Medium
227,2026-05-16,14:17:47.23,3,1,"Cahill, Riley",10097690,Right,DAY_FLY,"Marmo, Greg",813688,Right,GEO_COL,Undefined,7,Bottom,2,0,0,Curveball,Curveball,BallCalled,Undefined,Undefined,Undefined,0,0,,79.53212,-1.932066,-2.6627,2736.737425,47.778967,7:30,5.82757,1.78443,4.91287,-49.28479,-3.92445,-5.65914,-0.10905,-1.20673,74.57074,-10.702602,-3.661781,0.484741,,,,,,,,,,,,2.19102,-1.20693,-1.51926,50,5.59671,5.59582,-115.43713,-5.70595,2.99294,19.00875,-33.8227,GEO_COL,DAY_FLY,TuckerFieldatBarcroftPark,D1,A10,20260516-TuckerFieldatBarcroftPark-1,8ac8d8f0-5153-11f1-bfad-198183369b75,77.75793,,,4.96138,,,,,,,c0dadee9-703e-4f0a-a29d-6ad25cc75f47,2026-05-16,18:17:47.23,2026-05-16T14:17:47.2302592-04:00,2026-05-16T18:17:47.2302592Z,,v3,471301,471281,d133f518dc004df295395547d13e9707,"MacDougall, Ryan",836327,Right,DAY_FLY,4ccc8477-dbd2-4962-b31d-8572321b5211,55.58988,-116.35396,9.50437,5.83258,-4.07461,-16.91135,-1.78568,5.45146,1.49647,,,,,,,,,,,,,,,,,,,,,,,,,,,,,,,,,,,,,,,,,,,,,,,,,,,High,High,High,,,,,
228,2026-05-16,14:18:08.16,3,2,"Cahill, Riley",10097690,Right,DAY_FLY,"Marmo, Greg",813688,Right,GEO_COL,Undefined,7,Bottom,2,1,0,Curveball,Curveball,BallCalled,Undefined,Undefined,Undefined,0,0,,78.76316,-0.865872,-2.747552,2673.634603,8.55224,6:15,5.81929,1.80018,4.42146,-59.39558,-11.71772,-1.98106,0.04249,-0.98847,72.98961,-11.364168,-3.094544,0.49697,,,,,,,,,,,,0.1976,-5.14973,-1.50609,50,5.66804,5.56238,-114.14635,-4.04873,0.26033,21.28026,-38.95907,GEO_COL,DAY_FLY,TuckerFieldatBarcroftPark,D1,A10,20260516-TuckerFieldatBarcroftPark-1,97574390-5153-11f1-bfad-198183369b75,75.84454,,,5.77354,,,,,,,c0dadee9-703e-4f0a-a29d-6ad25cc75f47,2026-05-16,18:18:08.16,2026-05-16T14:18:08.1601536-04:00,2026-05-16T18:18:08.1601536Z,,v3,471301,471281,d133f518dc004df295395547d13e9707,"MacDougall, Ryan",836327,Right,DAY_FLY,f5e15933-c61e-4b9b-82b7-a669725964aa,56.08126,-115.2745,10.64013,5.82793,-1.98335,-19.47954,-1.8006,5.54858,0.13017,,,,,,,,,,,,,,,,,,,,,,,,,,,,,,,,,,,,,,,,,,,,,,,,,,,High,High,High,,,,,
229,2026-05-16,14:18:29.86,3,3,"Cahill, Riley",10097690,Right,DAY_FLY,"Marmo, Greg",813688,Right,GEO_COL,Undefined,7,Bottom,2,2,0,Fastball,Four-Seam,BallCalled,Undefined,Undefined,Undefined,0,0,,90.04109,-3.304935,-2.810904,2437.458441,184.222385,12:15,5.59925,1.91891,5.90968,-17.42749,16.86107,1.17004,1.07233,-0.59467,83.15574,-6.572306,-2.601195,0.42145,,,,,,,,,,,,-1.31083,9.8067,-1.69389,50,5.32348,6.36239,-130.57626,-8.08272,-2.28362,25.16656,-15.08964,GEO_COL,DAY_FLY,TuckerFieldatBarcroftPark,D1,A10,20260516-TuckerFieldatBarcroftPark-1,a44dbed0-5153-11f1-bfad-198183369b75,89.43516,,,6.88535,,,,,,,c0dadee9-703e-4f0a-a29d-6ad25cc75f47,2026-05-16,18:18:29.86,2026-05-16T14:18:29.8659840-04:00,2026-05-16T18:18:29.8659840Z,,v3,471301,471281,d133f518dc004df295395547d13e9707,"MacDougall, Ryan",836327,Right,DAY_FLY,ee9ed181-f76c-4316-a13e-a60efa7e3177,54.58933,-131.4578,12.58328,5.59735,-7.55416,-7.54482,-1.91816,6.44238,-1.14181,,,,,,,,,,,,,,,,,,,,,,,,,,,,,,,,,,,,,,,,,,,,,,,,,,,High,High,High,,,,,
230,2026-05-16,14:18:52.61,3,4,"Cahill, Riley",10097690,Right,DAY_FLY,"Marmo, Greg",813688,Right,GEO_COL,Undefined,7,Bottom,2,3,0,Slider,Slider,BallCalled,Walk,Undefined,Undefined,0,0,,81.82771,-1.196052,-2.938941,2667.527827,80.239834,8:45,5.34139,2.50216,4.94265,-43.64573,-0.52961,-10.35241,0.57228,-1.1404,75.90071,-9.020895,-4.763157,0.472597,,,,,,,,,,,,4.38307,0.39618,-2.20748,50,5.18869,6.52823,-118.66384,-4.11636,6.27972,21.68478,-31.60644,GEO_COL,DAY_FLY,TuckerFieldatBarcroftPark,D1,A10,20260516-TuckerFieldatBarcroftPark-1,b1d5a4a0-5153-11f1-bfad-198183369b75,79.75593,,,5.927,,,,,,,c0dadee9-703e-4f0a-a29d-6ad25cc75f47,2026-05-16,18:18:52.61,2026-05-16T14:18:52.6137344-04:00,2026-05-16T18:18:52.6137344Z,,v3,471301,471281,d133f518dc004df295395547d13e9707,"MacDougall, Ryan",836327,Right,DAY_FLY,e69954d4-0eb0-4114-b7b3-39da8bcad822,55.55812,-119.67522,10.84239,5.34631,-2.64222,-15.80322,-2.50513,6.23534,3.13986,,,,,,,,,,,,,,,,,,,,,,,,,,,,,,,,,,,,,,,,,,,,,,,,,,,High,High,High,,,,,
231,2026-05-16,14:19:33.67,4,1,"Cahill, Riley",10097690,Right,DAY_FLY,"Lavey, Robbie",835215,Left,GEO_COL,Undefined,7,Bottom,2,0,0,Curveball,Curveball,BallCalled,Undefined,Undefined,Undefined,0,0,,79.0892,-0.344603,-1.422871,2651.523166,62.663259,8:00,5.72532,1.71207,4.81357,-49.72365,-3.32618,-9.13536,1.25514,-0.39737,73.12087,-9.258483,-3.032845,0.490251,,,,,,,,,,,,4.12406,-1.14067,-1.56234,50,5.64783,3.23365,-114.77638,-2.54296,5.5119,20.86203,-33.69856,GEO_COL,DAY_FLY,TuckerFieldatBarcroftPark,D1,A10,20260516-TuckerFieldatBarcroftPark-1,ca4ebfd0-5153-11f1-bfad-198183369b75,76.88396,,,5.96833,,,,,,,c0dadee9-703e-4f0a-a29d-6ad25cc75f47,2026-05-16,18:19:33.67,2026-05-16T14:19:33.6713728-04:00,2026-05-16T18:19:33.6713728Z,,v3,471301,471281,d133f518dc004df295395547d13e9707,"MacDougall, Ryan",836327,Right,DAY_FLY,447c13c5-94cd-4b79-a4e1-b6de86374d29,55.68691,-115.80543,10.43101,5.73227,-0.88073,-16.84928,-1.71514,2.96177,2.75595,,,,,,,,,,,,,,,,,,,,,,,,,,,,,,,,,,,,,,,,,,,,,,,,,,,High,High,High,,,,,
232,2026-05-16,14:19:54.12,4,2,"Cahill, Riley",10097690,Right,DAY_FLY,"Lavey, Robbie",835215,Left,GEO_COL,Undefined,7,Bottom,2,1,0,Curveball,Curveball,BallCalled,Undefined,Undefined,Undefined,0,0,,79.30212,3.530904,-1.955288,2668.035374,7.934959,6:15,5.82885,1.83421,4.56651,-56.34519,-9.76701,-1.55177,4.49967,-0.15649,72.90472,-6.543919,-2.226626,0.491205,,,,,,,,,,,,0.24563,-5.23036,-1.62989,50,6.14215,3.98981,-114.87128,4.87877,0.33029,20.0094,-39.20723,GEO_COL,DAY_FLY,TuckerFieldatBarcroftPark,D1,A10,20260516-TuckerFieldatBarcroftPark-1,d6740860-5153-11f1-bfad-198183369b75,76.73464,,,6.39739,,,,,,,c0dadee9-703e-4f0a-a29d-6ad25cc75f47,2026-05-16,18:19:54.12,2026-05-16T14:19:54.1250000-04:00,2026-05-16T18:19:54.1250000Z,,v3,471301,471281,d133f518dc004df295395547d13e9707,"MacDougall, Ryan",836327,Right,DAY_FLY,3e4d273f-4ad2-48f8-9e70-d26f7c028842,55.93507,-115.9005,10.0047,5.83933,6.89546,-19.60362,-1.83468,3.97282,0.16514,,,,,,,,,,,,,,,,,,,,,,,,,,,,,64.67353,,1.08201,,-1.92255,4.09681,0.28681,-3.6973,5.99954,4.66811,,,,-3.6882,72.04448,-5.16774,6.00122,3.27384,-11.26868,4.68259,61.06987,-7.35676,High,High,High,,,High,Medium,Low
233,2026-05-16,14:20:18.57,4,3,"Cahill, Riley",10097690,Right,DAY_FLY,"Lavey, Robbie",835215,Left,GEO_COL,Undefined,7,Bottom,2,2,0,Curveball,Curveball,StrikeCalled,Undefined,Undefined,Undefined,0,0,,78.51575,2.252035,-0.939906,2643.033517,46.553042,7:30,5.74823,1.7898,4.70446,-52.72944,-5.36229,-7.19544,3.49313,0.29795,72.05777,-7.226422,-2.203438,0.495348,,,,,,,,,,,,3.25146,-2.7637,-1.68785,50,5.92901,2.17746,-113.84098,2.47742,4.27259,20.6385,-35.80573,GEO_COL,DAY_FLY,TuckerFieldatBarcroftPark,D1,A10,20260516-TuckerFieldatBarcroftPark-1,e51a2f70-5153-11f1-bfad-198183369b75,76.0929,,,6.45798,,,,,,,c0dadee9-703e-4f0a-a29d-6ad25cc75f47,2026-05-16,18:20:18.57,2026-05-16T14:20:18.5796096-04:00,2026-05-16T18:20:18.5796096Z,,v3,471301,471281,d133f518dc004df295395547d13e9707,"MacDougall, Ryan",836327,Right,DAY_FLY,17efb35c-41e9-4627-955f-228f0eaf756c,55.7953,-114.88682,10.31925,5.75749,4.29185,-17.90286,-1.79271,1.96095,2.13629,,,,,,,,,,,,,,,,,,,,,,,,,,,,,,,,,,,,,,,,,,,,,,,,,,,High,High,High,,,,,
234,2026-05-16,14:21:44.16,4,4,"Cahill, Riley",10097690,Right,DAY_FLY,"Lavey, Robbie",835215,Left,GEO_COL,Undefined,7,Bottom,2,2,1,Curveball,Curveball,BallCalled,Undefined,Undefined,Undefined,0,0,,79.45576,-0.067108,-2.441211,2622.370633,9.63831,6:15,5.78199,1.91091,4.73007,-54.95767,-8.87607,-1.73791,1.13845,-0.55143,73.63334,-9.871387,-2.746969,0.488579,,,,,,,,,,,,0.20287,-3.9852,-1.66302,50,5.7257,4.98796,-115.279,-2.23228,0.27392,20.74733,-37.55507,GEO_COL,DAY_FLY,TuckerFieldatBarcroftPark,D1,A10,20260516-TuckerFieldatBarcroftPark-1,18110f70-5154-11f1-bfad-198183369b75,77.147,,,5.82242,,,,,,,c0dadee9-703e-4f0a-a29d-6ad25cc75f47,2026-05-16,18:21:44.16,2026-05-16T14:21:44.1671680-04:00,2026-05-16T18:21:44.1671680Z,,v3,471301,471281,d133f518dc004df295395547d13e9707,"MacDougall, Ryan",836327,Right,DAY_FLY,1a5c3bf4-84ba-4905-9657-78c80839d5f2,55.77193,-116.31316,10.37367,5.79031,-0.36032,-18.77753,-1.9113,4.9743,0.13696,,,,,,,,,,,,,,,,,,,,,,,,,,,,,,,,,,,,,,,,,,,,,,,,,,,High,High,High,,,,,
235,2026-05-16,14:22:05.77,4,5,"Cahill, Riley",10097690,Right,DAY_FLY,"Lavey, Robbie",835215,Left,GEO_COL,Undefined,7,Bottom,2,3,1,Curveball,Curveball,StrikeCalled,Undefined,Undefined,Undefined,0,0,,78.48574,0.253599,-1.836367,2629.885146,49.820718,7:45,5.80476,1.86571,4.58715,-52.26865,-4.59654,-7.19705,1.6904,-0.48148,72.29468,-9.089097,-3.098709,0.49694,,,,,,,,,,,,3.00571,-1.88894,-1.66883,50,5.78204,3.95639,-113.80132,-1.48763,3.938,21.06672,-34.64889,GEO_COL,DAY_FLY,TuckerFieldatBarcroftPark,D1,A10,20260516-TuckerFieldatBarcroftPark-1,24f1dfd0-5154-11f1-bfad-198183369b75,75.84915,,,6.19106,,,,,,,c0dadee9-703e-4f0a-a29d-6ad25cc75f47,2026-05-16,18:22:05.77,2026-05-16T14:22:05.7724928-04:00,2026-05-16T18:22:05.7724928Z,,v3,471301,471281,d133f518dc004df295395547d13e9707,"MacDougall, Ryan",836327,Right,DAY_FLY,94a4d2b4-b047-4b19-8201-5363d4cd247c,55.91297,-114.89071,10.53336,5.81264,0.3041,-17.32445,-1.86815,3.75275,1.969,,,,,,,,,,,,,,,,,,,,,,,,,,,,,,,,,,,,,,,,,,,,,,,,,,,High,High,High,,,,,
236,2026-05-16,14:22:28.22,4,6,"Cahill, Riley",10097690,Right,DAY_FLY,"Lavey, Robbie",835215,Left,GEO_COL,Undefined,7,Bottom,2,3,2,Curveball,Curveball,InPlay,Undefined,LineDrive,Single,0,0,,79.38951,1.872215,-1.88228,2693.438958,42.78591,7:30,5.77514,1.88505,4.74955,-50.42979,-4.69083,-5.48516,3.34988,-0.35787,73.71648,-7.166983,-2.84562,0.48676,92.81152,16.410003,0.386397,1879.387724,109.77571,25.20224,-7.01991,248.20439,248.20439,-9.136597,2.626019,2.2602,-2.44256,-1.69069,50,5.91813,4.01733,-115.26563,1.86853,3.08023,18.82226,-35.5028,GEO_COL,DAY_FLY,TuckerFieldatBarcroftPark,D1,A10,20260516-TuckerFieldatBarcroftPark-1,3251f250-5154-11f1-bfad-198183369b75,77.43544,26.2527,,5.67304,,,,1.41596,3.36947,0.35897,c0dadee9-703e-4f0a-a29d-6ad25cc75f47,2026-05-16,18:22:28.22,2026-05-16T14:22:28.2268672-04:00,2026-05-16T18:22:28.2268672Z,LineDrive,v3,471301,471281,d133f518dc004df295395547d13e9707,"MacDougall, Ryan",836327,Right,DAY_FLY,5caf9990-60e5-4fa8-8617-e8db2d3bdd2b,55.75267,-116.20121,9.41113,5.7814,3.63324,-17.7514,-1.88657,3.86422,1.54012,114.111168,1.41604,130.5716,-21.57761,4.10124,-0.73393,0.12976,-0.03088,0.00629,-0.00058,3.36935,38.46237,-17.25904,1.10076,-0.22142,0.06249,-0.00789,-0.00045,0.00018,0.35923,0.86719,-11.75006,3.54496,-0.73712,0.11959,-0.03025,0.00799,-0.00091,,,,,,,,,,,,,,,,,,,,,,,High,High,High,High,High,,,
237,2026-05-16,14:25:55.36,5,1,"Fortes, Michael",1000115283,Right,DAY_FLY,"Tufano, Cristino",811770,Right,GEO_COL,Undefined,7,Bottom,2,0,0,Slider,Slider,InPlay,Undefined,GroundBall,Out,1,0,,77.60103,0.27591,-0.079828,2430.989808,109.398687,9:45,5.83463,1.26011,5.36536,-42.84991,5.11292,-9.65504,2.52252,0.38066,70.30802,-7.597279,-1.797714,0.498453,90.9724,-3.518643,-31.539152,,,,,26.67031,26.54715,-30.427666,0.191104,4.84929,2.93811,-1.24571,50,5.82913,0.53323,-112.50887,-0.86255,6.1186,23.38823,-28.46691,GEO_COL,DAY_FLY,TuckerFieldatBarcroftPark,D1,A10,20260516-TuckerFieldatBarcroftPark-1,adbd8ee0-5154-11f1-bfad-198183369b75,75.61891,2.57103,,7.29301,,,,2.1207,2.57103,-0.35566,c0dadee9-703e-4f0a-a29d-6ad25cc75f47,2026-05-16,18:25:55.36,2026-05-16T14:25:55.3687040-04:00,2026-05-16T18:25:55.3687040Z,GroundBall,v3,471301,471281,d133f518dc004df295395547d13e9707,"MacDougall, Ryan",836327,Right,DAY_FLY,043212c2-7b40-46be-8912-ae1bf41d7adc,55.13212,-113.57072,11.69412,5.83895,0.42988,-14.23346,-1.26361,0.25544,3.0593,34.71627,2.12161,113.43913,-22.01932,,,,,,,2.57268,-8.30354,-27.03846,,,,,,,-0.35537,-69.68125,4.49764,,,,,,,,,,,,,,,,,,,,,,,,,,,,,High,High,High,High,High,,,
238,2026-05-16,14:28:38.96,1,1,"Aponick, Jonas",1000195463,Right,GEO_COL,"MacDougall, Ryan",836327,Left,DAY_FLY,Undefined,8,Top,0,0,0,Curveball,Curveball,BallCalled,Undefined,Undefined,Undefined,0,0,,77.76831,1.475381,-0.309453,2013.903483,107.988902,9:30,5.76185,1.14273,5.5236,-41.36014,5.74969,-12.93453,3.69484,-0.22446,70.84208,-6.14684,-2.61491,0.494,,,,,,,,,,,,6.37185,2.97854,-1.10727,50,5.863,1.12358,-112.81518,1.56377,8.1619,21.68983,-28.35876,GEO_COL,DAY_FLY,TuckerFieldatBarcroftPark,D1,A10,20260516-TuckerFieldatBarcroftPark-1,0f522df0-5155-11f1-bfad-198183369b75,76.30043,,,6.92623,,,,,,,c0dadee9-703e-4f0a-a29d-6ad25cc75f47,2026-05-16,18:28:38.96,2026-05-16T14:28:38.9688832-04:00,2026-05-16T18:28:38.9688832Z,,v3,471301,471281,d133f518dc004df295395547d13e9707,"Lavey, Robbie",835215,Right,GEO_COL,c167cf78-e29f-4a4b-8525-3eaa499d7ad2,54.9725,-113.76718,10.84492,5.76705,2.80848,-14.17938,-1.14872,0.76534,4.08095,,,,,,,,,,,,,,,,,,,,,,,,,,,,,,,,,,,,,,,,,,,,,,,,,,,High,High,High,,,,,
239,2026-05-16,14:28:51.10,1,2,"Aponick, Jonas",1000195463,Right,GEO_COL,"MacDougall, Ryan",836327,Left,DAY_FLY,Undefined,8,Top,0,1,0,ChangeUp,Changeup,BallCalled,Undefined,Undefined,Undefined,0,0,,72.75464,1.526231,-0.653505,1191.819652,192.690392,12:30,5.74936,0.88402,5.41868,-39.92392,13.73505,2.7187,3.85247,0.49839,66.6867,-5.843619,-0.169983,0.527221,,,,,,,,,,,,-1.53697,7.00835,-0.82791,50,5.85743,1.10346,-105.56661,1.62685,-1.73846,17.58008,-24.24689,GEO_COL,DAY_FLY,TuckerFieldatBarcroftPark,D1,A10,20260516-TuckerFieldatBarcroftPark-1,16959d90-5155-11f1-bfad-198183369b75,71.49269,,,6.06794,,,,,,,c0dadee9-703e-4f0a-a29d-6ad25cc75f47,2026-05-16,18:28:51.10,2026-05-16T14:28:51.1026688-04:00,2026-05-16T18:28:51.1026688Z,,v3,471301,471281,d133f518dc004df295395547d13e9707,"Lavey, Robbie",835215,Right,GEO_COL,28d724cd-1b5e-4a29-9f0f-c67b72dd2c2d,55.0769,-106.40871,8.79004,5.75169,2.7883,-12.12345,-0.88276,1.18674,-0.86923,,,,,,,,,,,,,,,,,,,,,,,,,,,,,,,,,,,,,,,,,,,,,,,,,,,High,High,High,,,,,
240,2026-05-16,14:29:03.05,1,3,"Aponick, Jonas",1000195463,Right,GEO_COL,"MacDougall, Ryan",836327,Left,DAY_FLY,Undefined,8,Top,0,2,0,Cutter,Four-Seam,InPlay,Undefined,LineDrive,Single,0,0,,84.3016,-2.337922,-0.42811,1974.45581,172.255592,11:45,5.66745,1.35812,5.9252,-23.55363,15.69418,-1.96504,1.53404,0.79712,77.36347,-6.746428,-0.78128,0.450899,100.27283,13.332361,6.772282,6237.71811,109.0067,16.85779,14.74718,218.35254,218.35254,9.006234,2.003217,0.89622,9.08662,-1.32274,50,5.46708,0.99093,-122.40735,-5.70304,1.36013,24.104,-18.38393,GEO_COL,DAY_FLY,TuckerFieldatBarcroftPark,D1,A10,20260516-TuckerFieldatBarcroftPark-1,1d9a7d90-5155-11f1-bfad-198183369b75,83.594,16.95579,,6.93813,,,,1.85483,1.61584,-0.82273,c0dadee9-703e-4f0a-a29d-6ad25cc75f47,2026-05-16,18:29:03.05,2026-05-16T14:29:03.0539264-04:00,2026-05-16T18:29:03.0539264Z,LineDrive,v3,471301,471281,d133f518dc004df295395547d13e9707,"Lavey, Robbie",835215,Right,GEO_COL,c703c26d-6caf-4890-8a84-ba01835b0c43,54.5734,-123.30463,12.052,5.66665,-5.01869,-9.19197,-1.35869,0.94029,0.68007,255.502839,1.85485,142.10446,-23.98209,4.62889,-1.24268,0.55396,-0.26611,0.07604,-0.00902,1.61583,33.91359,-20.37722,2.09572,-0.40918,0.07346,-0.00421,-0.00176,0.00035,-0.82276,16.87598,2.70275,-2.04632,0.91899,-0.6094,0.33128,-0.09965,0.01216,,,,,,,,,,,,,,,,,,,,,,,High,High,High,High,High,,,
241,2026-05-16,14:29:37.95,2,1,"Aponick, Jonas",1000195463,Right,GEO_COL,"Bello, Jason",10074817,Right,DAY_FLY,Undefined,8,Top,0,0,0,Curveball,Curveball,BallCalled,Undefined,Undefined,Undefined,0,0,,77.3301,1.827266,-1.431049,1904.425482,122.570955,10:00,5.74136,1.09805,5.46525,-41.93215,5.47587,-6.31847,3.95831,-0.76811,70.95032,-5.869076,-2.555141,0.495561,,,,,,,,,,,,2.78772,2.71354,-0.9677,50,5.87366,3.04846,-112.2216,2.21958,3.56318,19.87076,-28.70566,GEO_COL,DAY_FLY,TuckerFieldatBarcroftPark,D1,A10,20260516-TuckerFieldatBarcroftPark-1,326f48e0-5155-11f1-bfad-198183369b75,76.06013,,,6.37978,,,,,,,c0dadee9-703e-4f0a-a29d-6ad25cc75f47,2026-05-16,18:29:37.95,2026-05-16T14:29:37.9512832-04:00,2026-05-16T18:29:37.9512832Z,,v3,471301,471281,d133f518dc004df295395547d13e9707,"Lavey, Robbie",835215,Right,GEO_COL,e7347485-a8bf-4fe3-a091-ac659dd9040d,55.03265,-113.10921,9.93538,5.74587,3.50183,-14.35283,-1.10032,2.8893,1.78159,,,,,,,,,,,,,,,,,,,,,,,,,,,,,,,,,,,,,,,,,,,,,,,,,,,High,High,High,,,,,
242,2026-05-16,14:30:06.04,2,2,"Aponick, Jonas",1000195463,Right,GEO_COL,"Bello, Jason",10074817,Right,DAY_FLY,Undefined,8,Top,0,1,0,Cutter,Four-Seam,StrikeCalled,Undefined,Undefined,Undefined,0,0,,84.25554,-1.418226,-2.547665,1918.902733,174.997938,11:45,5.73726,1.0121,6.05249,-23.74458,15.71119,-1.25787,2.44416,-1.45258,76.63097,-5.897736,-2.773771,0.452092,,,,,,,,,,,,-0.12055,8.91197,-0.81329,50,5.61417,5.4862,-122.17393,-3.71147,-0.18085,25.77292,-18.80603,GEO_COL,DAY_FLY,TuckerFieldatBarcroftPark,D1,A10,20260516-TuckerFieldatBarcroftPark-1,43362d10-5155-11f1-bfad-198183369b75,83.3734,,,7.62456,,,,,,,c0dadee9-703e-4f0a-a29d-6ad25cc75f47,2026-05-16,18:30:06.04,2026-05-16T14:30:06.0402176-04:00,2026-05-16T18:30:06.0402176Z,,v3,471301,471281,d133f518dc004df295395547d13e9707,"Lavey, Robbie",835215,Right,GEO_COL,79fdf637-c6c1-41ce-b179-03658ac98c0e,54.44281,-123.10758,12.88646,5.73628,-3.0302,-9.40302,-1.01215,5.49276,-0.09042,,,,,,,,,,,,,,,,,,,,,,,,,,,,,,,,,,,,,,,,,,,,,,,,,,,High,High,High,,,,,
243,2026-05-16,14:30:20.87,2,3,"Aponick, Jonas",1000195463,Right,GEO_COL,"Bello, Jason",10074817,Right,DAY_FLY,Undefined,8,Top,0,1,1,Curveball,Curveball,BallCalled,Undefined,Undefined,Undefined,0,0,,68.84889,-0.004668,-0.949786,2071.171281,36.995091,7:15,5.68864,1.02673,5.1267,-66.82823,-5.83807,-5.89689,0.11523,-0.3593,63.64998,-12.024211,-1.997702,0.562084,,,,,,,,,,,,2.675,-2.40961,-0.9327,50,5.63594,1.86262,-99.91566,-2.08192,2.68301,17.27454,-34.59086,GEO_COL,DAY_FLY,TuckerFieldatBarcroftPark,D1,A10,20260516-TuckerFieldatBarcroftPark-1,4c0d5c10-5155-11f1-bfad-198183369b75,67.05837,,,5.19891,,,,,,,c0dadee9-703e-4f0a-a29d-6ad25cc75f47,2026-05-16,18:30:20.87,2026-05-16T14:30:20.8702464-04:00,2026-05-16T18:30:20.8702464Z,,v3,471301,471281,d133f518dc004df295395547d13e9707,"Lavey, Robbie",835215,Right,GEO_COL,86ce7c16-7368-4cd5-9f15-6c1f1fae2133,55.37451,-100.84058,8.63727,5.69783,-0.22984,-17.29543,-1.02858,1.71897,1.34151,,,,,,,,,,,,,,,,,,,,,,,,,,,,,,,,,,,,,,,,,,,,,,,,,,,High,High,High,,,,,
244,2026-05-16,14:30:38.24,2,4,"Aponick, Jonas",1000195463,Right,GEO_COL,"Bello, Jason",10074817,Right,DAY_FLY,Undefined,8,Top,0,2,1,Cutter,Slider,StrikeSwinging,Undefined,Undefined,Undefined,0,0,,84.3392,-0.402311,0.010373,1770.193474,169.524333,11:45,5.76006,1.16427,5.83016,-21.77883,17.91056,-3.0589,3.57117,0.919,76.40042,-4.535053,-0.538028,0.453428,,,,,,,,,,,,1.55536,9.6563,-1.16334,50,5.71451,0.10397,-122.378,-1.48734,2.33681,26.24548,-17.66616,GEO_COL,DAY_FLY,TuckerFieldatBarcroftPark,D1,A10,20260516-TuckerFieldatBarcroftPark-1,565cac20-5155-11f1-bfad-198183369b75,83.12767,,,7.93878,,,,,,,c0dadee9-703e-4f0a-a29d-6ad25cc75f47,2026-05-16,18:30:38.24,2026-05-16T14:30:38.2424576-04:00,2026-05-16T18:30:38.2424576Z,,v3,471301,471281,d133f518dc004df295395547d13e9707,"Lavey, Robbie",835215,Right,GEO_COL,7aac2e03-c038-4139-81aa-18b8843bb235,54.66468,-123.37434,13.12274,5.75824,-0.81669,-8.83308,-1.16561,0.01526,1.16841,,,,,,,,,,,,,,,,,,,,,,,,,,,,,,,,,,,,,,,,,,,,,,,,,,,High,High,High,,,,,
245,2026-05-16,14:31:02.16,2,5,"Aponick, Jonas",1000195463,Right,GEO_COL,"Bello, Jason",10074817,Right,DAY_FLY,Undefined,8,Top,0,2,2,ChangeUp,Changeup,BallCalled,Undefined,Undefined,Undefined,1,0,,73.26885,2.250395,-2.118468,927.305312,192.709426,12:30,5.77475,0.76621,5.49514,-43.11239,10.18788,1.89543,4.2896,-1.05836,66.5571,-5.720304,-1.781397,0.525456,,,,,,,,,,,,-1.57795,5.01473,-0.58214,50,5.94309,3.85498,-106.12718,2.88072,-1.78784,19.27502,-26.4923,GEO_COL,DAY_FLY,TuckerFieldatBarcroftPark,D1,A10,20260516-TuckerFieldatBarcroftPark-1,64a68260-5155-11f1-bfad-198183369b75,71.73285,,,6.71175,,,,,,,c0dadee9-703e-4f0a-a29d-6ad25cc75f47,2026-05-16,18:31:02.16,2026-05-16T14:31:02.1660000-04:00,2026-05-16T18:31:02.1660000Z,,v3,471301,471281,d133f518dc004df295395547d13e9707,"Lavey, Robbie",835215,Right,GEO_COL,73485d30-457f-4f14-abbe-79c19154251c,54.99978,-107.0314,9.63751,5.7788,4.12351,-13.24615,-0.76494,3.93885,-0.89392,,,,,,,,,,,,,,,,,,,,,,,,,,,,,84.50837,1.886909,0.687104,1.199805,-1.50912,3.98384,1.14888,-0.71147,6.25206,2.24778,127.27849,3.03513,3.62291,-0.53613,121.5659,-12.68774,6.22905,8.65959,-9.42029,2.20341,-1.58918,2.34875,High,High,High,,,High,High,High
246,2026-05-16,14:31:27.75,2,6,"Aponick, Jonas",1000195463,Right,GEO_COL,"Bello, Jason",10074817,Right,DAY_FLY,Undefined,8,Top,1,3,2,Cutter,Cutter,InPlay,Undefined,LineDrive,Double,0,0,,85.31408,-1.241223,-2.549829,1904.296533,166.624751,11:30,5.63388,0.73586,6.17922,-20.71438,17.56458,-3.86953,2.76014,-1.94282,77.56742,-5.182491,-3.246711,0.445299,82.17338,18.37849,30.268531,2972.831978,90.01453,25.08146,63.2247,226.84009,214.66411,39.629791,2.669111,1.23799,9.85587,-0.54123,50,5.5295,5.66189,-123.77258,-3.25055,1.90492,26.5729,-17.00875,GEO_COL,DAY_FLY,TuckerFieldatBarcroftPark,D1,A10,20260516-TuckerFieldatBarcroftPark-1,73d98020-5155-11f1-bfad-198183369b75,84.64532,25.45468,,7.74666,,,,0.82057,2.69742,1.99449,c0dadee9-703e-4f0a-a29d-6ad25cc75f47,2026-05-16,18:31:27.75,2026-05-16T14:31:27.7522944-04:00,2026-05-16T18:31:27.7522944Z,LineDrive,v3,471301,471281,d133f518dc004df295395547d13e9707,"Lavey, Robbie",835215,Right,GEO_COL,34a26c45-6a8f-41f9-aeab-d4c7c3c6ec8b,54.31777,-124.69613,13.28645,5.6322,-2.65942,-8.50437,-0.73686,5.59569,0.95246,240.921062,0.82047,98.78584,-17.92073,3.34594,-0.8318,0.22798,-0.06504,0.01144,-0.00075,2.69747,37.99726,-17.18481,1.22003,-0.10316,-0.02088,0.016,-0.00295,0.0001,1.99447,57.65153,-0.01425,-1.19386,0.39605,-0.08823,0.01304,-0.00167,0.00014,,,,,,,,,,,,,,,,,,,,,,,High,High,High,High,Medium,,,
247,2026-05-16,14:32:48.30,3,1,"Aponick, Jonas",1000195463,Right,GEO_COL,"Stang, Bobby",1000138110,Right,DAY_FLY,Undefined,8,Top,1,0,0,Curveball,Curveball,InPlay,Undefined,Popup,Out,2,0,,77.05755,0.583617,-0.431829,2070.294597,122.913312,10:00,5.72303,0.8251,5.58096,-41.98427,6.03729,-6.78977,2.76941,-0.14401,70.0864,-7.160338,-1.644271,0.498758,77.11939,68.685857,24.613928,,,,,87.02063,39.74209,45.132952,5.46642,3.31866,3.33181,-0.78335,50,5.74586,1.09878,-111.80361,-0.18219,4.15587,22.16292,-28.00173,GEO_COL,DAY_FLY,TuckerFieldatBarcroftPark,D1,A10,20260516-TuckerFieldatBarcroftPark-1,a3df0c90-5155-11f1-bfad-198183369b75,75.57265,126.23786,,6.97115,,,,2.13414,2.85886,0.12352,c0dadee9-703e-4f0a-a29d-6ad25cc75f47,2026-05-16,18:32:48.30,2026-05-16T14:32:48.3055616-04:00,2026-05-16T18:32:48.3055616Z,Popup,v3,471301,471281,d133f518dc004df295395547d13e9707,"Lavey, Robbie",835215,Right,GEO_COL,96f8ae09-17f7-483a-85a0-403a90a9c7cb,54.91671,-112.77404,11.08146,5.727,1.0439,-14.00086,-0.82748,0.91681,2.07794,188.547469,2.11753,37.6684,-18.85911,7.6343,-2.57311,0.68319,-0.11802,0.01115,-0.00043,2.83551,105.84033,-29.88841,6.05668,-2.76964,1.03252,-0.22968,0.02636,-0.0012,0.12645,17.0592,-2.12114,-0.05964,0.35197,-0.17457,0.0426,-0.00519,0.00025,,,,,,,,,,,,,,,,,,,,,,,High,High,High,Medium,Low,,,
248,2026-05-16,14:35:01.25,1,1,"Fortes, Michael",1000115283,Right,DAY_FLY,"Walsh, Charlie",10154270,Left,GEO_COL,Undefined,8,Bottom,0,0,0,Fastball,Four-Seam,BallCalled,Undefined,Undefined,Undefined,0,0,,89.48793,-1.023988,-0.286955,2112.288741,194.296811,12:30,5.95335,1.24017,6.1178,-17.05836,17.90489,4.24886,3.585,1.32894,80.83644,-4.306407,0.478978,0.425576,,,,,,,,,,,,-2.26618,9.90001,-1.22026,50,5.86593,0.4701,-129.86584,-2.78295,-3.82261,30.31241,-15.47465,GEO_COL,DAY_FLY,TuckerFieldatBarcroftPark,D1,A10,20260516-TuckerFieldatBarcroftPark-1,f32b0970-5155-11f1-bfad-198183369b75,88.56806,,,8.6515,,,,,,,c0dadee9-703e-4f0a-a29d-6ad25cc75f47,2026-05-16,18:35:01.25,2026-05-16T14:35:01.2587008-04:00,2026-05-16T18:35:01.2587008Z,,v3,471301,471281,d133f518dc004df295395547d13e9707,"MacDougall, Ryan",836327,Right,DAY_FLY,3666af8c-a0eb-4f65-b14b-5a7451cae341,54.37696,-130.8835,15.15621,5.95063,-2.26344,-7.73732,-1.2382,0.59843,-1.91131,,,,,,,,,,,,,,,,,,,,,,,,,,,,,,,,,,,,,,,,,,,,,,,,,,,High,High,High,,,,,
249,2026-05-16,14:35:18.48,1,2,"Fortes, Michael",1000115283,Right,DAY_FLY,"Walsh, Charlie",10154270,Left,GEO_COL,Undefined,8,Bottom,0,1,0,Fastball,Four-Seam,BallCalled,Undefined,Undefined,Undefined,0,0,,89.25667,-1.162285,-0.297366,2140.224184,193.499364,12:30,5.93833,1.13454,5.76929,-14.82292,20.85529,4.6989,3.62128,1.24938,80.45014,-4.032685,0.54403,0.429905,,,,,,,,,,,,-2.46201,11.31516,-1.1127,50,5.83333,0.46193,-129.41352,-3.01277,-4.11978,30.35789,-13.23983,GEO_COL,DAY_FLY,TuckerFieldatBarcroftPark,D1,A10,20260516-TuckerFieldatBarcroftPark-1,fd6bb380-5155-11f1-bfad-198183369b75,87.67613,,,8.80653,,,,,,,c0dadee9-703e-4f0a-a29d-6ad25cc75f47,2026-05-16,18:35:18.48,2026-05-16T14:35:18.4810496-04:00,2026-05-16T18:35:18.4810496Z,,v3,471301,471281,d133f518dc004df295395547d13e9707,"MacDougall, Ryan",836327,Right,DAY_FLY,fd633b61-7b2c-4fc7-b0f6-96f7ead3a1b5,54.72442,-130.51707,15.17894,5.9341,-2.53148,-6.61991,-1.13222,0.61169,-2.05989,,,,,,,,,,,,,,,,,,,,,,,,,,,,,,,,,,,,,,,,,,,,,,,,,,,High,High,High,,,,,
250,2026-05-16,14:35:36.07,1,3,"Fortes, Michael",1000115283,Right,DAY_FLY,"Walsh, Charlie",10154270,Left,GEO_COL,Undefined,8,Bottom,0,2,0,Slider,Slider,BallCalled,Undefined,Undefined,Undefined,0,0,,76.81095,0.520408,-1.681269,2506.333333,122.4854,10:00,5.80115,1.46386,5.07191,-39.84986,9.95461,-12.73465,2.97118,-1.18289,69.21299,-6.805245,-3.930195,0.507932,,,,,,,,,,,,5.71744,5.3165,-1.29393,50,5.81984,3.786,-111.14734,-0.31208,7.01312,23.53404,-25.65275,GEO_COL,DAY_FLY,TuckerFieldatBarcroftPark,D1,A10,20260516-TuckerFieldatBarcroftPark-1,07ebb080-5156-11f1-bfad-198183369b75,74.20764,,,7.59796,,,,,,,c0dadee9-703e-4f0a-a29d-6ad25cc75f47,2026-05-16,18:35:36.07,2026-05-16T14:35:36.0779776-04:00,2026-05-16T18:35:36.0779776Z,,v3,471301,471281,d133f518dc004df295395547d13e9707,"MacDougall, Ryan",836327,Right,DAY_FLY,b096d55b-7bb6-4401-9f40-ca9cbb9eaacd,55.42195,-112.2895,11.76702,5.80477,0.93291,-12.82638,-1.46941,3.44564,3.50656,,,,,,,,,,,,,,,,,,,,,,,,,,,,,,,,,,,,,,,,,,,,,,,,,,,High,High,High,,,,,
251,2026-05-16,14:35:54.39,1,4,"Fortes, Michael",1000115283,Right,DAY_FLY,"Walsh, Charlie",10154270,Left,GEO_COL,Undefined,8,Bottom,0,3,0,Fastball,Four-Seam,StrikeCalled,Undefined,Undefined,Undefined,0,0,,88.04503,-2.474522,-1.242354,2309.991057,205.451055,12:45,5.93941,1.16708,5.71141,-16.58233,20.26788,9.00142,2.25024,0.7596,79.3929,-5.65415,0.367775,0.436909,,,,,,,,,,,,-4.94327,11.46115,-1.06863,50,5.72213,2.37113,-127.52869,-5.97305,-8.02224,29.7916,-13.57421,GEO_COL,DAY_FLY,TuckerFieldatBarcroftPark,D1,A10,20260516-TuckerFieldatBarcroftPark-1,12cba7d0-5156-11f1-bfad-198183369b75,86.2706,,,8.65213,,,,,,,c0dadee9-703e-4f0a-a29d-6ad25cc75f47,2026-05-16,18:35:54.39,2026-05-16T14:35:54.3940096-04:00,2026-05-16T18:35:54.3940096Z,,v3,471301,471281,d133f518dc004df295395547d13e9707,"MacDougall, Ryan",836327,Right,DAY_FLY,60613dae-7da0-4410-aa18-318c204a92b4,54.78322,-128.64123,14.8958,5.93572,-5.46614,-6.7871,-1.16277,2.67071,-4.01112,,,,,,,,,,,,,,,,,,,,,,,,,,,,,,,,,,,,,,,,,,,,,,,,,,,High,High,High,,,,,
252,2026-05-16,14:36:10.08,1,5,"Fortes, Michael",1000115283,Right,DAY_FLY,"Walsh, Charlie",10154270,Left,GEO_COL,Undefined,8,Bottom,0,3,1,Fastball,Four-Seam,StrikeCalled,Undefined,Undefined,Undefined,0,0,,89.49451,-2.683076,-1.035117,2179.805638,184.971368,12:15,6.01732,1.03214,5.9371,-14.16635,21.01434,1.72063,2.34551,0.21516,81.10301,-5.422449,-0.726087,0.426897,,,,,,,,,,,,-1.18976,11.91686,-0.95051,50,5.79508,2.26932,-129.72828,-6.43759,-2.00909,29.44187,-12.05045,GEO_COL,DAY_FLY,TuckerFieldatBarcroftPark,D1,A10,20260516-TuckerFieldatBarcroftPark-1,1c2fd490-5156-11f1-bfad-198183369b75,88.2939,,,8.39151,,,,,,,c0dadee9-703e-4f0a-a29d-6ad25cc75f47,2026-05-16,18:36:10.08,2026-05-16T14:36:10.0852224-04:00,2026-05-16T18:36:10.0852224Z,,v3,471301,471281,d133f518dc004df295395547d13e9707,"MacDougall, Ryan",836327,Right,DAY_FLY,c92be12b-7774-43bb-9181-1775fe7427c6,54.55776,-130.75858,14.72093,6.01298,-6.0159,-6.02522,-1.03115,2.33963,-1.00455,,,,,,,,,,,,,,,,,,,,,,,,,,,,,,,,,,,,,,,,,,,,,,,,,,,High,High,High,,,,,
253,2026-05-16,14:36:29.77,1,6,"Fortes, Michael",1000115283,Right,DAY_FLY,"Walsh, Charlie",10154270,Left,GEO_COL,Undefined,8,Bottom,0,3,2,Fastball,Four-Seam,StrikeCalled,Strikeout,Undefined,Undefined,0,0,,90.50329,-2.258082,-1.196581,2210.443758,193.433708,12:30,5.92369,1.25253,5.96191,-14.15268,20.07588,4.51874,2.64895,0.5194,82.26118,-4.987635,-0.384637,0.421081,,,,,,,,,,,,-2.65819,11.28945,-1.16005,50,5.73649,2.54667,-131.29048,-5.54882,-4.61349,29.26455,-12.58039,GEO_COL,DAY_FLY,TuckerFieldatBarcroftPark,D1,A10,20260516-TuckerFieldatBarcroftPark-1,27e71910-5156-11f1-bfad-198183369b75,89.51346,,,8.24211,,,,,,,c0dadee9-703e-4f0a-a29d-6ad25cc75f47,2026-05-16,18:36:29.77,2026-05-16T14:36:29.7760000-04:00,2026-05-16T18:36:29.7760000Z,,v3,471301,471281,d133f518dc004df295395547d13e9707,"MacDougall, Ryan",836327,Right,DAY_FLY,3a33024e-29ab-49a3-a5fd-01f3062e5ce5,54.53408,-132.29726,14.63228,5.91994,-5.11602,-6.2902,-1.25039,2.70539,-2.30675,,,,,,,,,,,,,,,,,,,,,,,,,,,,,64.40725,,,1.046777,,,,-1.28104,6.30905,5.49979,69.46894,9.51375,55.32054,-1.26244,72.50952,-4.80775,6.31872,16.4737,-12.87558,5.55531,56.96153,-9.25512,High,High,High,,,High,Medium,Low
254,2026-05-16,14:37:04.26,2,1,"Fortes, Michael",1000115283,Right,DAY_FLY,"Freker, Brodie",1000166944,Right,GEO_COL,Undefined,8,Bottom,1,0,0,Fastball,Four-Seam,StrikeCalled,Undefined,Undefined,Undefined,0,0,,89.75675,-2.443049,-2.039491,2078.57556,190.454819,12:15,5.97021,0.84805,5.99174,-15.44682,19.22462,3.33788,2.41612,-0.76465,81.91357,-5.39766,-1.439798,0.423796,,,,,,,,,,,,-2.28669,10.90107,-0.68907,50,5.76888,4.49478,-130.19418,-5.98081,-3.91752,27.81629,-13.49863,GEO_COL,DAY_FLY,TuckerFieldatBarcroftPark,D1,A10,20260516-TuckerFieldatBarcroftPark-1,3c7872c0-5156-11f1-bfad-198183369b75,88.93996,,,7.84317,,,,,,,c0dadee9-703e-4f0a-a29d-6ad25cc75f47,2026-05-16,18:37:04.26,2026-05-16T14:37:04.2647552-04:00,2026-05-16T18:37:04.2647552Z,,v3,471301,471281,d133f518dc004df295395547d13e9707,"MacDougall, Ryan",836327,Right,DAY_FLY,f6f6b135-8982-411e-ac53-31558761e2ba,54.50495,-131.15314,13.90815,5.96704,-5.51545,-6.74931,-0.84636,4.62984,-1.95876,,,,,,,,,,,,,,,,,,,,,,,,,,,,,,,,,,,,,,,,,,,,,,,,,,,High,High,High,,,,,
255,2026-05-16,14:37:24.13,2,2,"Fortes, Michael",1000115283,Right,DAY_FLY,"Freker, Brodie",1000166944,Right,GEO_COL,Undefined,8,Bottom,1,0,1,Fastball,Four-Seam,BallCalled,Undefined,Undefined,Undefined,0,0,,89.6435,-1.320465,-2.723753,2157.949575,178.607123,12:00,5.99102,0.75605,6.32805,-17.29127,17.18607,-0.38961,3.33252,-1.78651,81.40946,-4.638538,-2.79411,0.422609,,,,,,,,,,,,-0.61413,9.66264,-0.55711,50,5.88614,6.20256,-130.03862,-3.45834,-1.04392,29.12447,-15.74909,GEO_COL,DAY_FLY,TuckerFieldatBarcroftPark,D1,A10,20260516-TuckerFieldatBarcroftPark-1,4852a890-5156-11f1-bfad-198183369b75,89.18995,,,8.23404,,,,,,,c0dadee9-703e-4f0a-a29d-6ad25cc75f47,2026-05-16,18:37:24.13,2026-05-16T14:37:24.1372160-04:00,2026-05-16T18:37:24.1372160Z,,v3,471301,471281,d133f518dc004df295395547d13e9707,"MacDougall, Ryan",836327,Right,DAY_FLY,794eab2b-3761-4485-93f2-3246c4ee583d,54.16722,-130.96862,14.56223,5.98854,-2.95545,-7.87455,-0.7557,6.23589,-0.52196,,,,,,,,,,,,,,,,,,,,,,,,,,,,,,,,,,,,,,,,,,,,,,,,,,,High,High,High,,,,,
256,2026-05-16,14:37:45.06,2,3,"Fortes, Michael",1000115283,Right,DAY_FLY,"Freker, Brodie",1000166944,Right,GEO_COL,Undefined,8,Bottom,1,1,1,Slider,Slider,FoulBallNotFieldable,Undefined,Undefined,Undefined,0,0,,78.36172,0.003508,-0.534237,2443.231047,121.646081,10:00,5.86523,1.13376,5.1977,-39.40069,7.52493,-9.69276,2.58514,-0.17649,71.56969,-7.206511,-2.252824,0.493033,,,,,,,,,,,,4.62685,4.26437,-1.07688,50,5.83632,1.46224,-113.64054,-1.33422,6.02096,21.77507,-26.6248,GEO_COL,DAY_FLY,TuckerFieldatBarcroftPark,D1,A10,20260516-TuckerFieldatBarcroftPark-1,54c54dd0-5156-11f1-bfad-198183369b75,76.45008,,,6.79204,,,,,,,c0dadee9-703e-4f0a-a29d-6ad25cc75f47,2026-05-16,18:37:45.06,2026-05-16T14:37:45.0690560-04:00,2026-05-16T18:37:45.0690560Z,,v3,471301,471281,d133f518dc004df295395547d13e9707,"MacDougall, Ryan",836327,Right,DAY_FLY,8662bc3f-7620-4bf0-b055-def6d83fdb80,55.29744,-114.65111,10.88753,5.86956,-0.09858,-13.3124,-1.13826,1.18281,3.01048,,,,,,,,,,,,,,,,,,,,,,,,,,,,,,,,,,,,,,,,,,,,,,,,,,,High,High,High,,,,,
257,2026-05-16,14:38:23.08,2,4,"Fortes, Michael",1000115283,Right,DAY_FLY,"Freker, Brodie",1000166944,Right,GEO_COL,Undefined,8,Bottom,1,1,2,Slider,Slider,FoulBallNotFieldable,Undefined,Undefined,Undefined,0,0,,79.23365,0.62293,0.665017,2542.439971,115.671683,9:45,5.76972,1.17734,5.31676,-39.40545,6.7837,-10.61288,3.07063,0.91709,71.4823,-6.641478,-1.22074,0.489149,,,,,,,,,,,,5.53244,3.6752,-1.22957,50,5.79804,-0.90046,-114.80965,-0.07148,7.25887,24.62713,-27.35196,GEO_COL,DAY_FLY,TuckerFieldatBarcroftPark,D1,A10,20260516-TuckerFieldatBarcroftPark-1,6b6d5280-5156-11f1-bfad-198183369b75,77.05713,,,7.75135,,,,,,,c0dadee9-703e-4f0a-a29d-6ad25cc75f47,2026-05-16,18:38:23.08,2026-05-16T14:38:23.0844928-04:00,2026-05-16T18:38:23.0844928Z,,v3,471301,471281,d133f518dc004df295395547d13e9707,"MacDougall, Ryan",836327,Right,DAY_FLY,16ce9379-d1ba-49fc-a05f-af1bf7d82ab2,55.17924,-115.91529,12.31357,5.77369,1.1565,-13.67598,-1.18183,-1.22635,3.62944,,,,,,,,,,,,,,,,,,,,,,,,,,,,,,,,,,,,,,,,,,,,,,,,,,,High,High,High,,,,,
258,2026-05-16,14:38:54.33,2,5,"Fortes, Michael",1000115283,Right,DAY_FLY,"Freker, Brodie",1000166944,Right,GEO_COL,Undefined,8,Bottom,1,1,2,Slider,Slider,FoulBallNotFieldable,Undefined,Undefined,Undefined,0,0,,77.75821,1.248239,0.807579,2617.004876,102.064819,9:30,5.84009,1.03041,5.10347,-44.26502,3.16866,-8.09158,3.32778,1.1171,71.48783,-6.802074,-0.624406,0.495695,59.72477,17.479936,171.93744,2909.227153,,,,86.2001,30.2721,170.124071,1.068499,4.26382,1.63902,-1.09986,50,5.92304,-1.2688,-112.87824,0.93132,5.51829,19.94897,-30.05281,GEO_COL,DAY_FLY,TuckerFieldatBarcroftPark,D1,A10,20260516-TuckerFieldatBarcroftPark-1,7e1579d0-5156-11f1-bfad-198183369b75,76.03951,9.39163,,6.27039,,,,1.72432,3.18284,-1.08202,c0dadee9-703e-4f0a-a29d-6ad25cc75f47,2026-05-16,18:38:54.33,2026-05-16T14:38:54.3348736-04:00,2026-05-16T18:38:54.3348736Z,GroundBall,v3,471301,471281,d133f518dc004df295395547d13e9707,"MacDougall, Ryan",836327,Right,DAY_FLY,36e25dfe-8585-463d-815a-2d149151a87a,55.39619,-113.82791,9.97449,5.84465,2.36198,-15.0264,-1.03321,-1.5315,2.75914,15.813747,1.85365,-84.33257,2.80768,,,,,,,3.22373,25.79555,-26.99916,,,,,,,-1.11989,12.1915,2.55289,,,,,,,,,,,,,,,,,,,,,,,,,,,,,High,High,High,Medium,Low,,,
259,2026-05-16,14:39:18.50,2,6,"Fortes, Michael",1000115283,Right,DAY_FLY,"Freker, Brodie",1000166944,Right,GEO_COL,Undefined,8,Bottom,1,1,2,Fastball,Four-Seam,BallCalled,Undefined,Undefined,Undefined,0,0,,91.00635,-1.621305,0.42627,2153.479652,176.03499,11:45,5.93337,0.71708,6.0295,-15.73717,17.45678,-1.14441,3.12005,1.01648,84.02722,-4.604401,0.220317,0.414668,,,,,,,,,,,,0.69346,9.6854,-0.74978,50,5.79792,-0.93641,-132.33159,-4.20502,1.24322,25.32713,-14.81051,GEO_COL,DAY_FLY,TuckerFieldatBarcroftPark,D1,A10,20260516-TuckerFieldatBarcroftPark-1,8c7d8670-5156-11f1-bfad-198183369b75,90.89778,,,6.97914,,,,,,,c0dadee9-703e-4f0a-a29d-6ad25cc75f47,2026-05-16,18:39:18.50,2026-05-16T14:39:18.5034752-04:00,2026-05-16T18:39:18.5034752Z,,v3,471301,471281,d133f518dc004df295395547d13e9707,"MacDougall, Ryan",836327,Right,DAY_FLY,30143298-e514-4e3b-baed-dbf8bddefb90,54.46902,-133.18417,12.66356,5.93108,-3.70646,-7.40526,-0.71755,-0.97826,0.62161,,,,,,,,,,,,,,,,,,,,,,,,,,,,,,,,,,,,,,,,,,,,,,,,,,,High,High,High,,,,,
260,2026-05-16,14:39:38.09,2,7,"Fortes, Michael",1000115283,Right,DAY_FLY,"Freker, Brodie",1000166944,Right,GEO_COL,Undefined,8,Bottom,1,2,2,Fastball,Four-Seam,BallCalled,Undefined,Undefined,Undefined,0,0,,89.62161,0.15549,-0.821499,2118.283355,179.052823,12:00,6.01819,0.72805,6.02476,-16.40603,18.10651,-0.28181,4.79505,-0.05633,81.92365,-2.980572,-0.87219,0.422824,,,,,,,,,,,,-0.07949,9.57697,-0.66365,50,6.02125,1.87926,-130.22656,-0.10455,-0.1368,26.82673,-15.69437,GEO_COL,DAY_FLY,TuckerFieldatBarcroftPark,D1,A10,20260516-TuckerFieldatBarcroftPark-1,982588b0-5156-11f1-bfad-198183369b75,89.14447,,,7.69797,,,,,,,c0dadee9-703e-4f0a-a29d-6ad25cc75f47,2026-05-16,18:39:38.09,2026-05-16T14:39:38.0904960-04:00,2026-05-16T18:39:38.0904960Z,,v3,471301,471281,d133f518dc004df295395547d13e9707,"MacDougall, Ryan",836327,Right,DAY_FLY,da64bcde-42ca-40bb-a0ff-f61015004360,54.47172,-131.14451,13.41337,6.01564,0.43247,-7.84718,-0.72803,1.88394,-0.0684,,,,,,,,,,,,,,,,,,,,,,,,,,,,,,,,,,,,,,,,,,,,,,,,,,,High,High,High,,,,,
261,2026-05-16,14:39:58.36,2,8,"Fortes, Michael",1000115283,Right,DAY_FLY,"Freker, Brodie",1000166944,Right,GEO_COL,Undefined,8,Bottom,1,3,2,Fastball,Four-Seam,StrikeCalled,Strikeout,Undefined,Undefined,0,0,,91.01851,-2.404023,0.191047,2229.093139,178.660613,12:00,5.92789,0.81793,6.27118,-15.31328,17.73773,-0.39154,2.43431,0.96142,83.74598,-5.326171,0.120254,0.413775,,,,,,,,,,,,0.25276,10.14745,-0.83187,50,5.74235,-0.42507,-132.27797,-5.96937,0.45056,26.59651,-14.08461,GEO_COL,DAY_FLY,TuckerFieldatBarcroftPark,D1,A10,20260516-TuckerFieldatBarcroftPark-1,a42f0be0-5156-11f1-bfad-198183369b75,91.09414,,,7.27253,,,,,,,c0dadee9-703e-4f0a-a29d-6ad25cc75f47,2026-05-16,18:39:58.36,2026-05-16T14:39:58.3600000-04:00,2026-05-16T18:39:58.3600000Z,,v3,471301,471281,d133f518dc004df295395547d13e9707,"MacDougall, Ryan",836327,Right,DAY_FLY,238fef30-282a-4570-9be5-dcf1ba87e18f,54.2269,-133.12514,13.29826,5.92534,-5.52073,-7.04231,-0.8181,-0.43942,0.22528,,,,,,,,,,,,,,,,,,,,,,,,,,,,,67.75316,,,0.966943,,,,-1.26741,6.13301,5.39014,69.35661,8.68056,55.43219,-1.24259,78.62018,-5.91594,6.13412,13.65523,-11.40993,5.42135,58.14081,-6.78477,High,High,High,,,High,Medium,Low
262,2026-05-16,14:40:32.50,3,1,"Fortes, Michael",1000115283,Right,DAY_FLY,"Peitz, Travis",10035065,Right,GEO_COL,Undefined,8,Bottom,2,0,0,Slider,Slider,StrikeSwinging,Undefined,Undefined,Undefined,0,0,,77.95542,-1.331353,-1.430079,2447.108416,118.232739,10:00,5.77326,1.10868,5.16338,-40.17144,6.9743,-10.31162,1.17197,-1.09688,72.0278,-8.616909,-3.257579,0.494188,,,,,,,,,,,,4.77225,4.27162,-0.96704,50,5.61838,3.23342,-113.1249,-3.99377,6.20028,20.13258,-26.62423,GEO_COL,DAY_FLY,TuckerFieldatBarcroftPark,D1,A10,20260516-TuckerFieldatBarcroftPark-1,b89d2620-5156-11f1-bfad-198183369b75,76.27139,,,5.92763,,,,,,,c0dadee9-703e-4f0a-a29d-6ad25cc75f47,2026-05-16,18:40:32.50,2026-05-16T14:40:32.5014528-04:00,2026-05-16T18:40:32.5014528Z,,v3,471301,471281,d133f518dc004df295395547d13e9707,"MacDougall, Ryan",836327,Right,DAY_FLY,79fa13b5-4649-4bc8-bdb6-5f2c5df6b1a4,55.33541,-114.07047,10.06629,5.77659,-2.7433,-13.31211,-1.11207,2.9422,3.10014,,,,,,,,,,,,,,,,,,,,,,,,,,,,,,,,,,,,,,,,,,,,,,,,,,,High,High,High,,,,,
263,2026-05-16,14:40:51.61,3,2,"Fortes, Michael",1000115283,Right,DAY_FLY,"Peitz, Travis",10035065,Right,GEO_COL,Undefined,8,Bottom,2,0,1,Slider,Slider,BallCalled,Undefined,Undefined,Undefined,0,0,,79.30221,-0.736119,-2.349368,2505.168157,120.230735,10:00,5.74997,1.19661,5.23477,-38.76612,6.57705,-8.99457,1.82693,-1.76245,73.35009,-7.779186,-3.942855,0.484649,,,,,,,,,,,,3.88536,3.89878,-0.97339,50,5.65333,5.08326,-115.08077,-2.80846,5.23964,20.2371,-26.91632,GEO_COL,DAY_FLY,TuckerFieldatBarcroftPark,D1,A10,20260516-TuckerFieldatBarcroftPark-1,c3f50c90-5156-11f1-bfad-198183369b75,77.77265,,,5.95211,,,,,,,c0dadee9-703e-4f0a-a29d-6ad25cc75f47,2026-05-16,18:40:51.61,2026-05-16T14:40:51.6102144-04:00,2026-05-16T18:40:51.6102144Z,,v3,471301,471281,d133f518dc004df295395547d13e9707,"MacDougall, Ryan",836327,Right,DAY_FLY,33d85376-53b1-476a-a11a-fe7399bf4094,55.26391,-116.00274,10.11855,5.75335,-1.58219,-13.45816,-1.19954,4.84455,2.61982,,,,,,,,,,,,,,,,,,,,,,,,,,,,,,,,,,,,,,,,,,,,,,,,,,,High,High,High,,,,,
264,2026-05-16,14:41:10.26,3,3,"Fortes, Michael",1000115283,Right,DAY_FLY,"Peitz, Travis",10035065,Right,GEO_COL,Undefined,8,Bottom,2,1,1,Slider,Slider,InPlay,Undefined,FlyBall,Out,1,0,,78.0387,-0.0119,0.551928,2381.052894,78.174877,8:30,5.83165,1.10382,5.28761,-49.14916,-1.50646,-15.38481,1.72471,0.34004,70.79925,-8.971869,-2.185108,0.496786,93.56808,49.763613,-15.296103,4330.107245,106.41793,126.28745,-27.84225,251.72077,122.72824,-14.342642,6.200892,7.93914,-0.31835,-1.14218,50,5.79455,-0.48324,-113.14614,-1.69949,10.1074,24.09457,-32.57936,GEO_COL,DAY_FLY,TuckerFieldatBarcroftPark,D1,A10,20260516-TuckerFieldatBarcroftPark-1,cf134560-5156-11f1-bfad-198183369b75,75.87254,145.9099,,7.23944,,,,2.59079,2.07939,-0.3833,c0dadee9-703e-4f0a-a29d-6ad25cc75f47,2026-05-16,18:41:10.26,2026-05-16T14:41:10.2620160-04:00,2026-05-16T18:41:10.2620160Z,FlyBall,v3,471301,471281,d133f518dc004df295395547d13e9707,"MacDougall, Ryan",836327,Right,DAY_FLY,13b7463c-a44a-4765-bb75-e86862d5b791,55.21146,-114.25053,12.04729,5.83823,-0.20619,-16.28968,-1.10942,-0.94652,5.0537,181.228388,2.59771,85.39529,-24.18007,6.37296,-1.08167,0.10254,-0.0028,-0.00023,1E-05,2.08143,104.6982,-22.00829,0.87079,0.36177,-0.20534,0.04895,-0.00573,0.00026,-0.38515,-23.35604,7.12667,-1.92983,0.33909,-0.03446,0.00126,5E-05,-0,,,,,,,,,,,,,,,,,,,,,,,High,High,High,High,Low,,,
265,2026-05-16,14:43:15.33,1,1,"Aponick, Jonas",1000195463,Right,GEO_COL,"Heberlie, Aiden",809345,Right,DAY_FLY,Undefined,9,Top,0,0,0,Fastball,Four-Seam,StrikeCalled,Undefined,Undefined,Undefined,0,0,,83.86132,-2.24759,-1.950056,1869.853048,188.790563,12:15,5.79097,0.94642,6.04534,-24.17545,15.15954,2.16004,1.69326,-0.67963,77.30424,-6.766688,-1.561323,0.451399,,,,,,,,,,,,-1.62693,8.7763,-0.79569,50,5.60267,4.06341,-121.77516,-5.4942,-2.45641,22.68709,-18.92329,GEO_COL,DAY_FLY,TuckerFieldatBarcroftPark,D1,A10,20260516-TuckerFieldatBarcroftPark-1,19a8bf10-5157-11f1-bfad-198183369b75,83.50135,,,6.55708,,,,,,,c0dadee9-703e-4f0a-a29d-6ad25cc75f47,2026-05-16,18:43:15.33,2026-05-16T14:43:15.3336832-04:00,2026-05-16T18:43:15.3336832Z,,v3,471301,471281,d133f518dc004df295395547d13e9707,"Lavey, Robbie",835215,Right,GEO_COL,3e8fcb46-48a9-4c23-a080-b436eb77b432,54.453,-122.60196,11.34355,5.79034,-4.80457,-9.46165,-0.94541,4.15293,-1.22821,,,,,,,,,,,,,,,,,,,,,,,,,,,,,,,,,,,,,,,,,,,,,,,,,,,High,High,High,,,,,
266,2026-05-16,14:43:26.49,1,2,"Aponick, Jonas",1000195463,Right,GEO_COL,"Heberlie, Aiden",809345,Right,DAY_FLY,Undefined,9,Top,0,0,1,ChangeUp,Changeup,BallCalled,Undefined,Undefined,Undefined,0,0,,74.74685,-0.928467,-2.239087,1207.025478,211.886572,1:00,5.76857,0.66786,5.49771,-40.12175,10.29418,5.47815,1.55591,-0.97103,69.2641,-8.267622,-1.26272,0.51104,,,,,,,,,,,,-3.34225,5.8967,-0.47584,50,5.66022,4.04261,-108.52601,-2.99322,-4.01813,17.56342,-25.08494,GEO_COL,DAY_FLY,TuckerFieldatBarcroftPark,D1,A10,20260516-TuckerFieldatBarcroftPark-1,204cba60-5157-11f1-bfad-198183369b75,73.75627,,,5.48275,,,,,,,c0dadee9-703e-4f0a-a29d-6ad25cc75f47,2026-05-16,18:43:26.49,2026-05-16T14:43:26.4933888-04:00,2026-05-16T18:43:26.4933888Z,,v3,471301,471281,d133f518dc004df295395547d13e9707,"Lavey, Robbie",835215,Right,GEO_COL,f114bb9b-cd41-42f6-8d74-71a22652936a,55.00071,-109.33231,8.78171,5.7712,-1.84162,-12.54247,-0.66567,4.22708,-2.00907,,,,,,,,,,,,,,,,,,,,,,,,,,,,,,,,,,,,,,,,,,,,,,,,,,,High,High,High,,,,,
267,2026-05-16,14:43:38.05,1,3,"Aponick, Jonas",1000195463,Right,GEO_COL,"Heberlie, Aiden",809345,Right,DAY_FLY,Undefined,9,Top,0,1,1,Cutter,Cutter,BallCalled,Undefined,Undefined,Undefined,0,0,,84.97773,0.123756,0.538669,1955.923799,175.18806,11:45,5.84507,0.81468,5.55641,-19.14706,20.32037,-1.5976,4.36511,1.18486,76.94355,-3.52163,0.253791,0.452159,,,,,,,,,,,,0.96213,10.59583,-0.86017,50,5.84342,-1.08977,-123.24941,-0.28573,1.46856,26.25337,-16.00089,GEO_COL,DAY_FLY,TuckerFieldatBarcroftPark,D1,A10,20260516-TuckerFieldatBarcroftPark-1,27266bb0-5157-11f1-bfad-198183369b75,83.3611,,,8.03418,,,,,,,c0dadee9-703e-4f0a-a29d-6ad25cc75f47,2026-05-16,18:43:38.05,2026-05-16T14:43:38.0566016-04:00,2026-05-16T18:43:38.0566016Z,,v3,471301,471281,d133f518dc004df295395547d13e9707,"Lavey, Robbie",835215,Right,GEO_COL,c3120186-159d-4a1e-948b-9e74eb9b0dd2,54.93785,-124.29677,13.12669,5.84209,0.35262,-8.00044,-0.81552,-1.14836,0.73428,,,,,,,,,,,,,,,,,,,,,,,,,,,,,,,,,,,,,,,,,,,,,,,,,,,High,High,High,,,,,
268,2026-05-16,14:43:53.07,1,4,"Aponick, Jonas",1000195463,Right,GEO_COL,"Heberlie, Aiden",809345,Right,DAY_FLY,Undefined,9,Top,0,2,1,Curveball,Slider,BallCalled,Undefined,Undefined,Undefined,0,0,,72.91703,2.811948,-1.746307,1036.722139,119.545998,10:00,5.71189,0.79823,5.63878,-46.2681,7.07032,-9.48752,4.48279,-1.62201,66.54854,-5.727968,-3.437435,0.525644,,,,,,,,,,,,4.27236,3.32205,-0.64382,50,5.92188,3.56795,-105.68205,3.81923,4.81723,18.51765,-28.42834,GEO_COL,DAY_FLY,TuckerFieldatBarcroftPark,D1,A10,20260516-TuckerFieldatBarcroftPark-1,30232410-5157-11f1-bfad-198183369b75,71.70719,,,6.36848,,,,,,,c0dadee9-703e-4f0a-a29d-6ad25cc75f47,2026-05-16,18:43:53.07,2026-05-16T14:43:53.0700800-04:00,2026-05-16T18:43:53.0700800Z,,v3,471301,471281,d133f518dc004df295395547d13e9707,"Lavey, Robbie",835215,Right,GEO_COL,b8c14506-2048-4361-9fa8-54fadea59812,54.85755,-106.52979,9.25883,5.71724,5.12068,-14.21417,-0.80211,3.34742,2.40862,,,,,,,,,,,,,,,,,,,,,,,,,,,,,,,,,,,,,,,,,,,,,,,,,,,High,High,High,,,,,
269,2026-05-16,14:44:06.74,1,5,"Aponick, Jonas",1000195463,Right,GEO_COL,"Heberlie, Aiden",809345,Right,DAY_FLY,Undefined,9,Top,0,3,1,Cutter,Four-Seam,StrikeCalled,Undefined,Undefined,Undefined,0,0,,83.88316,-1.934846,-2.101151,1905.022891,185.540257,12:15,5.69764,0.88843,6.13583,-23.94891,15.37072,1.37118,1.91179,-0.94009,77.00755,-6.433209,-1.854054,0.451311,,,,,,,,,,,,-1.28374,8.85611,-0.72878,50,5.53742,4.4155,-121.78304,-4.80441,-1.93075,23.58451,-18.85421,GEO_COL,DAY_FLY,TuckerFieldatBarcroftPark,D1,A10,20260516-TuckerFieldatBarcroftPark-1,384c38c0-5157-11f1-bfad-198183369b75,83.51762,,,6.87561,,,,,,,c0dadee9-703e-4f0a-a29d-6ad25cc75f47,2026-05-16,18:44:06.74,2026-05-16T14:44:06.7401728-04:00,2026-05-16T18:44:06.7401728Z,,v3,471301,471281,d133f518dc004df295395547d13e9707,"Lavey, Robbie",835215,Right,GEO_COL,ebb0e8bd-d66e-4c59-b625-6373bd2a5f11,54.36166,-122.62481,11.79226,5.69689,-4.13147,-9.42711,-0.88761,4.48441,-0.96538,,,,,,,,,,,,,,,,,,,,,,,,,,,,,,,,,,,,,,,,,,,,,,,,,,,High,High,High,,,,,
270,2026-05-16,14:44:19.50,1,6,"Aponick, Jonas",1000195463,Right,GEO_COL,"Heberlie, Aiden",809345,Right,DAY_FLY,Undefined,9,Top,0,3,2,Fastball,Four-Seam,StrikeCalled,Strikeout,Undefined,Undefined,0,0,,83.49853,-2.186897,-1.871179,1929.829292,189.259766,12:15,5.69906,0.8509,6.09319,-24.54804,15.35458,2.29067,1.62853,-0.68959,76.40146,-6.797722,-1.458538,0.454645,,,,,,,,,,,,-1.71539,8.94434,-0.70791,50,5.51749,3.87032,-121.16745,-5.33666,-2.54364,24.2463,-18.91125,GEO_COL,DAY_FLY,TuckerFieldatBarcroftPark,D1,A10,20260516-TuckerFieldatBarcroftPark-1,3fddef70-5157-11f1-bfad-198183369b75,82.90527,,,7.09707,,,,,,,c0dadee9-703e-4f0a-a29d-6ad25cc75f47,2026-05-16,18:44:19.50,2026-05-16T14:44:19.5000000-04:00,2026-05-16T18:44:19.5000000Z,,v3,471301,471281,d133f518dc004df295395547d13e9707,"Lavey, Robbie",835215,Right,GEO_COL,f181df7f-35e2-4c12-8b9f-02e029380651,54.40381,-122.0455,12.12315,5.69835,-4.65182,-9.45563,-0.84973,3.96244,-1.27182,,,,,,,,,,,,,,,,,,,,,,,,,,,,,59.83754,2.737119,1.574912,1.162207,-0.31325,1.41963,0.73344,-1.63465,6.07727,0.72236,69.00718,8.51134,-55.77995,-1.64237,62.59846,-1.54179,6.10865,19.62831,-15.17811,0.66196,-57.4681,7.77981,High,High,High,,,High,Medium,Low
271,2026-05-16,14:44:43.66,2,1,"Aponick, Jonas",1000195463,Right,GEO_COL,"Sardinas, Alejandro",1000180208,Right,DAY_FLY,Undefined,9,Top,1,0,0,Fastball,Four-Seam,InPlay,Undefined,FlyBall,Out,1,0,,85.96004,-1.555284,-0.474265,1916.000953,180.026623,12:00,5.76271,0.88651,5.93805,-18.99985,18.82946,0.00819,2.7362,0.44722,78.41841,-5.165701,-0.472796,0.442676,87.40918,24.514841,-12.267693,1863.269196,107.501,44.09128,-23.31107,320.50874,314.63783,-12.262556,4.213381,-0.14091,10.4989,-0.8487,50,5.62808,1.03296,-124.82839,-3.92928,-0.22153,25.96005,-15.66712,GEO_COL,DAY_FLY,TuckerFieldatBarcroftPark,D1,A10,20260516-TuckerFieldatBarcroftPark-1,4e4008a0-5157-11f1-bfad-198183369b75,85.14686,55.03843,,7.54163,,,,1.80296,2.8392,-0.45984,c0dadee9-703e-4f0a-a29d-6ad25cc75f47,2026-05-16,18:44:43.66,2026-05-16T14:44:43.6670000-04:00,2026-05-16T18:44:43.6670000Z,LineDrive,v3,471301,471281,d133f518dc004df295395547d13e9707,"Lavey, Robbie",835215,Right,GEO_COL,4dedb67f-2730-49bc-945d-3c2365653264,54.56009,-125.77315,12.98002,5.76071,-3.35911,-7.83356,-0.88644,1.04103,-0.11076,181.022683,1.80265,113.98562,-18.60688,4.03053,-0.8363,0.18251,-0.0369,0.00489,-0.00028,2.83927,53.19785,-14.54604,0.70922,-0.14105,0.0119,0.00511,-0.00124,8E-05,-0.45986,-24.78289,4.21387,-0.92745,0.17317,-0.03086,0.00539,-0.0007,4E-05,,,,,,,,,,,,,,,,,,,,,,,High,High,High,High,High,,,
272,2026-05-16,14:45:22.13,3,1,"Aponick, Jonas",1000195463,Right,GEO_COL,"Ahlers, Tommy",1000437905,Right,DAY_FLY,Undefined,9,Top,2,0,0,Fastball,Four-Seam,StrikeCalled,Undefined,Undefined,Undefined,0,0,,86.23212,-1.746214,-1.579063,2052.131935,186.217804,12:15,5.70511,0.83331,5.97366,-17.88942,19.72249,2.01291,2.59439,-0.46318,78.56729,-5.160253,-1.217399,0.441402,,,,,,,,,,,,-1.48394,10.98788,-0.70945,50,5.55687,3.36667,-125.12877,-4.30142,-2.34395,26.12946,-14.81835,GEO_COL,DAY_FLY,TuckerFieldatBarcroftPark,D1,A10,20260516-TuckerFieldatBarcroftPark-1,653d0b20-5157-11f1-bfad-198183369b75,85.39259,,,7.66483,,,,,,,c0dadee9-703e-4f0a-a29d-6ad25cc75f47,2026-05-16,18:45:22.13,2026-05-16T14:45:22.1310000-04:00,2026-05-16T18:45:22.1310000Z,,v3,471301,471281,d133f518dc004df295395547d13e9707,"Lavey, Robbie",835215,Right,GEO_COL,25ed28ff-6878-471a-baa1-aa86a3338c7b,54.5222,-126.06956,13.06473,5.70214,-3.76788,-7.40917,-0.83218,3.45106,-1.17198,,,,,,,,,,,,,,,,,,,,,,,,,,,,,,,,,,,,,,,,,,,,,,,,,,,High,High,High,,,,,
273,2026-05-16,14:45:33.60,3,2,"Aponick, Jonas",1000195463,Right,GEO_COL,"Ahlers, Tommy",1000437905,Right,DAY_FLY,Undefined,9,Top,2,0,1,Fastball,Four-Seam,BallCalled,Undefined,Undefined,Undefined,0,0,,87.86488,-2.529201,0.393763,1962.531291,180.780099,12:00,5.76818,0.51491,5.71104,-15.05316,21.46981,0.27602,2.15588,0.90476,80.21638,-5.407329,0.443141,0.434965,,,,,,,,,,,,-0.0289,11.97135,-0.54804,50,5.54713,-0.88787,-127.46022,-6.04086,-0.04748,26.49989,-12.50447,GEO_COL,DAY_FLY,TuckerFieldatBarcroftPark,D1,A10,20260516-TuckerFieldatBarcroftPark-1,6c0ecd30-5157-11f1-bfad-198183369b75,86.65623,,,7.64849,,,,,,,c0dadee9-703e-4f0a-a29d-6ad25cc75f47,2026-05-16,18:45:33.60,2026-05-16T14:45:33.6000000-04:00,2026-05-16T18:45:33.6000000Z,,v3,471301,471281,d133f518dc004df295395547d13e9707,"Lavey, Robbie",835215,Right,GEO_COL,9562cccc-a059-4015-81eb-906dc1841527,54.78527,-128.45126,13.24995,5.7643,-5.57322,-6.25223,-0.51487,-0.88609,-0.02374,,,,,,,,,,,,,,,,,,,,,,,,,,,,,,,,,,,,,,,,,,,,,,,,,,,High,High,High,,,,,
274,2026-05-16,14:45:46.93,3,3,"Aponick, Jonas",1000195463,Right,GEO_COL,"Ahlers, Tommy",1000437905,Right,DAY_FLY,Undefined,9,Top,2,1,1,Fastball,Four-Seam,BallCalled,Undefined,Undefined,Undefined,0,0,,85.62251,-0.664139,0.003295,1988.568936,185.978167,12:15,5.77302,0.52128,5.8319,-18.03867,20.16867,1.98382,3.65244,0.68966,78.11575,-4.102621,0.358952,0.444882,,,,,,,,,,,,-1.00622,10.8365,-0.52269,50,5.70819,-0.08965,-124.33911,-1.94016,-1.57366,25.16275,-15.22636,GEO_COL,DAY_FLY,TuckerFieldatBarcroftPark,D1,A10,20260516-TuckerFieldatBarcroftPark-1,73f4be60-5157-11f1-bfad-198183369b75,84.72457,,,7.50677,,,,,,,c0dadee9-703e-4f0a-a29d-6ad25cc75f47,2026-05-16,18:45:46.93,2026-05-16T14:45:46.9350000-04:00,2026-05-16T18:45:46.9350000Z,,v3,471301,471281,d133f518dc004df295395547d13e9707,"Lavey, Robbie",835215,Right,GEO_COL,54e5ce7a-afe1-40ef-a926-a5006951017e,54.66398,-125.27942,12.58138,5.77006,-1.37117,-7.61318,-0.52044,-0.03084,-0.78683,,,,,,,,,,,,,,,,,,,,,,,,,,,,,,,,,,,,,,,,,,,,,,,,,,,High,High,High,,,,,
275,2026-05-16,14:45:59.46,3,4,"Aponick, Jonas",1000195463,Right,GEO_COL,"Ahlers, Tommy",1000437905,Right,DAY_FLY,Undefined,9,Top,2,2,1,Cutter,Cutter,InPlay,Undefined,Popup,Out,1,0,,83.47901,-0.462043,-1.498458,1881.749032,171.048303,11:45,5.78408,0.73158,6.27375,-24.25186,15.05052,-2.18571,3.33702,-0.83217,76.75611,-5.034991,-1.893395,0.451212,81.25065,64.74956,3.671509,,,,,,51.33151,,,0.74362,8.31528,-0.61981,50,5.738,3.25525,-121.3785,-1.65718,1.11402,22.83074,-19.71728,GEO_COL,DAY_FLY,TuckerFieldatBarcroftPark,D1,A10,20260516-TuckerFieldatBarcroftPark-1,7b7006e0-5157-11f1-bfad-198183369b75,83.53592,113.01206,,6.7229,,,,1.48787,3.51823,0.82369,c0dadee9-703e-4f0a-a29d-6ad25cc75f47,2026-05-16,18:45:59.46,2026-05-16T14:45:59.4630000-04:00,2026-05-16T18:45:59.4630000Z,,v3,471301,471281,d133f518dc004df295395547d13e9707,"Lavey, Robbie",835215,Right,GEO_COL,66cdd2bd-c4c8-4ce7-8b35-964ae1b90b87,54.22516,-122.17065,11.41537,5.78363,-0.97306,-9.85864,-0.73209,3.2166,0.55701,183.308161,1.48791,50.72482,-17.3382,4.98512,-0.8439,0.28305,-0.34278,0.19487,-0.03889,3.51822,107.7834,-25.70356,2.70917,-0.59588,0.11863,0.06146,-0.05957,0.01352,0.82369,3.25561,0.46098,-0.21907,0.03722,-0.0144,0.02465,-0.01503,0.00307,,,,,,,,,,,,,,,,,,,,,,,High,High,High,High,Undefined,,,
276,2026-05-16,14:48:22.90,1,1,"Fortes, Michael",1000115283,Right,DAY_FLY,"Dewey, Christian",10179677,Left,GEO_COL,Undefined,9,Bottom,0,0,0,Fastball,Four-Seam,StrikeCalled,Undefined,Undefined,Undefined,0,0,,89.09697,-2.132389,-0.221053,2173.273946,185.236824,12:15,5.99181,1.19356,5.97705,-17.02186,18.11769,1.55602,2.59569,1.11832,81.3695,-5.371306,0.05875,0.426648,,,,,,,,,,,,-0.86165,10.2556,-1.17694,50,5.81371,0.43411,-129.3543,-5.30344,-1.45722,27.45454,-14.83011,GEO_COL,DAY_FLY,TuckerFieldatBarcroftPark,D1,A10,20260516-TuckerFieldatBarcroftPark-1,d0f7a050-5157-11f1-bfad-198183369b75,88.34554,,,7.72747,,,,,,,c0dadee9-703e-4f0a-a29d-6ad25cc75f47,2026-05-16,18:48:22.90,2026-05-16T14:48:22.9012992-04:00,2026-05-16T18:48:22.9012992Z,,v3,471301,471281,d133f518dc004df295395547d13e9707,"MacDougall, Ryan",836327,Right,DAY_FLY,74fdab58-1df8-4283-9a60-ce2093f27ddf,54.52023,-130.31015,13.72727,5.98937,-4.78711,-7.41506,-1.19294,0.48484,-0.72861,,,,,,,,,,,,,,,,,,,,,,,,,,,,,,,,,,,,,,,,,,,,,,,,,,,High,High,High,,,,,
277,2026-05-16,14:48:37.82,1,2,"Fortes, Michael",1000115283,Right,DAY_FLY,"Dewey, Christian",10179677,Left,GEO_COL,Undefined,9,Bottom,0,0,1,Slider,Slider,StrikeSwinging,Undefined,Undefined,Undefined,0,0,,79.00582,-1.514886,-0.200399,2466.225034,130.841262,10:15,5.86116,1.35043,5.16749,-38.33723,8.39839,-7.73465,1.24036,0.51728,71.59278,-8.534494,-1.572545,0.492034,,,,,,,,,,,,3.77996,5.18492,-1.32562,50,5.69123,0.71985,-114.41073,-4.32759,4.92841,24.32539,-25.41378,GEO_COL,DAY_FLY,TuckerFieldatBarcroftPark,D1,A10,20260516-TuckerFieldatBarcroftPark-1,d9d4e9d0-5157-11f1-bfad-198183369b75,76.60533,,,7.41304,,,,,,,c0dadee9-703e-4f0a-a29d-6ad25cc75f47,2026-05-16,18:48:37.82,2026-05-16T14:48:37.8265600-04:00,2026-05-16T18:48:37.8265600Z,,v3,471301,471281,d133f518dc004df295395547d13e9707,"MacDougall, Ryan",836327,Right,DAY_FLY,eaf3e117-4084-4b23-9881-db9fe642c3ee,55.3276,-115.5379,12.16269,5.86447,-3.14999,-12.70689,-1.35369,0.49148,2.4642,,,,,,,,,,,,,,,,,,,,,,,,,,,,,,,,,,,,,,,,,,,,,,,,,,,High,High,High,,,,,
278,2026-05-16,14:48:56.93,1,3,"Fortes, Michael",1000115283,Right,DAY_FLY,"Dewey, Christian",10179677,Left,GEO_COL,Undefined,9,Bottom,0,0,2,Fastball,Four-Seam,BallCalled,Undefined,Undefined,Undefined,0,0,,89.3727,0.884353,0.974818,2163.424157,194.334954,12:30,5.99066,1.36797,6.01943,-17.06068,18.15895,4.32673,5.38825,2.63154,80.5393,-2.403804,1.752731,0.427134,,,,,,,,,,,,-1.88595,9.36886,-1.44646,50,6.05049,-2.39532,-129.62983,1.54091,-3.1694,30.22395,-16.42933,GEO_COL,DAY_FLY,TuckerFieldatBarcroftPark,D1,A10,20260516-TuckerFieldatBarcroftPark-1,e5458860-5157-11f1-bfad-198183369b75,88.24509,,,8.8334,,,,,,,c0dadee9-703e-4f0a-a29d-6ad25cc75f47,2026-05-16,18:48:56.93,2026-05-16T14:48:56.9382912-04:00,2026-05-16T18:48:56.9382912Z,,v3,471301,471281,d133f518dc004df295395547d13e9707,"MacDougall, Ryan",836327,Right,DAY_FLY,a67d6b2c-de9f-4168-93bc-ce679a1e2a00,54.47364,-130.66872,15.11198,5.98782,2.10564,-8.21466,-1.36599,-2.28638,-1.5847,,,,,,,,,,,,,,,,,,,,,,,,,,,,,,,,,,,,,,,,,,,,,,,,,,,High,High,High,,,,,
279,2026-05-16,14:49:20.51,1,4,"Fortes, Michael",1000115283,Right,DAY_FLY,"Dewey, Christian",10179677,Left,GEO_COL,Undefined,9,Bottom,0,1,2,Slider,Slider,FoulBallNotFieldable,Undefined,Undefined,Undefined,0,0,,77.86929,0.251553,-0.029918,2335.631279,115.915688,9:45,5.83173,1.34377,5.27292,-41.55148,5.75016,-8.66682,2.60538,0.59344,71.23556,-7.349035,-1.569179,0.495005,62.54375,33.144028,-166.538461,4404.733901,,,,29.09292,29.09292,-114.416077,1.699659,4.32508,3.26799,-1.33443,50,5.82434,0.4045,-112.99462,-0.89741,5.5694,21.35853,-27.96588,GEO_COL,DAY_FLY,TuckerFieldatBarcroftPark,D1,A10,20260516-TuckerFieldatBarcroftPark-1,f34f6f70-5157-11f1-bfad-198183369b75,76.14559,18.97889,,6.63373,,,,1.91432,2.66249,-0.58947,c0dadee9-703e-4f0a-a29d-6ad25cc75f47,2026-05-16,18:49:20.51,2026-05-16T14:49:20.5140992-04:00,2026-05-16T18:49:20.5140992Z,FlyBall,v3,471301,471281,d133f518dc004df295395547d13e9707,"MacDougall, Ryan",836327,Right,DAY_FLY,4dc0b2a9-5bb9-4e32-a446-edca5751a507,55.2246,-113.97791,10.67926,5.83602,0.39006,-13.98294,-1.34715,0.1481,2.7847,250.773029,1.91435,-74.70015,49.93341,-9.11871,2.88425,-1.44436,0.66572,-0.18641,0.02232,2.66242,50.16297,-46.94065,15.59231,-7.05086,4.52362,-2.40495,0.74605,-0.09749,-0.58945,-17.88219,2.66201,-1.0722,0.73474,-0.71819,0.44419,-0.14452,0.01917,,,,,,,,,,,,,,,,,,,,,,,High,High,High,Low,Medium,,,
280,2026-05-16,14:49:40.97,1,5,"Fortes, Michael",1000115283,Right,DAY_FLY,"Dewey, Christian",10179677,Left,GEO_COL,Undefined,9,Bottom,0,1,2,Fastball,Cutter,FoulBallNotFieldable,Undefined,Undefined,Undefined,0,0,,89.23407,-0.34298,-0.792087,2069.793123,180.528282,12:00,5.92667,1.23772,5.70351,-23.18966,11.98942,0.10071,3.67459,0.50802,81.851,-4.665132,-0.774073,0.426888,82.89104,46.82614,-69.256086,3466.499093,,,,,74.76,,,-0.26386,6.51658,-1.17138,50,5.88354,1.78831,-129.65935,-1.55985,-0.45073,26.2436,-21.04269,GEO_COL,DAY_FLY,TuckerFieldatBarcroftPark,D1,A10,20260516-TuckerFieldatBarcroftPark-1,ff7490f0-5157-11f1-bfad-198183369b75,88.29592,71.26817,,7.38308,,,,1.27369,3.66291,-0.50609,c0dadee9-703e-4f0a-a29d-6ad25cc75f47,2026-05-16,18:49:40.97,2026-05-16T14:49:40.9708032-04:00,2026-05-16T18:49:40.9708032Z,,v3,471301,471281,d133f518dc004df295395547d13e9707,"MacDougall, Ryan",836327,Right,DAY_FLY,2fcffcd9-fa29-40b5-affc-268ba721d2d9,54.79522,-130.62632,13.1218,5.92673,-0.78451,-10.52135,-1.23758,1.80491,-0.22536,,1.27369,29.46246,-6.12668,1.32908,-0.265,0.05652,-0.0124,0.00236,-0.00027,3.66291,88.66111,-23.51527,2.74462,-0.60162,0.12552,-0.02714,0.00535,-0.00062,-0.50609,-77.78976,10.08993,-2.16542,0.42739,-0.09044,0.02005,-0.0038,0.00045,,,,,,,,,,,,,,,,,,,,,,,High,High,High,Medium,Undefined,,,
281,2026-05-16,14:50:04.83,1,6,"Fortes, Michael",1000115283,Right,DAY_FLY,"Dewey, Christian",10179677,Left,GEO_COL,Undefined,9,Bottom,0,1,2,Slider,Curveball,InPlay,Undefined,LineDrive,Out,1,0,,74.76914,0.344017,1.103609,2605.075255,94.698606,9:15,5.77496,1.25122,5.06964,-48.77487,2.84059,-14.47288,2.0348,1.08579,68.67364,-8.505305,-1.458575,0.517084,80.84093,21.211776,15.803204,2278.054344,105.77476,35.08123,30.19393,252.1455,249.29448,18.464453,3.479317,7.56973,1.73933,-1.34372,50,5.76882,-1.53702,-108.50587,-0.97221,8.99999,19.46805,-30.10608,GEO_COL,DAY_FLY,TuckerFieldatBarcroftPark,D1,A10,20260516-TuckerFieldatBarcroftPark-1,0dbd2eb0-5158-11f1-bfad-198183369b75,72.89418,38.27631,,6.0955,,,,2.38083,2.2306,-1.13666,c0dadee9-703e-4f0a-a29d-6ad25cc75f47,2026-05-16,18:50:04.83,2026-05-16T14:50:04.8304128-04:00,2026-05-16T18:50:04.8304128Z,LineDrive,v3,471301,471281,d133f518dc004df295395547d13e9707,"MacDougall, Ryan",836327,Right,DAY_FLY,595fea33-f48a-45ae-ae6a-0b9c5efd0e93,55.43053,-109.47587,9.73403,5.77989,0.52784,-15.05304,-1.25596,-1.98545,4.5,188.778678,2.38081,106.35702,-20.4127,4.56264,-0.85953,0.14924,-0.02341,0.00249,-0.0001,2.23073,42.89192,-12.71617,-0.19391,0.18717,-0.08201,0.02283,-0.00296,0.00013,-1.13669,30.10339,-4.01727,1.00427,-0.20144,0.043,-0.00924,0.00138,-9E-05,,,,,,,,,,,,,,,,,,,,,,,High,High,High,High,High,,,
282,2026-05-16,14:50:54.18,2,1,"Fortes, Michael",1000115283,Right,DAY_FLY,"Bravette, Michael",10278415,Right,GEO_COL,Undefined,9,Bottom,1,0,0,Fastball,Four-Seam,InPlay,Undefined,LineDrive,Single,0,0,,90.45967,-1.835037,-0.793139,2247.687039,192.235566,12:30,6.00243,0.82864,6.39747,-17.13997,16.34989,3.31457,2.88577,0.3754,82.71782,-5.111645,-0.192411,0.416513,94.56457,12.846756,9.424502,2329.961869,107.37563,21.50777,23.88434,261.62238,261.19863,17.44484,2.741157,-1.96394,9.39221,-0.77325,50,5.86277,1.69013,-131.47094,-4.68219,-3.43255,28.23591,-15.75834,GEO_COL,DAY_FLY,TuckerFieldatBarcroftPark,D1,A10,20260516-TuckerFieldatBarcroftPark-1,2b18e620-5158-11f1-bfad-198183369b75,90.49529,23.16203,,7.74185,,,,1.54115,2.9058,-0.40427,c0dadee9-703e-4f0a-a29d-6ad25cc75f47,2026-05-16,18:50:54.18,2026-05-16T14:50:54.1883904-04:00,2026-05-16T18:50:54.1883904Z,LineDrive,v3,471301,471281,d133f518dc004df295395547d13e9707,"MacDougall, Ryan",836327,Right,DAY_FLY,ae18b898-794f-4963-a14e-4abd16bbc188,54.1013,-132.34884,14.11796,6.00073,-4.19224,-7.87917,-0.82745,1.79685,-1.71628,223.762851,1.54115,133.39744,-25.60889,5.71446,-1.14594,0.20584,-0.03326,0.00422,-0.00027,2.9058,30.83819,-11.12398,-0.94791,0.51476,-0.14772,0.03168,-0.00402,0.00022,-0.40427,22.14278,6.17005,-2.68934,0.83808,-0.20971,0.04127,-0.00537,0.00033,,,,,,,,,,,,,,,,,,,,,,,High,High,High,High,High,,,
283,2026-05-16,14:51:26.86,3,1,"Fortes, Michael",1000115283,Right,DAY_FLY,"Kent, Jack",10959762,Right,GEO_COL,Undefined,9,Bottom,1,0,0,Slider,Slider,StrikeSwinging,Undefined,Undefined,Undefined,0,0,,77.52077,-1.857043,-1.21735,2583.482004,94.854409,9:15,5.84113,1.18327,5.22022,-45.56223,3.09469,-15.2556,0.29728,-1.23275,70.38859,-10.133609,-3.927184,0.502046,,,,,,,,,,,,7.22878,2.68315,-1.05899,50,5.63591,2.99156,-112.22816,-5.1767,9.02501,24.30652,-28.82417,GEO_COL,DAY_FLY,TuckerFieldatBarcroftPark,D1,A10,20260516-TuckerFieldatBarcroftPark-1,3ea0bf10-5158-11f1-bfad-198183369b75,75.07764,,,7.13218,,,,,,,c0dadee9-703e-4f0a-a29d-6ad25cc75f47,2026-05-16,18:51:26.86,2026-05-16T14:51:26.8666880-04:00,2026-05-16T18:51:26.8666880Z,,v3,471301,471281,d133f518dc004df295395547d13e9707,"MacDougall, Ryan",836327,Right,DAY_FLY,ea62d753-3a81-4b03-a399-10536bf6f6e5,55.27684,-113.36526,12.15326,5.84655,-3.82825,-14.41209,-1.18906,2.56936,4.5125,,,,,,,,,,,,,,,,,,,,,,,,,,,,,,,,,,,,,,,,,,,,,,,,,,,High,High,High,,,,,
284,2026-05-16,14:51:45.91,3,2,"Fortes, Michael",1000115283,Right,DAY_FLY,"Kent, Jack",10959762,Right,GEO_COL,Undefined,9,Bottom,1,0,1,Slider,Slider,StrikeSwinging,Undefined,Undefined,Undefined,0,0,,78.8554,-1.839285,-0.922042,2535.266828,103.53425,9:30,5.88428,1.12123,5.24501,-41.69853,4.93988,-13.72969,0.6801,-0.88948,71.92838,-9.426026,-3.361674,0.491522,,,,,,,,,,,,6.58859,3.52685,-1.02592,50,5.68462,2.39137,-114.25672,-5.08881,8.59152,23.71684,-27.57502,GEO_COL,DAY_FLY,TuckerFieldatBarcroftPark,D1,A10,20260516-TuckerFieldatBarcroftPark-1,49fb1680-5158-11f1-bfad-198183369b75,76.68508,,,6.92702,,,,,,,c0dadee9-703e-4f0a-a29d-6ad25cc75f47,2026-05-16,18:51:45.91,2026-05-16T14:51:45.9140608-04:00,2026-05-16T18:51:45.9140608Z,,v3,471301,471281,d133f518dc004df295395547d13e9707,"MacDougall, Ryan",836327,Right,DAY_FLY,2865279a-01b0-4982-9398-55cadd1326c8,55.25244,-115.34184,11.85842,5.88859,-3.82717,-13.78751,-1.12634,1.99828,4.29576,,,,,,,,,,,,,,,,,,,,,,,,,,,,,,,,,,,,,,,,,,,,,,,,,,,High,High,High,,,,,
285,2026-05-16,14:52:04.55,3,3,"Fortes, Michael",1000115283,Right,DAY_FLY,"Kent, Jack",10959762,Right,GEO_COL,Undefined,9,Bottom,1,0,2,Slider,Slider,BallCalled,Undefined,Undefined,Undefined,0,0,,78.74202,-2.091663,-1.348632,2633.953804,107.935483,9:30,5.84427,1.05945,5.13374,-39.49486,6.55788,-16.18351,0.58187,-1.55943,73.27855,-9.211218,-4.215929,0.488426,,,,,,,,,,,,7.77886,4.19607,-0.9198,50,5.61735,3.33202,-114.31109,-5.53718,10.37132,19.56946,-26.57958,GEO_COL,DAY_FLY,TuckerFieldatBarcroftPark,D1,A10,20260516-TuckerFieldatBarcroftPark-1,55169030-5158-11f1-bfad-198183369b75,77.17119,,,5.46347,,,,,,,c0dadee9-703e-4f0a-a29d-6ad25cc75f47,2026-05-16,18:52:04.55,2026-05-16T14:52:04.5598208-04:00,2026-05-16T18:52:04.5598208Z,,v3,471301,471281,d133f518dc004df295395547d13e9707,"MacDougall, Ryan",836327,Right,DAY_FLY,37e6bf34-c91c-4b10-82f0-19df74436730,55.36688,-115.22621,9.78473,5.84722,-4.29425,-13.28979,-1.06428,2.84703,5.18566,,,,,,,,,,,,,,,,,,,,,,,,,,,,,,,,,,,,,,,,,,,,,,,,,,,High,High,High,,,,,
286,2026-05-16,14:52:27.00,3,4,"Fortes, Michael",1000115283,Right,DAY_FLY,"Kent, Jack",10959762,Right,GEO_COL,Undefined,9,Bottom,1,1,2,Slider,Curveball,BallCalled,Undefined,Undefined,Undefined,0,0,,76.74129,-2.087387,-2.059602,2557.789047,91.023977,9:00,5.76944,1.14229,5.07861,-47.7153,2.05854,-16.56131,-0.17669,-2.18018,70.12171,-10.68818,-4.991338,0.507776,,,,,,,,,,,,7.64044,2.15642,-0.93322,50,5.53396,4.64277,-111.08306,-5.67249,9.38012,23.13691,-29.52662,GEO_COL,DAY_FLY,TuckerFieldatBarcroftPark,D1,A10,20260516-TuckerFieldatBarcroftPark-1,627458c0-5158-11f1-bfad-198183369b75,74.23047,,,6.61958,,,,,,,c0dadee9-703e-4f0a-a29d-6ad25cc75f47,2026-05-16,18:52:27.00,2026-05-16T14:52:27.0094336-04:00,2026-05-16T18:52:27.0094336Z,,v3,471301,471281,d133f518dc004df295395547d13e9707,"MacDougall, Ryan",836327,Right,DAY_FLY,267797ac-6619-43ad-a9be-0c7871213f26,55.42037,-112.20636,11.56846,5.77456,-4.23897,-14.76331,-1.14757,4.18736,4.69006,,,,,,,,,,,,,,,,,,,,,,,,,,,,,,,,,,,,,,,,,,,,,,,,,,,High,High,High,,,,,
287,2026-05-16,14:52:51.25,3,5,"Fortes, Michael",1000115283,Right,DAY_FLY,"Kent, Jack",10959762,Right,GEO_COL,Undefined,9,Bottom,1,2,2,Fastball,Four-Seam,InPlay,Undefined,GroundBall,Single,0,0,,89.0327,-1.914386,-1.350552,2092.134772,194.599008,12:30,5.89763,1.13981,6.26007,-17.86753,16.7545,4.08811,2.64237,0.23498,81.76487,-5.309653,-0.611749,0.423494,59.40656,-58.716162,-123.824022,,,,,1.80958,1.62732,-61.524762,0.035738,-2.49453,9.55426,-1.04168,50,5.74678,2.88965,-129.38845,-4.82774,-4.24373,26.10691,-15.92029,GEO_COL,DAY_FLY,TuckerFieldatBarcroftPark,D1,A10,20260516-TuckerFieldatBarcroftPark-1,70d86dc0-5158-11f1-bfad-198183369b75,89.00341,2.67576,,7.26783,,,,1.76779,2.67576,-0.23999,c0dadee9-703e-4f0a-a29d-6ad25cc75f47,2026-05-16,18:52:51.25,2026-05-16T14:52:51.2570368-04:00,2026-05-16T18:52:51.2570368Z,GroundBall,v3,471301,471281,d133f518dc004df295395547d13e9707,"MacDougall, Ryan",836327,Right,DAY_FLY,018383ba-3ff1-4b5b-8cfe-486ae26ccf46,54.23887,-130.24092,13.05346,5.89593,-4.30789,-7.96014,-1.1383,3.02822,-2.12186,,1.76859,-25.3238,,,,,,,,2.67812,-74.87157,,,,,,,,-0.2388,-37.79395,,,,,,,,,,,,,,,,,,,,,,,,,,,,,,High,High,High,Estimated,Estimated,,,
288,2026-05-16,14:53:35.80,4,1,"Fortes, Michael",1000115283,Right,DAY_FLY,"Marmo, Greg",813688,Right,GEO_COL,Undefined,9,Bottom,1,0,0,Slider,Slider,StrikeCalled,Undefined,Undefined,Undefined,0,0,,78.81513,-0.813099,0.441138,2434.10815,141.384205,10:45,5.88766,1.14446,5.26148,-35.20356,11.16697,-7.65937,2.19007,0.92063,71.83117,-7.288195,-0.919042,0.490109,,,,,,,,,,,,4.02008,6.26126,-1.17876,50,5.78748,-0.58071,-114.32242,-2.77549,5.27462,22.76575,-23.95886,GEO_COL,DAY_FLY,TuckerFieldatBarcroftPark,D1,A10,20260516-TuckerFieldatBarcroftPark-1,8b79c020-5158-11f1-bfad-198183369b75,76.90626,,,6.98397,,,,,,,c0dadee9-703e-4f0a-a29d-6ad25cc75f47,2026-05-16,18:53:35.80,2026-05-16T14:53:35.8021120-04:00,2026-05-16T18:53:35.8021120Z,,v3,471301,471281,d133f518dc004df295395547d13e9707,"MacDougall, Ryan",836327,Right,DAY_FLY,e0e86025-e9ca-43bc-bbd8-a51dc0fb6d15,55.23732,-115.36064,11.38288,5.88914,-1.68285,-11.97943,-1.14679,-0.82126,2.63731,,,,,,,,,,,,,,,,,,,,,,,,,,,,,,,,,,,,,,,,,,,,,,,,,,,High,High,High,,,,,
289,2026-05-16,14:53:54.07,4,2,"Fortes, Michael",1000115283,Right,DAY_FLY,"Marmo, Greg",813688,Right,GEO_COL,Undefined,9,Bottom,1,0,1,Slider,Slider,FoulBallNotFieldable,Undefined,Undefined,Undefined,0,0,,78.68686,-0.950631,-0.21007,2413.644757,124.074932,10:15,5.83778,1.00475,5.38254,-39.6553,6.74985,-7.61882,1.64199,0.17294,71.73267,-8.22113,-1.566843,0.490292,61.49869,73.72843,-175.287086,3325.695223,,,,,11.71844,,,3.79925,4.11272,-0.98027,50,5.72486,0.71502,-114.13309,-3.19838,4.95785,23.10297,-26.80715,GEO_COL,DAY_FLY,TuckerFieldatBarcroftPark,D1,A10,20260516-TuckerFieldatBarcroftPark-1,9666d6d0-5158-11f1-bfad-198183369b75,76.87759,41.67399,,6.95418,,,,3.26229,2.01241,-0.21601,c0dadee9-703e-4f0a-a29d-6ad25cc75f47,2026-05-16,18:53:54.07,2026-05-16T14:53:54.0717568-04:00,2026-05-16T18:53:54.0717568Z,,v3,471301,471281,d133f518dc004df295395547d13e9707,"MacDougall, Ryan",836327,Right,DAY_FLY,8257d6e6-f15a-4f79-8e84-df9ac78946a4,55.11576,-115.16397,11.55149,5.84089,-2.00221,-13.40357,-1.00724,0.4938,2.47893,1.092218,3.26229,-25.18768,-4.08374,1.80927,2.06693,-10.34404,21.79891,-22.49161,9.11575,2.01241,86.58473,-28.97486,3.42581,0.65043,-5.12085,10.69527,-10.79464,4.26895,-0.21601,-2.0767,0.11154,0.28986,0.96099,-4.29478,8.98849,-9.24857,3.7392,,,,,,,,,,,,,,,,,,,,,,,High,High,High,High,Undefined,,,
290,2026-05-16,14:54:20.41,4,3,"Fortes, Michael",1000115283,Right,DAY_FLY,"Marmo, Greg",813688,Right,GEO_COL,Undefined,9,Bottom,1,0,2,Slider,Slider,BallCalled,Undefined,Undefined,Undefined,0,0,,77.7775,-1.195341,-1.209193,2486.166658,71.834869,8:30,5.77366,1.07205,5.14879,-50.50574,-1.97248,-11.55024,0.43909,-1.02903,70.47999,-10.347242,-3.25961,0.501408,,,,,,,,,,,,5.3515,-0.06858,-0.94965,50,5.62322,2.84232,-112.60701,-4.1059,6.71131,24.88876,-32.26005,GEO_COL,DAY_FLY,TuckerFieldatBarcroftPark,D1,A10,20260516-TuckerFieldatBarcroftPark-1,a6154620-5158-11f1-bfad-198183369b75,75.17323,,,7.29752,,,,,,,c0dadee9-703e-4f0a-a29d-6ad25cc75f47,2026-05-16,18:54:20.41,2026-05-16T14:54:20.4180480-04:00,2026-05-16T18:54:20.4180480Z,,v3,471301,471281,d133f518dc004df295395547d13e9707,"MacDougall, Ryan",836327,Right,DAY_FLY,ff74f2cf-2f7c-4cc2-bcfa-c4eee0090b4b,55.34854,-113.78302,12.44438,5.78121,-2.58159,-16.13002,-1.07646,2.52521,3.35566,,,,,,,,,,,,,,,,,,,,,,,,,,,,,,,,,,,,,,,,,,,,,,,,,,,High,High,High,,,,,
291,2026-05-16,14:54:42.13,4,4,"Fortes, Michael",1000115283,Right,DAY_FLY,"Marmo, Greg",813688,Right,GEO_COL,Undefined,9,Bottom,1,1,2,Fastball,Four-Seam,InPlay,Undefined,GroundBall,FieldersChoice,1,0,,88.69818,-1.589902,-1.17024,2184.333292,194.8137,12:30,5.85853,0.97745,5.90718,-19.19627,15.93296,3.9476,2.7824,0.22004,81.92897,-5.192611,-0.461487,0.426585,93.18221,-10.08168,-14.938062,,,,,16.11586,16.00714,-14.039653,0.110154,-2.32965,8.89626,-0.88583,50,5.71984,2.47373,-128.94986,-4.17538,-3.96269,24.24684,-17.04168,GEO_COL,DAY_FLY,TuckerFieldatBarcroftPark,D1,A10,20260516-TuckerFieldatBarcroftPark-1,b2f21ee0-5158-11f1-bfad-198183369b75,88.35853,2.79468,,6.76921,,,,1.62793,2.79468,-0.17954,c0dadee9-703e-4f0a-a29d-6ad25cc75f47,2026-05-16,18:54:42.13,2026-05-16T14:54:42.1374464-04:00,2026-05-16T18:54:42.1374464Z,GroundBall,v3,471301,471281,d133f518dc004df295395547d13e9707,"MacDougall, Ryan",836327,Right,DAY_FLY,07b39a5c-428b-422d-860c-84142bd1f09e,54.59266,-129.81056,12.12342,5.85732,-3.57045,-8.52084,-0.97614,2.6144,-1.98135,344.895497,1.62831,129.96391,-25.57157,,,,,,,2.79478,-23.93578,-13.04202,,,,,,,-0.17966,-34.67171,7.36729,,,,,,,,,,,,,,,,,,,,,,,,,,,,,High,High,High,High,High,,,
292,2026-05-16,14:55:22.64,5,1,"Fortes, Michael",1000115283,Right,DAY_FLY,"Lavey, Robbie",835215,Left,GEO_COL,Undefined,9,Bottom,2,0,0,Slider,Slider,StrikeSwinging,Undefined,Undefined,Undefined,0,0,,79.78332,-0.109299,0.214165,2440.413817,140.512528,10:45,5.7452,1.25799,5.05772,-37.67116,8.71497,-5.68217,2.50287,0.98644,71.44027,-7.049127,-0.790951,0.490191,,,,,,,,,,,,2.86173,4.90965,-1.27371,50,5.70579,-0.18469,-115.4083,-1.5272,3.76597,26.33591,-25.71314,GEO_COL,DAY_FLY,TuckerFieldatBarcroftPark,D1,A10,20260516-TuckerFieldatBarcroftPark-1,cb318c70-5158-11f1-bfad-198183369b75,76.89333,,,8.34305,,,,,,,c0dadee9-703e-4f0a-a29d-6ad25cc75f47,2026-05-16,18:55:22.64,2026-05-16T14:55:22.6488320-04:00,2026-05-16T18:55:22.6488320Z,,v3,471301,471281,d133f518dc004df295395547d13e9707,"MacDougall, Ryan",836327,Right,DAY_FLY,0a9546d9-a389-49ab-af48-38274e2db602,55.43412,-116.64176,13.16796,5.74912,-0.32291,-12.85657,-1.26094,-0.36107,1.88298,,,,,,,,,,,,,,,,,,,,,,,,,,,,,,,,,,,,,,,,,,,,,,,,,,,High,High,High,,,,,
293,2026-05-16,14:55:43.41,5,2,"Fortes, Michael",1000115283,Right,DAY_FLY,"Lavey, Robbie",835215,Left,GEO_COL,Undefined,9,Bottom,2,0,1,Slider,Slider,BallCalled,Undefined,Undefined,Undefined,0,0,,78.88335,-1.870262,-1.1847,2479.635011,152.464907,11:00,5.76214,1.00127,5.15196,-40.1201,7.37221,-2.84784,0.65716,-0.35147,70.77997,-9.223363,-1.689791,0.496002,,,,,,,,,,,,0.98693,4.89492,-0.88826,50,5.55718,2.47657,-114.03128,-5.08813,1.26283,26.47814,-25.9107,GEO_COL,DAY_FLY,TuckerFieldatBarcroftPark,D1,A10,20260516-TuckerFieldatBarcroftPark-1,d78510f0-5158-11f1-bfad-198183369b75,75.99256,,,8.10338,,,,,,,c0dadee9-703e-4f0a-a29d-6ad25cc75f47,2026-05-16,18:55:43.41,2026-05-16T14:55:43.4144256-04:00,2026-05-16T18:55:43.4144256Z,,v3,471301,471281,d133f518dc004df295395547d13e9707,"MacDougall, Ryan",836327,Right,DAY_FLY,aa034129-31e5-4e91-a2be-6149b532b2be,55.34145,-115.26489,13.23907,5.76612,-3.88095,-12.95535,-1.00228,2.41773,0.63141,,,,,,,,,,,,,,,,,,,,,,,,,,,,,,,,,,,,,,,,,,,,,,,,,,,High,High,High,,,,,
294,2026-05-16,14:56:03.35,5,3,"Fortes, Michael",1000115283,Right,DAY_FLY,"Lavey, Robbie",835215,Left,GEO_COL,Undefined,9,Bottom,2,1,1,Slider,Slider,InPlay,Undefined,FlyBall,Out,1,0,,79.77669,-0.194708,0.113008,2455.019454,107.11,9:30,5.71695,1.32804,5.25456,-41.71904,4.18882,-7.93355,2.05741,0.77309,71.78011,-7.85485,-1.296268,0.487657,100.55271,31.656652,8.824904,3739.919073,109.39179,67.29068,11.54681,342.64813,339.31283,1.737175,5.788142,4.02233,2.62874,-1.33219,50,5.66854,0.09677,-115.54263,-1.82317,5.31254,26.1402,-28.70208,GEO_COL,DAY_FLY,TuckerFieldatBarcroftPark,D1,A10,20260516-TuckerFieldatBarcroftPark-1,e36c6620-5158-11f1-bfad-198183369b75,77.29285,103.66322,,7.99659,,,,2.49697,2.30678,-0.77682,c0dadee9-703e-4f0a-a29d-6ad25cc75f47,2026-05-16,18:56:03.35,2026-05-16T14:56:03.3549312-04:00,2026-05-16T18:56:03.3549312Z,FlyBall,v3,471301,471281,d133f518dc004df295395547d13e9707,"MacDougall, Ryan",836327,Right,DAY_FLY,c4c12ed6-4ef9-491a-9763-8c263572580c,55.24169,-116.72248,13.0701,5.7216,-0.52769,-14.35104,-1.33115,-0.14301,2.65627,163.415116,2.50201,123.95801,-28.0505,6.35783,-1.18343,0.1754,-0.01997,0.00162,-7E-05,2.30614,77.40137,-15.94622,0.18749,0.3036,-0.14718,0.0355,-0.0042,0.00019,-0.77406,19.20838,-9.53129,2.72049,-0.58126,0.09274,-0.01016,0.00071,-3E-05,,,,,,,,,,,,,,,,,,,,,,,High,High,High,High,Medium,,,